seed,model,feature_condition,rho_test,accuracy,balanced_accuracy,log_loss
0,logistic_regression,all_features,0.9,0.996,0.9960133850652022,0.01588671409351097
0,logistic_regression,all_features,0.6,0.876,0.8761939142604622,0.38426341926410534
0,logistic_regression,all_features,0.3,0.7893333333333333,0.7893268926906736,0.8887877116168335
0,logistic_regression,all_features,0.0,0.667,0.6670376322676073,1.6162442677632487
0,logistic_regression,all_features,-0.3,0.583,0.5829872586440153,2.2395028361378344
0,logistic_regression,all_features,-0.6,0.445,0.4449540183446604,2.8325527830607062
0,logistic_regression,all_features,-0.9,0.23066666666666666,0.23044399718367958,3.4758092373570957
0,rbf_svm,all_features,0.9,0.9953333333333333,0.9953619192671566,0.014654276811240548
0,rbf_svm,all_features,0.6,0.8826666666666667,0.8827816712932419,0.43599297361162015
0,rbf_svm,all_features,0.3,0.796,0.7959841395915068,0.8789313553016203
0,rbf_svm,all_features,0.0,0.6813333333333333,0.6813470673569235,1.4941930378386175
0,rbf_svm,all_features,-0.3,0.5976666666666667,0.5976610625085556,1.8903810898932825
0,rbf_svm,all_features,-0.6,0.4683333333333333,0.46835619415632296,2.539749156891756
0,rbf_svm,all_features,-0.9,0.2663333333333333,0.26627474059270745,3.601100299848081
0,random_forest,all_features,0.9,0.99,0.990025680648353,0.026857166710166594
0,random_forest,all_features,0.6,0.8233333333333334,0.8233611520616861,0.6157174841053248
0,random_forest,all_features,0.3,0.7113333333333334,0.7112298039138993,1.1414396019185826
0,random_forest,all_features,0.0,0.577,0.5769872141313004,1.9646757571268165
0,random_forest,all_features,-0.3,0.466,0.46599905066497893,2.34430237957417
0,random_forest,all_features,-0.6,0.2976666666666667,0.2977353851405317,3.1521566035244613
0,random_forest,all_features,-0.9,0.076,0.0761295507399953,4.3014365364611695
0,gradient_boosting,all_features,0.9,0.991,0.9910184433747262,0.03196541748688267
0,gradient_boosting,all_features,0.6,0.8426666666666667,0.8426656186480916,1.0399558833664353
0,gradient_boosting,all_features,0.3,0.7393333333333333,0.7392068640135758,1.991946316084676
0,gradient_boosting,all_features,0.0,0.6036666666666667,0.6036505148481055,3.1663030656540037
0,gradient_boosting,all_features,-0.3,0.5013333333333333,0.501340446827461,4.022188576014645
0,gradient_boosting,all_features,-0.6,0.339,0.33912220839950236,5.383215834355594
0,gradient_boosting,all_features,-0.9,0.09266666666666666,0.09274121855642242,7.7570878340361835
0,mlp,all_features,0.9,0.9933333333333333,0.9933608297851053,0.11966866147173567
0,mlp,all_features,0.6,0.91,0.9102619275835762,0.24907540455921792
0,mlp,all_features,0.3,0.8386666666666667,0.8386873249628091,0.3712239865642764
0,mlp,all_features,0.0,0.737,0.7370381300489248,0.53176985135298
0,mlp,all_features,-0.3,0.6763333333333333,0.6763323134796684,0.6802906964686766
0,mlp,all_features,-0.6,0.5693333333333334,0.569353830071216,0.8281703560130029
0,mlp,all_features,-0.9,0.42133333333333334,0.421516403644148,0.9839422533442307
0,logistic_regression,stable_only,0.9,0.9173333333333333,0.9173816855843737,0.18753028956752432
0,logistic_regression,stable_only,0.6,0.9086666666666666,0.9086045407420185,0.19968077413282898
0,logistic_regression,stable_only,0.3,0.914,0.9139709291032985,0.1885188952278595
0,logistic_regression,stable_only,0.0,0.9076666666666666,0.9076704545454546,0.20249045957749717
0,logistic_regression,stable_only,-0.3,0.9146666666666666,0.9146700705245698,0.19488625663632703
0,logistic_regression,stable_only,-0.6,0.9053333333333333,0.9053339253546462,0.2036789718906392
0,logistic_regression,stable_only,-0.9,0.9113333333333333,0.9112236770050282,0.20731647037542097
0,rbf_svm,stable_only,0.9,0.9176666666666666,0.9177385465420063,0.19605052659990702
0,rbf_svm,stable_only,0.6,0.9066666666666666,0.9066386167577458,0.209383654726362
0,rbf_svm,stable_only,0.3,0.9133333333333333,0.913289559127402,0.1988900851000642
0,rbf_svm,stable_only,0.0,0.9076666666666666,0.9076722323358744,0.21241270016343514
0,rbf_svm,stable_only,-0.3,0.911,0.9110038417846076,0.20321230329848677
0,rbf_svm,stable_only,-0.6,0.9076666666666666,0.9076613424749957,0.21490986257193315
0,rbf_svm,stable_only,-0.9,0.9133333333333333,0.9132025688256086,0.21713178047682558
0,random_forest,stable_only,0.9,0.9066666666666666,0.9066313882002424,0.21375602857773118
0,random_forest,stable_only,0.6,0.9013333333333333,0.9012227673736642,0.22710818291775348
0,random_forest,stable_only,0.3,0.9063333333333333,0.9062769597831706,0.22679810866371805
0,random_forest,stable_only,0.0,0.899,0.8989859483445215,0.23864263261221436
0,random_forest,stable_only,-0.3,0.91,0.910003395561592,0.2237136964283023
0,random_forest,stable_only,-0.6,0.9046666666666666,0.9046872354071414,0.2300084229459257
0,random_forest,stable_only,-0.9,0.9013333333333333,0.9012438748586507,0.23337874131011335
0,gradient_boosting,stable_only,0.9,0.9083333333333333,0.9082756167246612,0.2164818183868159
0,gradient_boosting,stable_only,0.6,0.9,0.899935269440952,0.2413800366057873
0,gradient_boosting,stable_only,0.3,0.9086666666666666,0.908627530636092,0.23153654560303227
0,gradient_boosting,stable_only,0.0,0.8886666666666667,0.888653430424394,0.2604425079640162
0,gradient_boosting,stable_only,-0.3,0.9046666666666666,0.9046718305276987,0.22880260474716968
0,gradient_boosting,stable_only,-0.6,0.8996666666666666,0.8996650546086327,0.241162424211335
0,gradient_boosting,stable_only,-0.9,0.8936666666666667,0.8935585559957044,0.2555910704033865
0,mlp,stable_only,0.9,0.912,0.9120454469655701,0.2363889163870175
0,mlp,stable_only,0.6,0.906,0.9060179858481927,0.24285934400169285
0,mlp,stable_only,0.3,0.91,0.9099804922842517,0.23776579400775513
0,mlp,stable_only,0.0,0.909,0.909012686312436,0.24692443422337204
0,mlp,stable_only,-0.3,0.9113333333333333,0.9113331757034235,0.2423150531913946
0,mlp,stable_only,-0.6,0.9053333333333333,0.9053339253546462,0.2446539375206011
0,mlp,stable_only,-0.9,0.904,0.9038681734455121,0.24793162239879163
1,logistic_regression,all_features,0.9,0.994,0.9939957838482185,0.022427366171351278
1,logistic_regression,all_features,0.6,0.9003333333333333,0.9003333333333334,0.3181665312861979
1,logistic_regression,all_features,0.3,0.7863333333333333,0.786205419475827,0.8982103238555867
1,logistic_regression,all_features,0.0,0.692,0.6920544758707035,1.452818457576043
1,logistic_regression,all_features,-0.3,0.57,0.5702927748590543,2.1675344957649716
1,logistic_regression,all_features,-0.6,0.483,0.48303702386772746,2.6574348168252495
1,logistic_regression,all_features,-0.9,0.271,0.27128829042322045,3.183907073219612
1,rbf_svm,all_features,0.9,0.9933333333333333,0.9933330933246931,0.023588265867540738
1,rbf_svm,all_features,0.6,0.9006666666666666,0.9006666666666666,0.3641141234165317
1,rbf_svm,all_features,0.3,0.7936666666666666,0.7937360524270833,0.9088134540015999
1,rbf_svm,all_features,0.0,0.7013333333333334,0.7013288185750057,1.3703862489328342
1,rbf_svm,all_features,-0.3,0.5816666666666667,0.5820532519202888,1.9504199974956584
1,rbf_svm,all_features,-0.6,0.49766666666666665,0.4977265656251389,2.377063016746215
1,rbf_svm,all_features,-0.9,0.29933333333333334,0.2997031334823371,3.425298546440667
1,random_forest,all_features,0.9,0.9886666666666667,0.9886582583639678,0.03439443343742011
1,random_forest,all_features,0.6,0.846,0.846,0.5852581008725443
1,random_forest,all_features,0.3,0.6973333333333334,0.6975625747558771,1.4196501916048863
1,random_forest,all_features,0.0,0.561,0.5609776917823811,2.084986535662333
1,random_forest,all_features,-0.3,0.42733333333333334,0.427507845875397,2.7746921208255007
1,random_forest,all_features,-0.6,0.31966666666666665,0.31974976665629584,3.4067247268199226
1,random_forest,all_features,-0.9,0.059,0.059312169570937406,4.75579841635381
1,gradient_boosting,all_features,0.9,0.9883333333333333,0.9883309132462101,0.04816732518905872
1,gradient_boosting,all_features,0.6,0.8683333333333333,0.8683333333333333,0.921038809744756
1,gradient_boosting,all_features,0.3,0.7263333333333334,0.7267107503010252,2.0895885691342873
1,gradient_boosting,all_features,0.0,0.602,0.6020106561575234,3.1667204994543425
1,gradient_boosting,all_features,-0.3,0.4673333333333333,0.4676648567469194,4.348255213469578
1,gradient_boosting,all_features,-0.6,0.363,0.36306280279123515,5.241095586775592
1,gradient_boosting,all_features,-0.9,0.10366666666666667,0.10416315609523381,7.723843945269337
1,mlp,all_features,0.9,0.9936666666666667,0.9936644385864558,0.030265412138860002
1,mlp,all_features,0.6,0.9083333333333333,0.9083333333333333,0.24545932317852093
1,mlp,all_features,0.3,0.8003333333333333,0.8003125679725249,0.6153420040442654
1,mlp,all_features,0.0,0.7106666666666667,0.7105284685863874,0.96115346375908
1,mlp,all_features,-0.3,0.5873333333333334,0.5877397610159025,1.4054879769209256
1,mlp,all_features,-0.6,0.5046666666666667,0.5047290990710698,1.7079601994466314
1,mlp,all_features,-0.9,0.316,0.31627288244183716,2.1106451468766814
1,logistic_regression,stable_only,0.9,0.903,0.9030545099623586,0.20527474448556843
1,logistic_regression,stable_only,0.6,0.913,0.913,0.20199731897818018
1,logistic_regression,stable_only,0.3,0.9053333333333333,0.9052746012167332,0.20424821091819156
1,logistic_regression,stable_only,0.0,0.9083333333333333,0.9083698497609833,0.19507035860680716
1,logistic_regression,stable_only,-0.3,0.908,0.9079461745605576,0.20383829954150737
1,logistic_regression,stable_only,-0.6,0.9146666666666666,0.9146317614116183,0.19395130830080173
1,logistic_regression,stable_only,-0.9,0.9106666666666666,0.9107235193243342,0.2013944975604887
1,rbf_svm,stable_only,0.9,0.903,0.9030505098183534,0.21450497773119032
1,rbf_svm,stable_only,0.6,0.912,0.9119999999999999,0.21237400565184825
1,rbf_svm,stable_only,0.3,0.9063333333333333,0.9063041139140564,0.21265727445360144
1,rbf_svm,stable_only,0.0,0.906,0.9059672348053722,0.20451697223242904
1,rbf_svm,stable_only,-0.3,0.9056666666666666,0.9056540985946113,0.21345479869802642
1,rbf_svm,stable_only,-0.6,0.9133333333333333,0.9133161473843282,0.20286299126636892
1,rbf_svm,stable_only,-0.9,0.9096666666666666,0.9097553796774707,0.2076985718811661
1,random_forest,stable_only,0.9,0.9013333333333333,0.9013817830775241,0.23707105653542807
1,random_forest,stable_only,0.6,0.9063333333333333,0.9063333333333333,0.22497851789482912
1,random_forest,stable_only,0.3,0.902,0.901957653200341,0.23312182342022428
1,random_forest,stable_only,0.0,0.8986666666666666,0.8987309355793307,0.23077608718549467
1,random_forest,stable_only,-0.3,0.895,0.8951400253682193,0.24191757847421888
1,random_forest,stable_only,-0.6,0.9063333333333333,0.9063447264322859,0.2249757101518313
1,random_forest,stable_only,-0.9,0.9036666666666666,0.9037531361722315,0.2297150664525751
1,gradient_boosting,stable_only,0.9,0.8946666666666667,0.8947028759702016,0.25305879344922444
1,gradient_boosting,stable_only,0.6,0.9046666666666666,0.9046666666666667,0.2558080320720533
1,gradient_boosting,stable_only,0.3,0.9,0.8999177546348087,0.2534685236495804
1,gradient_boosting,stable_only,0.0,0.8956666666666667,0.8956738703619395,0.24525282403180892
1,gradient_boosting,stable_only,-0.3,0.8943333333333333,0.894473142631546,0.2623982498411008
1,gradient_boosting,stable_only,-0.6,0.9026666666666666,0.9026801191164052,0.2417884013293965
1,gradient_boosting,stable_only,-0.9,0.901,0.9010983661003957,0.24591250597198275
1,mlp,stable_only,0.9,0.905,0.9050105803808937,0.2068688052349192
1,mlp,stable_only,0.6,0.9143333333333333,0.9143333333333333,0.20394355456628455
1,mlp,stable_only,0.3,0.9083333333333333,0.9084779002833885,0.20643345013659423
1,mlp,stable_only,0.0,0.9073333333333333,0.9072138914181653,0.19675250674419723
1,mlp,stable_only,-0.3,0.9073333333333333,0.9074833579413063,0.2057681171663152
1,mlp,stable_only,-0.6,0.9126666666666666,0.9126850082225877,0.19658945203220324
1,mlp,stable_only,-0.9,0.9113333333333333,0.9114935849355248,0.20224515249032257
2,logistic_regression,all_features,0.9,0.9936666666666667,0.9937121022528503,0.020029928988212476
2,logistic_regression,all_features,0.6,0.8933333333333333,0.8931557463219655,0.3440581385135824
2,logistic_regression,all_features,0.3,0.7916666666666666,0.7916239972691586,0.9324189165829936
2,logistic_regression,all_features,0.0,0.6903333333333334,0.69012228029572,1.5405641560675183
2,logistic_regression,all_features,-0.3,0.6026666666666667,0.6023135646898023,2.109405996289826
2,logistic_regression,all_features,-0.6,0.464,0.4634405426180037,2.7585662946917013
2,logistic_regression,all_features,-0.9,0.2763333333333333,0.2765508154863958,3.2701170984506502
2,rbf_svm,all_features,0.9,0.9943333333333333,0.9943619843005922,0.021609085460221167
2,rbf_svm,all_features,0.6,0.892,0.8918053074293253,0.4473370177103146
2,rbf_svm,all_features,0.3,0.787,0.7869623655913978,0.9986776185728052
2,rbf_svm,all_features,0.0,0.6833333333333333,0.6830841961018406,1.575191135812022
2,rbf_svm,all_features,-0.3,0.5976666666666667,0.5973097309730973,2.080532057603421
2,rbf_svm,all_features,-0.6,0.45566666666666666,0.45509024654102376,2.7446894571036817
2,rbf_svm,all_features,-0.9,0.265,0.26526633828805424,3.882036517431368
2,random_forest,all_features,0.9,0.9906666666666667,0.9906905063434622,0.04943646888651782
2,random_forest,all_features,0.6,0.828,0.8278288205352059,0.6908056377865875
2,random_forest,all_features,0.3,0.6906666666666667,0.6906201996927803,1.3075941800847188
2,random_forest,all_features,0.0,0.5733333333333334,0.5731394935886296,1.9478886791709356
2,random_forest,all_features,-0.3,0.46,0.45974597459745975,2.5495895729269566
2,random_forest,all_features,-0.6,0.2896666666666667,0.2894757444627911,3.447934828739464
2,random_forest,all_features,-0.9,0.057666666666666665,0.05779838454080855,4.776083581310793
2,gradient_boosting,all_features,0.9,0.9926666666666667,0.9926739356847921,0.0348331663244233
2,gradient_boosting,all_features,0.6,0.857,0.8566856726790387,1.0453292622702783
2,gradient_boosting,all_features,0.3,0.7283333333333334,0.7282066052227343,2.1093595048236553
2,gradient_boosting,all_features,0.0,0.6196666666666667,0.6193867450488504,3.1082597044540776
2,gradient_boosting,all_features,-0.3,0.5123333333333333,0.511994532786612,4.0705352288272465
2,gradient_boosting,all_features,-0.6,0.3423333333333333,0.34162016739736945,5.477639141091844
2,gradient_boosting,all_features,-0.9,0.10633333333333334,0.10673468054207808,7.742995897307507
2,mlp,all_features,0.9,0.9923333333333333,0.9923954465583145,0.11877201020073337
2,mlp,all_features,0.6,0.9003333333333333,0.8999921765225443,0.2607261061997999
2,mlp,all_features,0.3,0.807,0.8067823007339137,0.4216003613546341
2,mlp,all_features,0.0,0.716,0.715579970228875,0.584116794427482
2,mlp,all_features,-0.3,0.63,0.6293696036270293,0.7417269100254398
2,mlp,all_features,-0.6,0.51,0.5084232477367192,0.926671255799723
2,mlp,all_features,-0.9,0.348,0.348900423579072,1.0927826741287205
2,logistic_regression,stable_only,0.9,0.902,0.9020518403174909,0.20451071336821458
2,logistic_regression,stable_only,0.6,0.9083333333333333,0.9083228464655885,0.2015543713216266
2,logistic_regression,stable_only,0.3,0.917,0.9169066820276498,0.1857608207559556
2,logistic_regression,stable_only,0.0,0.914,0.9139646489002952,0.1931378335923676
2,logistic_regression,stable_only,-0.3,0.9023333333333333,0.9021935526886022,0.20170244142949753
2,logistic_regression,stable_only,-0.6,0.911,0.9107374167283494,0.19960757641576482
2,logistic_regression,stable_only,-0.9,0.9106666666666666,0.9107621267234431,0.20173906796528301
2,rbf_svm,stable_only,0.9,0.9033333333333333,0.903402279210131,0.21726630632832758
2,rbf_svm,stable_only,0.6,0.9073333333333333,0.9073015714965823,0.21570337927934435
2,rbf_svm,stable_only,0.3,0.917,0.9168800136542072,0.19516351715083324
2,rbf_svm,stable_only,0.0,0.914,0.9139646489002952,0.20451355165215615
2,rbf_svm,stable_only,-0.3,0.9033333333333333,0.9031703170317031,0.21248222846171416
2,rbf_svm,stable_only,-0.6,0.9063333333333333,0.9060275864032341,0.2124957835376575
2,rbf_svm,stable_only,-0.9,0.9096666666666666,0.9097577433534891,0.2134577138979566
2,random_forest,stable_only,0.9,0.8986666666666666,0.8987348636825732,0.23591758177590202
2,random_forest,stable_only,0.6,0.9016666666666666,0.90158754360144,0.23300877864359054
2,random_forest,stable_only,0.3,0.906,0.9058766427718041,0.21397612280872294
2,random_forest,stable_only,0.0,0.9046666666666666,0.9046421709008365,0.22446867274951424
2,random_forest,stable_only,-0.3,0.8973333333333333,0.8972163883054972,0.23189972228140054
2,random_forest,stable_only,-0.6,0.8993333333333333,0.8990900614929113,0.22986745969887973
2,random_forest,stable_only,-0.9,0.9006666666666666,0.9008365342172677,0.22754935592908365
2,gradient_boosting,stable_only,0.9,0.894,0.8940843397540672,0.2619731896735034
2,gradient_boosting,stable_only,0.6,0.8993333333333333,0.8992749503364762,0.2559884909803288
2,gradient_boosting,stable_only,0.3,0.907,0.9069113756613757,0.23639094520109286
2,gradient_boosting,stable_only,0.0,0.8966666666666666,0.8965953442725254,0.24612713828123484
2,gradient_boosting,stable_only,-0.3,0.896,0.8959029236256959,0.2554227570020635
2,gradient_boosting,stable_only,-0.6,0.896,0.8958908643170301,0.25229050194796626
2,gradient_boosting,stable_only,-0.9,0.9006666666666666,0.9008534258163199,0.24673626531163473
2,mlp,stable_only,0.9,0.9036666666666666,0.9035456355441918,0.2084131773753404
2,mlp,stable_only,0.6,0.9073333333333333,0.9074367042889993,0.20592593697116512
2,mlp,stable_only,0.3,0.9183333333333333,0.9183041047960403,0.19073759646717917
2,mlp,stable_only,0.0,0.9126666666666666,0.9127525578587903,0.19755733129370362
2,mlp,stable_only,-0.3,0.905,0.9049804980498051,0.20612281589682577
2,mlp,stable_only,-0.6,0.911,0.9109918578830496,0.20260305664459732
2,mlp,stable_only,-0.9,0.9096666666666666,0.9096226105610723,0.20605842147787826
3,logistic_regression,all_features,0.9,0.9933333333333333,0.9932946857584086,0.01909237355287338
3,logistic_regression,all_features,0.6,0.8933333333333333,0.8933814950671557,0.37794887593326043
3,logistic_regression,all_features,0.3,0.7763333333333333,0.776318129357976,0.9822562497429765
3,logistic_regression,all_features,0.0,0.681,0.6808760964990288,1.5559346809775592
3,logistic_regression,all_features,-0.3,0.5696666666666667,0.5696526478975402,2.2558226875141667
3,logistic_regression,all_features,-0.6,0.45666666666666667,0.45724087233521193,2.8497993007378937
3,logistic_regression,all_features,-0.9,0.26066666666666666,0.2606734491881996,3.380913621630475
3,rbf_svm,all_features,0.9,0.994,0.9939521479543323,0.0194671412685071
3,rbf_svm,all_features,0.6,0.895,0.8950822229600266,0.4823465769242633
3,rbf_svm,all_features,0.3,0.777,0.7771930588923606,1.0685991980369367
3,rbf_svm,all_features,0.0,0.6886666666666666,0.6882972517270083,1.5642041325115357
3,rbf_svm,all_features,-0.3,0.574,0.5738563230242995,2.1741935396307577
3,rbf_svm,all_features,-0.6,0.46,0.46134959448660096,2.83026635946003
3,rbf_svm,all_features,-0.9,0.276,0.2760339004595113,3.905672340783428
3,random_forest,all_features,0.9,0.9903333333333333,0.9902707597355749,0.029427905183081526
3,random_forest,all_features,0.6,0.8286666666666667,0.8287325010367039,0.7812784640802949
3,random_forest,all_features,0.3,0.6896666666666667,0.6895907392621072,1.339479725022858
3,random_forest,all_features,0.0,0.5756666666666667,0.5754805742702457,2.063217126178327
3,random_forest,all_features,-0.3,0.44966666666666666,0.44964212315372526,2.698766276178983
3,random_forest,all_features,-0.6,0.29933333333333334,0.2998611154964954,3.3045524870572907
3,random_forest,all_features,-0.9,0.05466666666666667,0.05467157985403549,4.548445088171117
3,gradient_boosting,all_features,0.9,0.9893333333333333,0.9892658961156386,0.04962732528824422
3,gradient_boosting,all_features,0.6,0.8523333333333334,0.8524260206700774,1.0270925598996608
3,gradient_boosting,all_features,0.3,0.7203333333333334,0.7205324799806521,2.084682133116407
3,gradient_boosting,all_features,0.0,0.6066666666666667,0.6063310591131252,2.9936658171879076
3,gradient_boosting,all_features,-0.3,0.4756666666666667,0.47560019484998683,4.053750050909605
3,gradient_boosting,all_features,-0.6,0.348,0.3488700458189894,5.178249022435415
3,gradient_boosting,all_features,-0.9,0.09533333333333334,0.09535426460189539,7.2947752759950575
3,mlp,all_features,0.9,0.9856666666666667,0.9854724859405777,0.3061512278171001
3,mlp,all_features,0.6,0.8843333333333333,0.8845711778957376,0.40937319146606355
3,mlp,all_features,0.3,0.7703333333333333,0.7711601352228492,0.5123578913044567
3,mlp,all_features,0.0,0.6803333333333333,0.6790139156665078,0.5990900869205924
3,mlp,all_features,-0.3,0.573,0.5726625112892101,0.70172448494475
3,mlp,all_features,-0.6,0.4646666666666667,0.46718736867009303,0.7996944118916187
3,mlp,all_features,-0.9,0.2773333333333333,0.27739256773003007,0.8986159915632612
3,logistic_regression,stable_only,0.9,0.9123333333333333,0.912339485205767,0.19432168342143638
3,logistic_regression,stable_only,0.6,0.9086666666666666,0.9086513781162788,0.21193291612781626
3,logistic_regression,stable_only,0.3,0.9066666666666666,0.9064652313317245,0.20705799975822178
3,logistic_regression,stable_only,0.0,0.9096666666666666,0.9099029958523346,0.20159941189238176
3,logistic_regression,stable_only,-0.3,0.9046666666666666,0.9046248426621912,0.21643310365839558
3,logistic_regression,stable_only,-0.6,0.914,0.9139805508329291,0.1879967704224106
3,logistic_regression,stable_only,-0.9,0.9156666666666666,0.9156632958503537,0.19462325174338055
3,rbf_svm,stable_only,0.9,0.913,0.9130342880537918,0.20324188240364324
3,rbf_svm,stable_only,0.6,0.908,0.9079806873047429,0.2232593529257296
3,rbf_svm,stable_only,0.3,0.9036666666666666,0.9033891960428999,0.2167739452269928
3,rbf_svm,stable_only,0.0,0.9106666666666666,0.9109532516131786,0.21311440463562886
3,rbf_svm,stable_only,-0.3,0.903,0.9029634620718101,0.23092036571509558
3,rbf_svm,stable_only,-0.6,0.914,0.9139147330086617,0.19683322694686517
3,rbf_svm,stable_only,-0.9,0.9133333333333333,0.9133266281451681,0.2042754559835408
3,random_forest,stable_only,0.9,0.9033333333333333,0.9033517236044931,0.22417839193819433
3,random_forest,stable_only,0.6,0.9023333333333333,0.9023318172787553,0.2385684462849382
3,random_forest,stable_only,0.3,0.9006666666666666,0.9005096642368997,0.23393423787040366
3,random_forest,stable_only,0.0,0.9076666666666666,0.9078451704242286,0.23345534680904476
3,random_forest,stable_only,-0.3,0.8956666666666667,0.8956263644832564,0.24628707530442326
3,random_forest,stable_only,-0.6,0.9086666666666666,0.908627516030865,0.2209123901016688
3,random_forest,stable_only,-0.9,0.9036666666666666,0.9036601794045241,0.22364888323538132
3,gradient_boosting,stable_only,0.9,0.8983333333333333,0.898318070341787,0.2466320657228729
3,gradient_boosting,stable_only,0.6,0.8963333333333333,0.8963396015589895,0.2633215895487239
3,gradient_boosting,stable_only,0.3,0.8963333333333333,0.8961808081005671,0.2702550743395304
3,gradient_boosting,stable_only,0.0,0.9043333333333333,0.9043538036866556,0.2564415983628205
3,gradient_boosting,stable_only,-0.3,0.8956666666666667,0.8956050305430909,0.27568917857122893
3,gradient_boosting,stable_only,-0.6,0.9023333333333333,0.9023150085540936,0.24562665905229433
3,gradient_boosting,stable_only,-0.9,0.9016666666666666,0.9016619562942028,0.2533988290720292
3,mlp,stable_only,0.9,0.913,0.9130436232168171,0.19544691232427075
3,mlp,stable_only,0.6,0.907,0.9069666507994287,0.21375614351008104
3,mlp,stable_only,0.3,0.9063333333333333,0.9060682231639372,0.21060829752246416
3,mlp,stable_only,0.0,0.911,0.9113365371618016,0.20471478045510633
3,mlp,stable_only,-0.3,0.9023333333333333,0.9023003320983352,0.22030359871227007
3,mlp,stable_only,-0.6,0.917,0.916875423313118,0.18875398560971332
3,mlp,stable_only,-0.9,0.9126666666666666,0.912658627848279,0.19703981714067617
4,logistic_regression,all_features,0.9,0.994,0.9940088136277374,0.019118737560330126
4,logistic_regression,all_features,0.6,0.8906666666666667,0.89053552905775,0.3445989230282372
4,logistic_regression,all_features,0.3,0.7826666666666666,0.7825473534855686,0.9024330038672721
4,logistic_regression,all_features,0.0,0.685,0.6848492378874855,1.6533796638078262
4,logistic_regression,all_features,-0.3,0.571,0.5709337600426709,2.2690132513636687
4,logistic_regression,all_features,-0.6,0.444,0.44444577932089496,2.9473029919870344
4,logistic_regression,all_features,-0.9,0.251,0.2509017568423509,3.319713917235466
4,rbf_svm,all_features,0.9,0.9933333333333333,0.9933522148096152,0.01868166659796484
4,rbf_svm,all_features,0.6,0.8903333333333333,0.8901827305228309,0.4322971627972811
4,rbf_svm,all_features,0.3,0.79,0.7900017602534765,0.9857883894928631
4,rbf_svm,all_features,0.0,0.6913333333333334,0.6910460281550641,1.6046844940952858
4,rbf_svm,all_features,-0.3,0.5753333333333334,0.5753975397539755,2.1436412891280767
4,rbf_svm,all_features,-0.6,0.452,0.4527954315188357,2.9685707449509877
4,rbf_svm,all_features,-0.9,0.27,0.26964029736306966,3.8980731307645087
4,random_forest,all_features,0.9,0.991,0.9910029958154607,0.029473148360034562
4,random_forest,all_features,0.6,0.8246666666666667,0.8245495316249318,0.6617708403323246
4,random_forest,all_features,0.3,0.683,0.6828223264150037,1.2987970060826826
4,random_forest,all_features,0.0,0.573,0.5729660440165709,2.067756425998469
4,random_forest,all_features,-0.3,0.42866666666666664,0.42854285428542854,2.5433803217921493
4,random_forest,all_features,-0.6,0.279,0.2788576928262405,3.3147130311512605
4,random_forest,all_features,-0.9,0.05333333333333334,0.05330533053305331,4.605930003508363
4,gradient_boosting,all_features,0.9,0.9906666666666667,0.990684921032545,0.03749823479583471
4,gradient_boosting,all_features,0.6,0.86,0.8598831830030691,0.9281097858735552
4,gradient_boosting,all_features,0.3,0.7246666666666667,0.7245550025870392,2.0029075460285886
4,gradient_boosting,all_features,0.0,0.6116666666666667,0.6115600067749262,2.9772042488604784
4,gradient_boosting,all_features,-0.3,0.477,0.4769376937693769,4.0737995950950365
4,gradient_boosting,all_features,-0.6,0.3333333333333333,0.3335602623299201,5.235820553650116
4,gradient_boosting,all_features,-0.9,0.10366666666666667,0.10360702736940361,7.342446421925379
4,mlp,all_features,0.9,0.992,0.9920390171733711,0.03665346792826389
4,mlp,all_features,0.6,0.9126666666666666,0.9125566489518971,0.22178914968707772
4,mlp,all_features,0.3,0.812,0.8119249171880751,0.5016757160956332
4,mlp,all_features,0.0,0.7253333333333334,0.725084697691146,0.8476547184728365
4,mlp,all_features,-0.3,0.6323333333333333,0.6322598926559322,1.12371490705019
4,mlp,all_features,-0.6,0.512,0.5121613919023724,1.4658864448334734
4,mlp,all_features,-0.9,0.36766666666666664,0.3675267526752675,1.6897105972095614
4,logistic_regression,stable_only,0.9,0.9013333333333333,0.9015964197804729,0.21522403551237024
4,logistic_regression,stable_only,0.6,0.9186666666666666,0.9184815302075131,0.18483148242400937
4,logistic_regression,stable_only,0.3,0.916,0.9159318941927638,0.19620143728925687
4,logistic_regression,stable_only,0.0,0.9046666666666666,0.9045420012082841,0.212461903080082
4,logistic_regression,stable_only,-0.3,0.9126666666666666,0.9126712671267126,0.19402913383459908
4,logistic_regression,stable_only,-0.6,0.9106666666666666,0.9106313565147978,0.2061816356872767
4,logistic_regression,stable_only,-0.9,0.9163333333333333,0.9162549588292163,0.18868004666887525
4,rbf_svm,stable_only,0.9,0.898,0.8982111794284078,0.22826069824431156
4,rbf_svm,stable_only,0.6,0.918,0.9178275079707571,0.1925562025086929
4,rbf_svm,stable_only,0.3,0.915,0.91491174729161,0.20689494426333196
4,rbf_svm,stable_only,0.0,0.905,0.904911199121927,0.22296022570638846
4,rbf_svm,stable_only,-0.3,0.9093333333333333,0.9092975964263093,0.20689859994623308
4,rbf_svm,stable_only,-0.6,0.913,0.9128425793550679,0.21601479446782934
4,rbf_svm,stable_only,-0.9,0.9166666666666666,0.9165983264993166,0.20011777150769058
4,random_forest,stable_only,0.9,0.8886666666666667,0.8888961004609528,0.24291761003120924
4,random_forest,stable_only,0.6,0.9086666666666666,0.908439109907303,0.22029163869011617
4,random_forest,stable_only,0.3,0.9063333333333333,0.9063398462711965,0.21992120549667132
4,random_forest,stable_only,0.0,0.8996666666666666,0.8994948145586229,0.23659836252313265
4,random_forest,stable_only,-0.3,0.905,0.905040504050405,0.22854289153013102
4,random_forest,stable_only,-0.6,0.902,0.9021362027837514,0.23502241755970787
4,random_forest,stable_only,-0.9,0.9066666666666666,0.9066106610661067,0.22265900344754078
4,gradient_boosting,stable_only,0.9,0.8883333333333333,0.8885780256780371,0.2585324745392945
4,gradient_boosting,stable_only,0.6,0.906,0.9057456587106558,0.22912574166415237
4,gradient_boosting,stable_only,0.3,0.908,0.9080267558528428,0.23256061910553277
4,gradient_boosting,stable_only,0.0,0.8943333333333333,0.894221574761355,0.2484938281027759
4,gradient_boosting,stable_only,-0.3,0.904,0.904003733706704,0.23827743214929858
4,gradient_boosting,stable_only,-0.6,0.898,0.8980861876329036,0.2402313060676348
4,gradient_boosting,stable_only,-0.9,0.9026666666666666,0.9025902590259025,0.22794131499442843
4,mlp,stable_only,0.9,0.899,0.8992983239170453,0.23181103119672442
4,mlp,stable_only,0.6,0.9183333333333333,0.9180900505477825,0.20827166631359606
4,mlp,stable_only,0.3,0.9183333333333333,0.9183175710635665,0.21574451097528652
4,mlp,stable_only,0.0,0.904,0.9038036053809985,0.23065407077443167
4,mlp,stable_only,-0.3,0.9143333333333333,0.9143614361436143,0.21636706041308743
4,mlp,stable_only,-0.6,0.9086666666666666,0.908742506337326,0.22886637740992732
4,mlp,stable_only,-0.9,0.9163333333333333,0.9162416241624163,0.2142698734227746
