rho_train,replicate,model,d2_original_accuracy,d2_conditional_permuted_accuracy,d2_conditional_permutation_drop,d4_n_consistent,d4_n_contradictory,d4_accuracy_consistent,d4_accuracy_contradictory,d4_accuracy_gap,d6_measure,d6_value,d6_split_count,d6_note
0.0,0,logistic_regression,0.91,0.91,0.0,995,1005,0.9165829145728643,0.9034825870646767,0.013100327508187681,normalized_absolute_standardized_coefficient,0.0012370643074391518,,Within-model normalized coefficient; not cross-family comparable.
0.0,0,rbf_svm,0.9075,0.9055,0.0020000000000000018,995,1005,0.9115577889447236,0.9034825870646767,0.008075201880046956,not_applicable,,,RBF kernel has no meaningful input-space feature weight.
0.0,0,random_forest,0.9045,0.9035,0.0010000000000000009,995,1005,0.9115577889447236,0.8975124378109453,0.014045351133778361,impurity_importance_fraction,0.04266690266992897,13543.0,Native impurity importance and split count; audit only.
0.0,0,gradient_boosting,0.8965,0.902,-0.00550000000000006,995,1005,0.9095477386934674,0.8835820895522388,0.025965649141228564,private_histgb_gain_fraction,0.03625030108789324,868.0,Audit based on sklearn private tree nodes; version-sensitive.
0.0,0,mlp,0.905,0.9045,0.000500000000000056,995,1005,0.9125628140703518,0.8975124378109453,0.015050376259406528,normalized_first_layer_absolute_weight,0.17715563491311256,,First-layer weight audit; not a causal or cross-family importance.
0.0,1,logistic_regression,0.9175,0.9185,-0.0010000000000000009,998,1002,0.9248496993987976,0.9101796407185628,0.014670058680234743,normalized_absolute_standardized_coefficient,0.004780806629498902,,Within-model normalized coefficient; not cross-family comparable.
0.0,1,rbf_svm,0.9175,0.9195,-0.0020000000000000018,998,1002,0.9228456913827655,0.9121756487025948,0.010670042680170688,not_applicable,,,RBF kernel has no meaningful input-space feature weight.
0.0,1,random_forest,0.908,0.9075,0.000500000000000056,998,1002,0.9148296593186372,0.9011976047904192,0.01363205452821803,impurity_importance_fraction,0.046309626329628276,14114.0,Native impurity importance and split count; audit only.
0.0,1,gradient_boosting,0.9065,0.906,0.0004999999999999449,998,1002,0.9118236472945892,0.9011976047904192,0.010626042504169986,private_histgb_gain_fraction,0.041264805755246284,965.0,Audit based on sklearn private tree nodes; version-sensitive.
0.0,1,mlp,0.9145,0.9155,-0.0010000000000000009,998,1002,0.9228456913827655,0.906187624750499,0.016658066632266544,normalized_first_layer_absolute_weight,0.17559232697754745,,First-layer weight audit; not a causal or cross-family importance.
0.0,2,logistic_regression,0.9025,0.902,0.0004999999999999449,986,1014,0.8985801217038539,0.9063116370808678,-0.007731515377013887,normalized_absolute_standardized_coefficient,0.003657592574910183,,Within-model normalized coefficient; not cross-family comparable.
0.0,2,rbf_svm,0.8975,0.8985,-0.0010000000000000009,986,1014,0.8985801217038539,0.8964497041420119,0.0021304175618420684,not_applicable,,,RBF kernel has no meaningful input-space feature weight.
0.0,2,random_forest,0.8965,0.8935,0.0030000000000000027,986,1014,0.8955375253549696,0.8974358974358975,-0.0018983720809279125,impurity_importance_fraction,0.04691661339724139,14393.0,Native impurity importance and split count; audit only.
0.0,2,gradient_boosting,0.9035,0.901,0.0024999999999999467,986,1014,0.9036511156186613,0.903353057199211,0.00029805841945029776,private_histgb_gain_fraction,0.03862780133775626,910.0,Audit based on sklearn private tree nodes; version-sensitive.
0.0,2,mlp,0.9025,0.9,0.0024999999999999467,986,1014,0.8995943204868154,0.9053254437869822,-0.005731123300166785,normalized_first_layer_absolute_weight,0.17255984962134913,,First-layer weight audit; not a causal or cross-family importance.
0.0,3,logistic_regression,0.9075,0.908,-0.000500000000000056,1019,981,0.9126594700686947,0.9021406727828746,0.01051879728582017,normalized_absolute_standardized_coefficient,0.0021003024766673905,,Within-model normalized coefficient; not cross-family comparable.
0.0,3,rbf_svm,0.903,0.9075,-0.0044999999999999485,1019,981,0.9116781157998037,0.8939857288481141,0.01769238695168962,not_applicable,,,RBF kernel has no meaningful input-space feature weight.
0.0,3,random_forest,0.8945,0.903,-0.008500000000000063,1019,981,0.8999018645731109,0.8888888888888888,0.011012975684222104,impurity_importance_fraction,0.04519306726358058,13713.0,Native impurity importance and split count; audit only.
0.0,3,gradient_boosting,0.8925,0.8945,-0.0020000000000000018,1019,981,0.8940137389597644,0.890927624872579,0.0030861140871853987,private_histgb_gain_fraction,0.04066270517602762,943.0,Audit based on sklearn private tree nodes; version-sensitive.
0.0,3,mlp,0.9065,0.905,0.0014999999999999458,1019,981,0.9136408243375859,0.8990825688073395,0.014558255530246367,normalized_first_layer_absolute_weight,0.16978249798329464,,First-layer weight audit; not a causal or cross-family importance.
0.0,4,logistic_regression,0.9225,0.921,0.0014999999999999458,999,1001,0.92992992992993,0.9150849150849151,0.014845014845014881,normalized_absolute_standardized_coefficient,0.00665519774928951,,Within-model normalized coefficient; not cross-family comparable.
0.0,4,rbf_svm,0.9165,0.913,0.0034999999999999476,999,1001,0.918918918918919,0.9140859140859141,0.004833004833004861,not_applicable,,,RBF kernel has no meaningful input-space feature weight.
0.0,4,random_forest,0.9125,0.9135,-0.0010000000000000009,999,1001,0.9169169169169169,0.9080919080919081,0.008825008825008807,impurity_importance_fraction,0.044791151596305846,13834.0,Native impurity importance and split count; audit only.
0.0,4,gradient_boosting,0.9115,0.9095,0.0020000000000000018,999,1001,0.9159159159159159,0.9070929070929071,0.008823008823008793,private_histgb_gain_fraction,0.04012259055020078,934.0,Audit based on sklearn private tree nodes; version-sensitive.
0.0,4,mlp,0.9205,0.921,-0.000500000000000056,999,1001,0.9309309309309309,0.9100899100899101,0.020841020841020796,normalized_first_layer_absolute_weight,0.1789535224748191,,First-layer weight audit; not a causal or cross-family importance.
0.0,5,logistic_regression,0.91,0.909,0.0010000000000000009,954,1046,0.909853249475891,0.9101338432122371,-0.00028059373634614637,normalized_absolute_standardized_coefficient,0.008495809683317028,,Within-model normalized coefficient; not cross-family comparable.
0.0,5,rbf_svm,0.9065,0.9085,-0.0020000000000000018,954,1046,0.9046121593291404,0.9082217973231358,-0.003609637993995385,not_applicable,,,RBF kernel has no meaningful input-space feature weight.
0.0,5,random_forest,0.9005,0.899,0.0014999999999999458,954,1046,0.9025157232704403,0.8986615678776291,0.0038541553928111982,impurity_importance_fraction,0.04509639681791953,14017.0,Native impurity importance and split count; audit only.
0.0,5,gradient_boosting,0.8985,0.9,-0.0015000000000000568,954,1046,0.9014675052410901,0.8957934990439771,0.005674006197113002,private_histgb_gain_fraction,0.0376749134725471,860.0,Audit based on sklearn private tree nodes; version-sensitive.
0.0,5,mlp,0.911,0.91,0.0010000000000000009,954,1046,0.9056603773584906,0.9158699808795411,-0.010209603521050492,normalized_first_layer_absolute_weight,0.18035567656191437,,First-layer weight audit; not a causal or cross-family importance.
0.0,6,logistic_regression,0.909,0.9095,-0.0004999999999999449,1007,993,0.9106256206554121,0.9073514602215509,0.003274160433861195,normalized_absolute_standardized_coefficient,0.004746509923936708,,Within-model normalized coefficient; not cross-family comparable.
0.0,6,rbf_svm,0.9035,0.9105,-0.007000000000000006,1007,993,0.9016881827209533,0.905337361530715,-0.0036491788097616773,not_applicable,,,RBF kernel has no meaningful input-space feature weight.
0.0,6,random_forest,0.911,0.9045,0.006500000000000061,1007,993,0.9116186693147964,0.9103726082578046,0.0012460610569917652,impurity_importance_fraction,0.04352876167379424,13937.0,Native impurity importance and split count; audit only.
0.0,6,gradient_boosting,0.9025,0.899,0.0034999999999999476,1007,993,0.9076464746772592,0.8972809667673716,0.010365507909887661,private_histgb_gain_fraction,0.03406450952880381,851.0,Audit based on sklearn private tree nodes; version-sensitive.
0.0,6,mlp,0.9045,0.9065,-0.0020000000000000018,1007,993,0.9106256206554121,0.8982880161127895,0.01233760454262256,normalized_first_layer_absolute_weight,0.17588968378591513,,First-layer weight audit; not a causal or cross-family importance.
0.0,7,logistic_regression,0.9085,0.9085,0.0,982,1018,0.9073319755600815,0.9096267190569745,-0.002294743496892959,normalized_absolute_standardized_coefficient,0.0005960031868065066,,Within-model normalized coefficient; not cross-family comparable.
0.0,7,rbf_svm,0.9075,0.905,0.0024999999999999467,982,1018,0.905295315682281,0.9096267190569745,-0.004331403374693399,not_applicable,,,RBF kernel has no meaningful input-space feature weight.
0.0,7,random_forest,0.9065,0.9015,0.0050000000000000044,982,1018,0.9022403258655805,0.9106090373280943,-0.008368711462513834,impurity_importance_fraction,0.04288503113067565,13432.0,Native impurity importance and split count; audit only.
0.0,7,gradient_boosting,0.8985,0.897,0.0014999999999999458,982,1018,0.8971486761710794,0.899803536345776,-0.002654860174696627,private_histgb_gain_fraction,0.038919698854202746,973.0,Audit based on sklearn private tree nodes; version-sensitive.
0.0,7,mlp,0.911,0.909,0.0020000000000000018,982,1018,0.9073319755600815,0.9145383104125737,-0.007206334852492224,normalized_first_layer_absolute_weight,0.19477762744059898,,First-layer weight audit; not a causal or cross-family importance.
0.0,8,logistic_regression,0.911,0.909,0.0020000000000000018,939,1061,0.9211927582534611,0.9019792648444863,0.019213493408974824,normalized_absolute_standardized_coefficient,0.005901976655017428,,Within-model normalized coefficient; not cross-family comparable.
0.0,8,rbf_svm,0.904,0.905,-0.0010000000000000009,939,1061,0.9169329073482428,0.8925541941564562,0.02437871319178664,not_applicable,,,RBF kernel has no meaningful input-space feature weight.
0.0,8,random_forest,0.902,0.9075,-0.005499999999999949,939,1061,0.9137380191693291,0.8916116870876531,0.022126332081675915,impurity_importance_fraction,0.04295394363293536,13599.0,Native impurity importance and split count; audit only.
0.0,8,gradient_boosting,0.8955,0.903,-0.007500000000000062,939,1061,0.9116080937167199,0.88124410933082,0.030363984385899934,private_histgb_gain_fraction,0.039677453310499364,961.0,Audit based on sklearn private tree nodes; version-sensitive.
0.0,8,mlp,0.9055,0.9075,-0.0020000000000000018,939,1061,0.9148029818956337,0.8972667295004713,0.017536252395162433,normalized_first_layer_absolute_weight,0.18840665794637274,,First-layer weight audit; not a causal or cross-family importance.
0.0,9,logistic_regression,0.918,0.917,0.0010000000000000009,985,1015,0.917766497461929,0.9182266009852217,-0.00046010352329273196,normalized_absolute_standardized_coefficient,0.007887265689046307,,Within-model normalized coefficient; not cross-family comparable.
0.0,9,rbf_svm,0.9075,0.914,-0.006500000000000061,985,1015,0.8984771573604061,0.916256157635468,-0.01777900027506185,not_applicable,,,RBF kernel has no meaningful input-space feature weight.
0.0,9,random_forest,0.9095,0.908,0.0014999999999999458,985,1015,0.9096446700507614,0.90935960591133,0.0002850641394314124,impurity_importance_fraction,0.04582418116080663,14279.0,Native impurity importance and split count; audit only.
0.0,9,gradient_boosting,0.904,0.901,0.0030000000000000027,985,1015,0.899492385786802,0.9083743842364532,-0.008881998449651207,private_histgb_gain_fraction,0.03963776705532507,926.0,Audit based on sklearn private tree nodes; version-sensitive.
0.0,9,mlp,0.9165,0.91,0.00649999999999995,985,1015,0.9147208121827411,0.9182266009852217,-0.003505788802480536,normalized_first_layer_absolute_weight,0.1890958479708274,,First-layer weight audit; not a causal or cross-family importance.
0.5,0,logistic_regression,0.927,0.8935,0.033500000000000085,1444,556,0.9605263157894737,0.8399280575539568,0.12059825823551684,normalized_absolute_standardized_coefficient,0.11144844091861678,,Within-model normalized coefficient; not cross-family comparable.
0.5,0,rbf_svm,0.925,0.8815,0.043500000000000094,1444,556,0.9570637119113573,0.841726618705036,0.11533709320632135,not_applicable,,,RBF kernel has no meaningful input-space feature weight.
0.5,0,random_forest,0.9205,0.881,0.03949999999999998,1444,556,0.9584487534626038,0.8219424460431655,0.13650630741943837,impurity_importance_fraction,0.1995413073165059,14288.0,Native impurity importance and split count; audit only.
0.5,0,gradient_boosting,0.9225,0.886,0.03649999999999998,1444,556,0.9529085872576177,0.8435251798561151,0.10938340740150265,private_histgb_gain_fraction,0.15047978258356864,1051.0,Audit based on sklearn private tree nodes; version-sensitive.
0.5,0,mlp,0.927,0.887,0.040000000000000036,1444,556,0.9605263157894737,0.8399280575539568,0.12059825823551684,normalized_first_layer_absolute_weight,0.19154484385333873,,First-layer weight audit; not a causal or cross-family importance.
0.5,1,logistic_regression,0.929,0.904,0.025000000000000022,1446,554,0.9585062240663901,0.851985559566787,0.10652066449960307,normalized_absolute_standardized_coefficient,0.10736772768156577,,Within-model normalized coefficient; not cross-family comparable.
0.5,1,rbf_svm,0.9285,0.904,0.024499999999999966,1446,554,0.9598893499308437,0.8465703971119134,0.11331895281893034,not_applicable,,,RBF kernel has no meaningful input-space feature weight.
0.5,1,random_forest,0.918,0.8805,0.03750000000000009,1446,554,0.9529737206085753,0.8267148014440433,0.12625891916453202,impurity_importance_fraction,0.2005513087269224,14625.0,Native impurity importance and split count; audit only.
0.5,1,gradient_boosting,0.9115,0.8905,0.02100000000000002,1446,554,0.9446749654218534,0.8249097472924187,0.11976521812943464,private_histgb_gain_fraction,0.1542192872690961,1101.0,Audit based on sklearn private tree nodes; version-sensitive.
0.5,1,mlp,0.921,0.874,0.04700000000000004,1446,554,0.9688796680497925,0.796028880866426,0.17285078718336655,normalized_first_layer_absolute_weight,0.18468097007697856,,First-layer weight audit; not a causal or cross-family importance.
0.5,2,logistic_regression,0.9245,0.875,0.04949999999999999,1438,562,0.9638386648122392,0.8238434163701067,0.1399952484421325,normalized_absolute_standardized_coefficient,0.12163193026204867,,Within-model normalized coefficient; not cross-family comparable.
0.5,2,rbf_svm,0.923,0.8745,0.04849999999999999,1438,562,0.9652294853963839,0.8149466192170819,0.15028286617930198,not_applicable,,,RBF kernel has no meaningful input-space feature weight.
0.5,2,random_forest,0.9125,0.86,0.05249999999999999,1438,562,0.9554937413073713,0.802491103202847,0.1530026381045243,impurity_importance_fraction,0.2218943514878896,14365.0,Native impurity importance and split count; audit only.
0.5,2,gradient_boosting,0.9185,0.874,0.044499999999999984,1438,562,0.9513212795549374,0.8345195729537367,0.1168017066012007,private_histgb_gain_fraction,0.20080730514838838,1026.0,Audit based on sklearn private tree nodes; version-sensitive.
0.5,2,mlp,0.9115,0.8475,0.06399999999999995,1438,562,0.9763560500695411,0.7455516014234875,0.23080444864605354,normalized_first_layer_absolute_weight,0.19093491878708704,,First-layer weight audit; not a causal or cross-family importance.
0.5,3,logistic_regression,0.9295,0.8925,0.03700000000000003,1476,524,0.9579945799457995,0.8492366412213741,0.10875793872442541,normalized_absolute_standardized_coefficient,0.10918237608675148,,Within-model normalized coefficient; not cross-family comparable.
0.5,3,rbf_svm,0.9255,0.8785,0.04700000000000004,1476,524,0.9600271002710027,0.8282442748091603,0.1317828254618424,not_applicable,,,RBF kernel has no meaningful input-space feature weight.
0.5,3,random_forest,0.9155,0.876,0.03949999999999998,1476,524,0.9539295392953929,0.8072519083969466,0.14667763089844632,impurity_importance_fraction,0.2146097815676205,14167.0,Native impurity importance and split count; audit only.
0.5,3,gradient_boosting,0.9175,0.869,0.04849999999999999,1476,524,0.9478319783197832,0.8320610687022901,0.11577090961749303,private_histgb_gain_fraction,0.1811485313341321,1035.0,Audit based on sklearn private tree nodes; version-sensitive.
0.5,3,mlp,0.926,0.8885,0.03750000000000009,1476,524,0.9586720867208672,0.833969465648855,0.12470262107201224,normalized_first_layer_absolute_weight,0.1852737241994028,,First-layer weight audit; not a causal or cross-family importance.
0.5,4,logistic_regression,0.934,0.893,0.041000000000000036,1410,590,0.9638297872340426,0.8627118644067797,0.10111792282726284,normalized_absolute_standardized_coefficient,0.11386780442197451,,Within-model normalized coefficient; not cross-family comparable.
0.5,4,rbf_svm,0.93,0.889,0.041000000000000036,1410,590,0.9695035460992908,0.8355932203389831,0.1339103257603077,not_applicable,,,RBF kernel has no meaningful input-space feature weight.
0.5,4,random_forest,0.928,0.891,0.03700000000000003,1410,590,0.9687943262411347,0.8305084745762712,0.1382858516648635,impurity_importance_fraction,0.23046903870709162,14215.0,Native impurity importance and split count; audit only.
0.5,4,gradient_boosting,0.924,0.891,0.03300000000000003,1410,590,0.9609929078014184,0.8355932203389831,0.12539968746243535,private_histgb_gain_fraction,0.2436810237219345,963.0,Audit based on sklearn private tree nodes; version-sensitive.
0.5,4,mlp,0.931,0.8795,0.0515000000000001,1410,590,0.9723404255319149,0.8322033898305085,0.14013703570140645,normalized_first_layer_absolute_weight,0.1911889194940125,,First-layer weight audit; not a causal or cross-family importance.
0.5,5,logistic_regression,0.925,0.8975,0.02750000000000008,1435,565,0.9547038327526133,0.8495575221238938,0.10514631062871949,normalized_absolute_standardized_coefficient,0.10516118848005067,,Within-model normalized coefficient; not cross-family comparable.
0.5,5,rbf_svm,0.9205,0.888,0.03249999999999997,1435,565,0.954006968641115,0.8353982300884956,0.11860873855261944,not_applicable,,,RBF kernel has no meaningful input-space feature weight.
0.5,5,random_forest,0.909,0.88,0.029000000000000026,1435,565,0.9484320557491289,0.8088495575221238,0.13958249822700508,impurity_importance_fraction,0.202305128725526,14689.0,Native impurity importance and split count; audit only.
0.5,5,gradient_boosting,0.906,0.8725,0.033499999999999974,1435,565,0.9386759581881533,0.8230088495575221,0.11566710863063123,private_histgb_gain_fraction,0.1523453163076958,983.0,Audit based on sklearn private tree nodes; version-sensitive.
0.5,5,mlp,0.925,0.902,0.02300000000000002,1435,565,0.9547038327526133,0.8495575221238938,0.10514631062871949,normalized_first_layer_absolute_weight,0.191528734513908,,First-layer weight audit; not a causal or cross-family importance.
0.5,6,logistic_regression,0.9305,0.8975,0.03300000000000003,1442,558,0.9667128987517337,0.8369175627240143,0.12979533602771942,normalized_absolute_standardized_coefficient,0.11645044513757544,,Within-model normalized coefficient; not cross-family comparable.
0.5,6,rbf_svm,0.928,0.893,0.03500000000000003,1442,558,0.9667128987517337,0.8279569892473119,0.13875590950442185,not_applicable,,,RBF kernel has no meaningful input-space feature weight.
0.5,6,random_forest,0.923,0.8825,0.04050000000000009,1442,558,0.9639389736477115,0.8172043010752689,0.14673467257244266,impurity_importance_fraction,0.20452561556895082,14438.0,Native impurity importance and split count; audit only.
0.5,6,gradient_boosting,0.9185,0.879,0.03949999999999998,1442,558,0.955617198335645,0.8225806451612904,0.1330365531743546,private_histgb_gain_fraction,0.16829306952019654,973.0,Audit based on sklearn private tree nodes; version-sensitive.
0.5,6,mlp,0.9275,0.8935,0.03400000000000003,1442,558,0.9625520110957004,0.8369175627240143,0.12563444837168614,normalized_first_layer_absolute_weight,0.18061474363280225,,First-layer weight audit; not a causal or cross-family importance.
0.5,7,logistic_regression,0.9305,0.8925,0.038000000000000034,1399,601,0.9635453895639743,0.8535773710482529,0.10996801851572136,normalized_absolute_standardized_coefficient,0.10685788604591705,,Within-model normalized coefficient; not cross-family comparable.
0.5,7,rbf_svm,0.9295,0.895,0.034499999999999975,1399,601,0.9678341672623302,0.8402662229617305,0.1275679443005997,not_applicable,,,RBF kernel has no meaningful input-space feature weight.
0.5,7,random_forest,0.9195,0.8885,0.031000000000000028,1399,601,0.9592566118656183,0.826955074875208,0.13230153699041025,impurity_importance_fraction,0.18208106348918515,13977.0,Native impurity importance and split count; audit only.
0.5,7,gradient_boosting,0.9205,0.885,0.035499999999999976,1399,601,0.956397426733381,0.8369384359400999,0.11945899079328115,private_histgb_gain_fraction,0.13421248237970734,1016.0,Audit based on sklearn private tree nodes; version-sensitive.
0.5,7,mlp,0.931,0.8925,0.03850000000000009,1399,601,0.9692637598284489,0.8419301164725458,0.12733364335590314,normalized_first_layer_absolute_weight,0.20272062294128407,,First-layer weight audit; not a causal or cross-family importance.
0.5,8,logistic_regression,0.9205,0.8905,0.030000000000000027,1390,610,0.9589928057553957,0.8327868852459016,0.12620592050949409,normalized_absolute_standardized_coefficient,0.10641793370348702,,Within-model normalized coefficient; not cross-family comparable.
0.5,8,rbf_svm,0.914,0.89,0.02400000000000002,1390,610,0.9589928057553957,0.8114754098360656,0.1475173959193301,not_applicable,,,RBF kernel has no meaningful input-space feature weight.
0.5,8,random_forest,0.905,0.889,0.016000000000000014,1390,610,0.9496402877697842,0.8032786885245902,0.14636159924519399,impurity_importance_fraction,0.17819847832567443,14466.0,Native impurity importance and split count; audit only.
0.5,8,gradient_boosting,0.901,0.881,0.020000000000000018,1390,610,0.939568345323741,0.8131147540983606,0.12645359122538036,private_histgb_gain_fraction,0.12295546101547654,1009.0,Audit based on sklearn private tree nodes; version-sensitive.
0.5,8,mlp,0.92,0.888,0.03200000000000003,1390,610,0.9575539568345324,0.8344262295081967,0.1231277273263357,normalized_first_layer_absolute_weight,0.19876879129715416,,First-layer weight audit; not a causal or cross-family importance.
0.5,9,logistic_regression,0.933,0.903,0.030000000000000027,1410,590,0.9709219858156029,0.8423728813559322,0.1285491044596706,normalized_absolute_standardized_coefficient,0.12270533007241417,,Within-model normalized coefficient; not cross-family comparable.
0.5,9,rbf_svm,0.9325,0.8845,0.04800000000000004,1410,590,0.9709219858156029,0.8406779661016949,0.13024401971390798,not_applicable,,,RBF kernel has no meaningful input-space feature weight.
0.5,9,random_forest,0.924,0.881,0.04300000000000004,1410,590,0.9666666666666667,0.8220338983050848,0.1446327683615819,impurity_importance_fraction,0.21336525252493424,14114.0,Native impurity importance and split count; audit only.
0.5,9,gradient_boosting,0.921,0.8845,0.03650000000000009,1410,590,0.9631205673758865,0.8203389830508474,0.14278158432503907,private_histgb_gain_fraction,0.19730989154451448,1087.0,Audit based on sklearn private tree nodes; version-sensitive.
0.5,9,mlp,0.934,0.889,0.04500000000000004,1410,590,0.9723404255319149,0.8423728813559322,0.12996754417598266,normalized_first_layer_absolute_weight,0.1976656077432604,,First-layer weight audit; not a causal or cross-family importance.
0.7,0,logistic_regression,0.952,0.8655,0.08649999999999991,1680,320,0.9797619047619047,0.80625,0.1735119047619047,normalized_absolute_standardized_coefficient,0.20316379613251406,,Within-model normalized coefficient; not cross-family comparable.
0.7,0,rbf_svm,0.952,0.862,0.08999999999999997,1680,320,0.9803571428571428,0.803125,0.17723214285714284,not_applicable,,,RBF kernel has no meaningful input-space feature weight.
0.7,0,random_forest,0.9495,0.8505,0.09899999999999998,1680,320,0.981547619047619,0.78125,0.200297619047619,impurity_importance_fraction,0.4357272195897928,11820.0,Native impurity importance and split count; audit only.
0.7,0,gradient_boosting,0.9465,0.858,0.08850000000000002,1680,320,0.975,0.796875,0.17812499999999998,private_histgb_gain_fraction,0.47464974020572176,1063.0,Audit based on sklearn private tree nodes; version-sensitive.
0.7,0,mlp,0.9535,0.8725,0.08099999999999996,1680,320,0.9797619047619047,0.815625,0.16413690476190468,normalized_first_layer_absolute_weight,0.20284374148334994,,First-layer weight audit; not a causal or cross-family importance.
0.7,1,logistic_regression,0.9545,0.878,0.07650000000000001,1676,324,0.9791169451073986,0.8271604938271605,0.15195645128023805,normalized_absolute_standardized_coefficient,0.2026794446458222,,Within-model normalized coefficient; not cross-family comparable.
0.7,1,rbf_svm,0.953,0.876,0.07699999999999996,1676,324,0.9791169451073986,0.8179012345679012,0.16121571053949735,not_applicable,,,RBF kernel has no meaningful input-space feature weight.
0.7,1,random_forest,0.9485,0.851,0.09750000000000003,1676,324,0.9815035799522673,0.7777777777777778,0.20372580217448955,impurity_importance_fraction,0.439002927131183,12131.0,Native impurity importance and split count; audit only.
0.7,1,gradient_boosting,0.9455,0.859,0.08650000000000002,1676,324,0.9719570405727923,0.808641975308642,0.1633150652641503,private_histgb_gain_fraction,0.48788336120304493,1023.0,Audit based on sklearn private tree nodes; version-sensitive.
0.7,1,mlp,0.956,0.8585,0.09749999999999992,1676,324,0.986873508353222,0.7962962962962963,0.19057721205692568,normalized_first_layer_absolute_weight,0.19371075592397446,,First-layer weight audit; not a causal or cross-family importance.
0.7,2,logistic_regression,0.949,0.866,0.08299999999999996,1668,332,0.9850119904076738,0.7680722891566265,0.21693970125104733,normalized_absolute_standardized_coefficient,0.2176591962208111,,Within-model normalized coefficient; not cross-family comparable.
0.7,2,rbf_svm,0.95,0.85,0.09999999999999998,1668,332,0.987410071942446,0.7620481927710844,0.22536187917136163,not_applicable,,,RBF kernel has no meaningful input-space feature weight.
0.7,2,random_forest,0.941,0.822,0.119,1668,332,0.9850119904076738,0.7198795180722891,0.26513247233538473,impurity_importance_fraction,0.45062283062762615,11686.0,Native impurity importance and split count; audit only.
0.7,2,gradient_boosting,0.94,0.8445,0.09549999999999992,1668,332,0.9760191846522782,0.7590361445783133,0.21698304007396496,private_histgb_gain_fraction,0.5092807479716093,1026.0,Audit based on sklearn private tree nodes; version-sensitive.
0.7,2,mlp,0.9475,0.844,0.10350000000000004,1668,332,0.9844124700239808,0.7620481927710844,0.22236427725289643,normalized_first_layer_absolute_weight,0.19926201987686298,,First-layer weight audit; not a causal or cross-family importance.
0.7,3,logistic_regression,0.952,0.866,0.08599999999999997,1716,284,0.9790209790209791,0.7887323943661971,0.19028858465478193,normalized_absolute_standardized_coefficient,0.20476617624267582,,Within-model normalized coefficient; not cross-family comparable.
0.7,3,rbf_svm,0.95,0.855,0.09499999999999997,1716,284,0.9796037296037297,0.7711267605633803,0.2084769690403494,not_applicable,,,RBF kernel has no meaningful input-space feature weight.
0.7,3,random_forest,0.946,0.8395,0.10649999999999993,1716,284,0.9836829836829837,0.7183098591549296,0.26537312452805406,impurity_importance_fraction,0.4588509380232687,11936.0,Native impurity importance and split count; audit only.
0.7,3,gradient_boosting,0.9445,0.8365,0.10799999999999998,1716,284,0.9772727272727273,0.7464788732394366,0.23079385403329067,private_histgb_gain_fraction,0.49543775844500776,1069.0,Audit based on sklearn private tree nodes; version-sensitive.
0.7,3,mlp,0.9495,0.857,0.09250000000000003,1716,284,0.9825174825174825,0.75,0.2325174825174825,normalized_first_layer_absolute_weight,0.20329537541440487,,First-layer weight audit; not a causal or cross-family importance.
0.7,4,logistic_regression,0.9565,0.8715,0.08499999999999996,1665,335,0.9819819819819819,0.8298507462686567,0.1521312357133252,normalized_absolute_standardized_coefficient,0.20211323239837545,,Within-model normalized coefficient; not cross-family comparable.
0.7,4,rbf_svm,0.9515,0.8755,0.07600000000000007,1665,335,0.9795795795795795,0.8119402985074626,0.1676392810721169,not_applicable,,,RBF kernel has no meaningful input-space feature weight.
0.7,4,random_forest,0.9485,0.846,0.10250000000000004,1665,335,0.9867867867867868,0.7582089552238805,0.22857783156290623,impurity_importance_fraction,0.4697124864661943,11600.0,Native impurity importance and split count; audit only.
0.7,4,gradient_boosting,0.949,0.8685,0.0804999999999999,1665,335,0.9813813813813814,0.7880597014925373,0.19332167988884408,private_histgb_gain_fraction,0.5227092487992451,1014.0,Audit based on sklearn private tree nodes; version-sensitive.
0.7,4,mlp,0.9545,0.856,0.09850000000000003,1665,335,0.984984984984985,0.8029850746268656,0.18199991035811935,normalized_first_layer_absolute_weight,0.2018534099857226,,First-layer weight audit; not a causal or cross-family importance.
0.7,5,logistic_regression,0.952,0.8775,0.07450000000000001,1680,320,0.9809523809523809,0.8,0.18095238095238086,normalized_absolute_standardized_coefficient,0.1988604987845607,,Within-model normalized coefficient; not cross-family comparable.
0.7,5,rbf_svm,0.9515,0.8705,0.08099999999999996,1680,320,0.9809523809523809,0.796875,0.1840773809523809,not_applicable,,,RBF kernel has no meaningful input-space feature weight.
0.7,5,random_forest,0.935,0.838,0.09700000000000009,1680,320,0.9791666666666666,0.703125,0.27604166666666663,impurity_importance_fraction,0.4554994188889633,12216.0,Native impurity importance and split count; audit only.
0.7,5,gradient_boosting,0.942,0.8455,0.09649999999999992,1680,320,0.9738095238095238,0.775,0.19880952380952377,private_histgb_gain_fraction,0.49099219226014423,1006.0,Audit based on sklearn private tree nodes; version-sensitive.
0.7,5,mlp,0.9525,0.861,0.09150000000000003,1680,320,0.986904761904762,0.771875,0.21502976190476197,normalized_first_layer_absolute_weight,0.2070758348734498,,First-layer weight audit; not a causal or cross-family importance.
0.7,6,logistic_regression,0.9495,0.887,0.0625,1669,331,0.981426003594967,0.7885196374622356,0.19290636613273138,normalized_absolute_standardized_coefficient,0.20701990770116155,,Within-model normalized coefficient; not cross-family comparable.
0.7,6,rbf_svm,0.948,0.873,0.07499999999999996,1669,331,0.982025164769323,0.7764350453172205,0.20559011945210248,not_applicable,,,RBF kernel has no meaningful input-space feature weight.
0.7,6,random_forest,0.9435,0.844,0.09950000000000003,1669,331,0.9856201318154584,0.7311178247734139,0.25450230704204446,impurity_importance_fraction,0.44882071758706515,11744.0,Native impurity importance and split count; audit only.
0.7,6,gradient_boosting,0.9445,0.857,0.08750000000000002,1669,331,0.9784301977231875,0.7734138972809668,0.20501630044222074,private_histgb_gain_fraction,0.5026055676032251,1113.0,Audit based on sklearn private tree nodes; version-sensitive.
0.7,6,mlp,0.9455,0.8615,0.08399999999999996,1669,331,0.9868184541641701,0.7371601208459214,0.24965833331824872,normalized_first_layer_absolute_weight,0.20384614511219587,,First-layer weight audit; not a causal or cross-family importance.
0.7,7,logistic_regression,0.954,0.876,0.07799999999999996,1655,345,0.9842900302114803,0.808695652173913,0.17559437803756728,normalized_absolute_standardized_coefficient,0.19365533061360576,,Within-model normalized coefficient; not cross-family comparable.
0.7,7,rbf_svm,0.955,0.87,0.08499999999999996,1655,345,0.9848942598187311,0.8115942028985508,0.17330005692018036,not_applicable,,,RBF kernel has no meaningful input-space feature weight.
0.7,7,random_forest,0.9415,0.858,0.08350000000000002,1655,345,0.980060422960725,0.7565217391304347,0.2235386838302903,impurity_importance_fraction,0.41459872698492917,11607.0,Native impurity importance and split count; audit only.
0.7,7,gradient_boosting,0.943,0.8635,0.0794999999999999,1655,345,0.9770392749244713,0.7797101449275362,0.19732912999693508,private_histgb_gain_fraction,0.4631889584156402,1019.0,Audit based on sklearn private tree nodes; version-sensitive.
0.7,7,mlp,0.9495,0.8575,0.09199999999999997,1655,345,0.9879154078549849,0.7652173913043478,0.22269801655063703,normalized_first_layer_absolute_weight,0.2151497155040907,,First-layer weight audit; not a causal or cross-family importance.
0.7,8,logistic_regression,0.948,0.868,0.07999999999999996,1648,352,0.9787621359223301,0.8039772727272727,0.17478486319505737,normalized_absolute_standardized_coefficient,0.1961238915498931,,Within-model normalized coefficient; not cross-family comparable.
0.7,8,rbf_svm,0.9465,0.876,0.07050000000000001,1648,352,0.9799757281553398,0.7897727272727273,0.19020300088261255,not_applicable,,,RBF kernel has no meaningful input-space feature weight.
0.7,8,random_forest,0.934,0.841,0.09300000000000008,1648,352,0.9769417475728155,0.7329545454545454,0.24398720211827007,impurity_importance_fraction,0.41268518140822535,12119.0,Native impurity importance and split count; audit only.
0.7,8,gradient_boosting,0.9325,0.8655,0.06699999999999995,1648,352,0.9696601941747572,0.7585227272727273,0.21113746690202995,private_histgb_gain_fraction,0.4759511377578977,978.0,Audit based on sklearn private tree nodes; version-sensitive.
0.7,8,mlp,0.9475,0.871,0.07650000000000001,1648,352,0.9769417475728155,0.8096590909090909,0.16728265666372455,normalized_first_layer_absolute_weight,0.21407446615632122,,First-layer weight audit; not a causal or cross-family importance.
0.7,9,logistic_regression,0.9555,0.883,0.07250000000000001,1657,343,0.9837054918527459,0.8192419825072886,0.16446350934545728,normalized_absolute_standardized_coefficient,0.2142114862776938,,Within-model normalized coefficient; not cross-family comparable.
0.7,9,rbf_svm,0.9505,0.8665,0.08399999999999996,1657,343,0.9837054918527459,0.7900874635568513,0.19361802829589458,not_applicable,,,RBF kernel has no meaningful input-space feature weight.
0.7,9,random_forest,0.9495,0.8525,0.09699999999999998,1657,343,0.9873264936632469,0.7667638483965015,0.2205626452667454,impurity_importance_fraction,0.4448586867734292,11793.0,Native impurity importance and split count; audit only.
0.7,9,gradient_boosting,0.948,0.856,0.09199999999999997,1657,343,0.9812914906457453,0.7871720116618076,0.19411947898393767,private_histgb_gain_fraction,0.49559404786295524,1084.0,Audit based on sklearn private tree nodes; version-sensitive.
0.7,9,mlp,0.9545,0.8695,0.08499999999999996,1657,343,0.9837054918527459,0.8134110787172012,0.17029441313554472,normalized_first_layer_absolute_weight,0.20680120126851118,,First-layer weight audit; not a causal or cross-family importance.
0.9,0,logistic_regression,0.994,0.8195,0.1745,1964,36,0.9989816700610998,0.7222222222222222,0.2767594478388776,normalized_absolute_standardized_coefficient,0.4671745511632356,,Within-model normalized coefficient; not cross-family comparable.
0.9,0,rbf_svm,0.994,0.812,0.18199999999999994,1964,36,0.9984725050916496,0.75,0.24847250509164964,not_applicable,,,RBF kernel has no meaningful input-space feature weight.
0.9,0,random_forest,0.989,0.776,0.21299999999999997,1964,36,0.9979633401221996,0.5,0.49796334012219956,impurity_importance_fraction,0.7575999286628132,4236.0,Native impurity importance and split count; audit only.
0.9,0,gradient_boosting,0.992,0.783,0.20899999999999996,1964,36,0.9959266802443992,0.7777777777777778,0.21814890246662144,private_histgb_gain_fraction,0.9317542096876893,898.0,Audit based on sklearn private tree nodes; version-sensitive.
0.9,0,mlp,0.9945,0.8125,0.18200000000000005,1964,36,0.9989816700610998,0.75,0.24898167006109984,normalized_first_layer_absolute_weight,0.2346909738505289,,First-layer weight audit; not a causal or cross-family importance.
0.9,1,logistic_regression,0.99,0.805,0.18499999999999994,1958,42,0.9959141981613892,0.7142857142857143,0.28162848387567485,normalized_absolute_standardized_coefficient,0.4780451774701828,,Within-model normalized coefficient; not cross-family comparable.
0.9,1,rbf_svm,0.9895,0.8125,0.17700000000000005,1958,42,0.9954034729315628,0.7142857142857143,0.28111775864584854,not_applicable,,,RBF kernel has no meaningful input-space feature weight.
0.9,1,random_forest,0.9875,0.777,0.21050000000000002,1958,42,0.9979570990806946,0.5,0.49795709908069463,impurity_importance_fraction,0.7578185833032861,4259.0,Native impurity importance and split count; audit only.
0.9,1,gradient_boosting,0.9865,0.792,0.1945,1958,42,0.9948927477017364,0.5952380952380952,0.3996546524636412,private_histgb_gain_fraction,0.9318193120073084,933.0,Audit based on sklearn private tree nodes; version-sensitive.
0.9,1,mlp,0.9905,0.8345,0.15600000000000003,1958,42,0.9959141981613892,0.7380952380952381,0.257818960066151,normalized_first_layer_absolute_weight,0.22109130183961084,,First-layer weight audit; not a causal or cross-family importance.
0.9,2,logistic_regression,0.9915,0.809,0.1825,1964,36,0.9964358452138493,0.7222222222222222,0.2742136229916271,normalized_absolute_standardized_coefficient,0.4809985198321494,,Within-model normalized coefficient; not cross-family comparable.
0.9,2,rbf_svm,0.992,0.808,0.18399999999999994,1964,36,0.9974541751527495,0.6944444444444444,0.30300973070830506,not_applicable,,,RBF kernel has no meaningful input-space feature weight.
0.9,2,random_forest,0.9895,0.752,0.23750000000000004,1964,36,0.9984725050916496,0.5,0.49847250509164964,impurity_importance_fraction,0.745606656234507,3900.0,Native impurity importance and split count; audit only.
0.9,2,gradient_boosting,0.988,0.774,0.21399999999999997,1964,36,0.994908350305499,0.6111111111111112,0.3837972391943878,private_histgb_gain_fraction,0.9378465048082308,856.0,Audit based on sklearn private tree nodes; version-sensitive.
0.9,2,mlp,0.9905,0.8115,0.17900000000000005,1964,36,0.995417515274949,0.7222222222222222,0.27319529305272683,normalized_first_layer_absolute_weight,0.24541955643045563,,First-layer weight audit; not a causal or cross-family importance.
0.9,3,logistic_regression,0.992,0.811,0.18099999999999994,1962,38,0.9979612640163099,0.6842105263157895,0.3137507377005204,normalized_absolute_standardized_coefficient,0.471269548098293,,Within-model normalized coefficient; not cross-family comparable.
0.9,3,rbf_svm,0.9925,0.805,0.1875,1962,38,0.9979612640163099,0.7105263157894737,0.28743494822683624,not_applicable,,,RBF kernel has no meaningful input-space feature weight.
0.9,3,random_forest,0.9865,0.758,0.22850000000000004,1962,38,0.9969418960244648,0.4473684210526316,0.5495734749718333,impurity_importance_fraction,0.7606311022312908,4114.0,Native impurity importance and split count; audit only.
0.9,3,gradient_boosting,0.9875,0.774,0.21350000000000002,1962,38,0.9959225280326198,0.5526315789473685,0.44329094908525135,private_histgb_gain_fraction,0.931790007506941,861.0,Audit based on sklearn private tree nodes; version-sensitive.
0.9,3,mlp,0.9905,0.823,0.1675000000000001,1962,38,0.9949031600407747,0.7631578947368421,0.23174526530393258,normalized_first_layer_absolute_weight,0.21772927720813298,,First-layer weight audit; not a causal or cross-family importance.
0.9,4,logistic_regression,0.994,0.823,0.17100000000000004,1965,35,0.9974554707379135,0.8,0.19745547073791347,normalized_absolute_standardized_coefficient,0.46379420556780854,,Within-model normalized coefficient; not cross-family comparable.
0.9,4,rbf_svm,0.9935,0.833,0.1605000000000001,1965,35,0.9969465648854962,0.8,0.1969465648854961,not_applicable,,,RBF kernel has no meaningful input-space feature weight.
0.9,4,random_forest,0.9915,0.7705,0.22100000000000009,1965,35,1.0,0.5142857142857142,0.48571428571428577,impurity_importance_fraction,0.7621365491969715,4165.0,Native impurity importance and split count; audit only.
0.9,4,gradient_boosting,0.993,0.8015,0.1915,1965,35,0.9974554707379135,0.7428571428571429,0.25459832788077064,private_histgb_gain_fraction,0.9325338887067178,842.0,Audit based on sklearn private tree nodes; version-sensitive.
0.9,4,mlp,0.994,0.826,0.16800000000000004,1965,35,0.9979643765903308,0.7714285714285715,0.2265358051617593,normalized_first_layer_absolute_weight,0.22555000871660125,,First-layer weight audit; not a causal or cross-family importance.
0.9,5,logistic_regression,0.9945,0.822,0.1725000000000001,1958,42,0.9994892747701737,0.7619047619047619,0.23758451286541182,normalized_absolute_standardized_coefficient,0.4678597577009091,,Within-model normalized coefficient; not cross-family comparable.
0.9,5,rbf_svm,0.9935,0.8305,0.16300000000000003,1958,42,0.9989785495403473,0.7380952380952381,0.2608833114451091,not_applicable,,,RBF kernel has no meaningful input-space feature weight.
0.9,5,random_forest,0.9875,0.774,0.21350000000000002,1958,42,0.9989785495403473,0.4523809523809524,0.5465975971593948,impurity_importance_fraction,0.7712520189777051,4263.0,Native impurity importance and split count; audit only.
0.9,5,gradient_boosting,0.9895,0.7725,0.21700000000000008,1958,42,0.9969356486210419,0.6428571428571429,0.354078505763899,private_histgb_gain_fraction,0.9329160335439033,943.0,Audit based on sklearn private tree nodes; version-sensitive.
0.9,5,mlp,0.993,0.8395,0.15349999999999997,1958,42,0.9979570990806946,0.7619047619047619,0.23605233717593277,normalized_first_layer_absolute_weight,0.23741421648790467,,First-layer weight audit; not a causal or cross-family importance.
0.9,6,logistic_regression,0.994,0.8335,0.16049999999999998,1962,38,0.9979612640163099,0.7894736842105263,0.20848757980578358,normalized_absolute_standardized_coefficient,0.46482155789473745,,Within-model normalized coefficient; not cross-family comparable.
0.9,6,rbf_svm,0.994,0.8305,0.16349999999999998,1962,38,0.9974515800203874,0.8157894736842105,0.18166210633617685,not_applicable,,,RBF kernel has no meaningful input-space feature weight.
0.9,6,random_forest,0.9935,0.7835,0.21000000000000008,1962,38,0.9994903160040775,0.6842105263157895,0.31527978968828796,impurity_importance_fraction,0.7508528973214794,4192.0,Native impurity importance and split count; audit only.
0.9,6,gradient_boosting,0.993,0.793,0.19999999999999996,1962,38,0.9979612640163099,0.7368421052631579,0.26111915875315206,private_histgb_gain_fraction,0.9358231386902116,789.0,Audit based on sklearn private tree nodes; version-sensitive.
0.9,6,mlp,0.9935,0.8505,0.14300000000000002,1962,38,0.9969418960244648,0.8157894736842105,0.1811524223402543,normalized_first_layer_absolute_weight,0.20942523402953667,,First-layer weight audit; not a causal or cross-family importance.
0.9,7,logistic_regression,0.9915,0.837,0.15450000000000008,1947,53,0.9979455572675912,0.7547169811320755,0.24322857613551563,normalized_absolute_standardized_coefficient,0.44528348331356454,,Within-model normalized coefficient; not cross-family comparable.
0.9,7,rbf_svm,0.991,0.8285,0.16249999999999998,1947,53,0.997431946584489,0.7547169811320755,0.24271496545241344,not_applicable,,,RBF kernel has no meaningful input-space feature weight.
0.9,7,random_forest,0.988,0.7685,0.21950000000000003,1947,53,0.9994863893168978,0.5660377358490566,0.4334486534678412,impurity_importance_fraction,0.7292628558709714,4759.0,Native impurity importance and split count; audit only.
0.9,7,gradient_boosting,0.9885,0.8065,0.18200000000000005,1947,53,0.9969183359013868,0.6792452830188679,0.3176730528825189,private_histgb_gain_fraction,0.9216866797482552,964.0,Audit based on sklearn private tree nodes; version-sensitive.
0.9,7,mlp,0.986,0.845,0.14100000000000001,1947,53,0.9902413970210581,0.8301886792452831,0.160052717775775,normalized_first_layer_absolute_weight,0.2240445952572819,,First-layer weight audit; not a causal or cross-family importance.
0.9,8,logistic_regression,0.9915,0.8265,0.16500000000000004,1947,53,0.9969183359013868,0.7924528301886793,0.2044655057127075,normalized_absolute_standardized_coefficient,0.4456070182379095,,Within-model normalized coefficient; not cross-family comparable.
0.9,8,rbf_svm,0.992,0.823,0.16900000000000004,1947,53,0.9969183359013868,0.8113207547169812,0.1855975811844056,not_applicable,,,RBF kernel has no meaningful input-space feature weight.
0.9,8,random_forest,0.9855,0.7795,0.20600000000000007,1947,53,0.9979455572675912,0.5283018867924528,0.46964367047513833,impurity_importance_fraction,0.7242182699873951,4567.0,Native impurity importance and split count; audit only.
0.9,8,gradient_boosting,0.9885,0.8065,0.18200000000000005,1947,53,0.9969183359013868,0.6792452830188679,0.3176730528825189,private_histgb_gain_fraction,0.9256243609417597,932.0,Audit based on sklearn private tree nodes; version-sensitive.
0.9,8,mlp,0.9875,0.838,0.14950000000000008,1947,53,0.9922958397534669,0.8113207547169812,0.18097508503648574,normalized_first_layer_absolute_weight,0.22071621432397975,,First-layer weight audit; not a causal or cross-family importance.
0.9,9,logistic_regression,0.9955,0.83,0.1655000000000001,1964,36,0.9989816700610998,0.8055555555555556,0.19342611450554426,normalized_absolute_standardized_coefficient,0.4570170464642179,,Within-model normalized coefficient; not cross-family comparable.
0.9,9,rbf_svm,0.9945,0.822,0.1725000000000001,1964,36,0.9984725050916496,0.7777777777777778,0.22069472731387185,not_applicable,,,RBF kernel has no meaningful input-space feature weight.
0.9,9,random_forest,0.992,0.7605,0.23150000000000004,1964,36,0.9989816700610998,0.6111111111111112,0.3878705589499887,impurity_importance_fraction,0.752357212983099,4177.0,Native impurity importance and split count; audit only.
0.9,9,gradient_boosting,0.993,0.7955,0.1975,1964,36,0.9984725050916496,0.6944444444444444,0.3040280606472052,private_histgb_gain_fraction,0.9285184350927664,907.0,Audit based on sklearn private tree nodes; version-sensitive.
0.9,9,mlp,0.993,0.84,0.15300000000000002,1964,36,0.9969450101832994,0.7777777777777778,0.2191672324055216,normalized_first_layer_absolute_weight,0.22011158295361552,,First-layer weight audit; not a causal or cross-family importance.
0.9,10,logistic_regression,0.9935,0.8135,0.18000000000000005,1958,42,0.9989785495403473,0.7380952380952381,0.2608833114451091,normalized_absolute_standardized_coefficient,0.47900113086227436,,Within-model normalized coefficient; not cross-family comparable.
0.9,10,rbf_svm,0.993,0.812,0.18099999999999994,1958,42,0.9989785495403473,0.7142857142857143,0.28469283525463296,not_applicable,,,RBF kernel has no meaningful input-space feature weight.
0.9,10,random_forest,0.987,0.7725,0.21450000000000002,1958,42,0.9989785495403473,0.42857142857142855,0.5704071209689188,impurity_importance_fraction,0.7483689754929836,4251.0,Native impurity importance and split count; audit only.
0.9,10,gradient_boosting,0.99,0.786,0.20399999999999996,1958,42,0.9979570990806946,0.6190476190476191,0.37890948003307556,private_histgb_gain_fraction,0.933782755129178,889.0,Audit based on sklearn private tree nodes; version-sensitive.
0.9,10,mlp,0.994,0.825,0.16900000000000004,1958,42,0.998467824310521,0.7857142857142857,0.21275353859623525,normalized_first_layer_absolute_weight,0.24472771417639874,,First-layer weight audit; not a causal or cross-family importance.
0.9,11,logistic_regression,0.994,0.82,0.17400000000000004,1951,49,0.9958995386981035,0.9183673469387755,0.07753219175932802,normalized_absolute_standardized_coefficient,0.4531054437897147,,Within-model normalized coefficient; not cross-family comparable.
0.9,11,rbf_svm,0.9935,0.82,0.1735000000000001,1951,49,0.9969246540235777,0.8571428571428571,0.13978179688072057,not_applicable,,,RBF kernel has no meaningful input-space feature weight.
0.9,11,random_forest,0.9865,0.7585,0.2280000000000001,1951,49,0.9994874423372629,0.46938775510204084,0.5300996872352222,impurity_importance_fraction,0.7686918559323799,4171.0,Native impurity importance and split count; audit only.
0.9,11,gradient_boosting,0.9915,0.795,0.1965,1951,49,0.9989748846745259,0.6938775510204082,0.30509733365411773,private_histgb_gain_fraction,0.9329833259625195,928.0,Audit based on sklearn private tree nodes; version-sensitive.
0.9,11,mlp,0.994,0.8125,0.1815,1951,49,0.9964120963608406,0.8979591836734694,0.09845291268737122,normalized_first_layer_absolute_weight,0.23642134828738492,,First-layer weight audit; not a causal or cross-family importance.
0.9,12,logistic_regression,0.993,0.822,0.17100000000000004,1955,45,0.9989769820971867,0.7333333333333333,0.2656436487638534,normalized_absolute_standardized_coefficient,0.4686824338870223,,Within-model normalized coefficient; not cross-family comparable.
0.9,12,rbf_svm,0.9915,0.8165,0.17500000000000004,1955,45,0.9979539641943734,0.7111111111111111,0.2868428530832623,not_applicable,,,RBF kernel has no meaningful input-space feature weight.
0.9,12,random_forest,0.987,0.757,0.22999999999999998,1955,45,0.9994884910485934,0.4444444444444444,0.555044046604149,impurity_importance_fraction,0.7759290571693687,3885.0,Native impurity importance and split count; audit only.
0.9,12,gradient_boosting,0.9885,0.7765,0.21200000000000008,1955,45,0.99846547314578,0.5555555555555556,0.44290991759022447,private_histgb_gain_fraction,0.9377448119571612,861.0,Audit based on sklearn private tree nodes; version-sensitive.
0.9,12,mlp,0.992,0.811,0.18099999999999994,1955,45,0.9974424552429667,0.7555555555555555,0.24188689968741117,normalized_first_layer_absolute_weight,0.22670085400844378,,First-layer weight audit; not a causal or cross-family importance.
0.9,13,logistic_regression,0.993,0.831,0.16200000000000003,1965,35,0.9974554707379135,0.7428571428571429,0.25459832788077064,normalized_absolute_standardized_coefficient,0.4653508509345593,,Within-model normalized coefficient; not cross-family comparable.
0.9,13,rbf_svm,0.993,0.8215,0.17149999999999999,1965,35,0.9969465648854962,0.7714285714285715,0.2255179934569247,not_applicable,,,RBF kernel has no meaningful input-space feature weight.
0.9,13,random_forest,0.986,0.781,0.20499999999999996,1965,35,0.9979643765903308,0.3142857142857143,0.6836786623046165,impurity_importance_fraction,0.7555186167751007,4151.0,Native impurity importance and split count; audit only.
0.9,13,gradient_boosting,0.989,0.7815,0.20750000000000002,1965,35,0.9954198473282443,0.6285714285714286,0.36684841875681573,private_histgb_gain_fraction,0.9336475715786773,913.0,Audit based on sklearn private tree nodes; version-sensitive.
0.9,13,mlp,0.9875,0.8605,0.127,1965,35,0.9918575063613232,0.7428571428571429,0.2490003635041803,normalized_first_layer_absolute_weight,0.2067299878549676,,First-layer weight audit; not a causal or cross-family importance.
0.9,14,logistic_regression,0.994,0.845,0.14900000000000002,1962,38,0.9989806320081549,0.7368421052631579,0.26213852674499705,normalized_absolute_standardized_coefficient,0.47617003643126693,,Within-model normalized coefficient; not cross-family comparable.
0.9,14,rbf_svm,0.9935,0.8255,0.16800000000000004,1962,38,0.9989806320081549,0.7105263157894737,0.28845431621868123,not_applicable,,,RBF kernel has no meaningful input-space feature weight.
0.9,14,random_forest,0.992,0.768,0.22399999999999998,1962,38,0.9994903160040775,0.6052631578947368,0.3942271581093406,impurity_importance_fraction,0.7453045911422765,4355.0,Native impurity importance and split count; audit only.
0.9,14,gradient_boosting,0.992,0.787,0.20499999999999996,1962,38,0.9974515800203874,0.7105263157894737,0.2869252642309137,private_histgb_gain_fraction,0.9321845106739695,924.0,Audit based on sklearn private tree nodes; version-sensitive.
0.9,14,mlp,0.9935,0.833,0.1605000000000001,1962,38,0.9979612640163099,0.7631578947368421,0.23480336927946777,normalized_first_layer_absolute_weight,0.23028446733775626,,First-layer weight audit; not a causal or cross-family importance.
0.9,15,logistic_regression,0.996,0.843,0.15300000000000002,1968,32,0.9984756097560976,0.84375,0.15472560975609762,normalized_absolute_standardized_coefficient,0.4592882411115696,,Within-model normalized coefficient; not cross-family comparable.
0.9,15,rbf_svm,0.9955,0.8245,0.17100000000000004,1968,32,0.9979674796747967,0.84375,0.1542174796747967,not_applicable,,,RBF kernel has no meaningful input-space feature weight.
0.9,15,random_forest,0.9925,0.776,0.21650000000000003,1968,32,0.9989837398373984,0.59375,0.4052337398373984,impurity_importance_fraction,0.7498555950146677,4149.0,Native impurity importance and split count; audit only.
0.9,15,gradient_boosting,0.992,0.7925,0.1995,1968,32,0.9969512195121951,0.6875,0.3094512195121951,private_histgb_gain_fraction,0.9341948298253041,732.0,Audit based on sklearn private tree nodes; version-sensitive.
0.9,15,mlp,0.995,0.8425,0.15249999999999997,1968,32,0.9964430894308943,0.90625,0.09019308943089432,normalized_first_layer_absolute_weight,0.21756957914283429,,First-layer weight audit; not a causal or cross-family importance.
0.9,16,logistic_regression,0.994,0.824,0.17000000000000004,1959,41,0.998468606431853,0.7804878048780488,0.21798080155380417,normalized_absolute_standardized_coefficient,0.4649791442852674,,Within-model normalized coefficient; not cross-family comparable.
0.9,16,rbf_svm,0.9955,0.831,0.1645000000000001,1959,41,0.9989790709545686,0.8292682926829268,0.16971077827164183,not_applicable,,,RBF kernel has no meaningful input-space feature weight.
0.9,16,random_forest,0.9885,0.7715,0.21700000000000008,1959,41,0.998468606431853,0.5121951219512195,0.48627348448063346,impurity_importance_fraction,0.7545689071683046,4454.0,Native impurity importance and split count; audit only.
0.9,16,gradient_boosting,0.991,0.8185,0.1725,1959,41,0.996937212863706,0.7073170731707317,0.2896201396929743,private_histgb_gain_fraction,0.9347363874961483,932.0,Audit based on sklearn private tree nodes; version-sensitive.
0.9,16,mlp,0.993,0.8405,0.15249999999999997,1959,41,0.9959162838182747,0.8536585365853658,0.14225774723290885,normalized_first_layer_absolute_weight,0.1996245055954099,,First-layer weight audit; not a causal or cross-family importance.
0.9,17,logistic_regression,0.992,0.8125,0.1795,1960,40,0.9974489795918368,0.725,0.2724489795918368,normalized_absolute_standardized_coefficient,0.4734727183431652,,Within-model normalized coefficient; not cross-family comparable.
0.9,17,rbf_svm,0.9915,0.8145,0.17700000000000005,1960,40,0.996938775510204,0.725,0.27193877551020407,not_applicable,,,RBF kernel has no meaningful input-space feature weight.
0.9,17,random_forest,0.9885,0.747,0.24150000000000005,1960,40,0.9989795918367347,0.475,0.5239795918367347,impurity_importance_fraction,0.737015978538786,4266.0,Native impurity importance and split count; audit only.
0.9,17,gradient_boosting,0.991,0.7755,0.21550000000000002,1960,40,0.9979591836734694,0.65,0.34795918367346934,private_histgb_gain_fraction,0.9344466538516134,930.0,Audit based on sklearn private tree nodes; version-sensitive.
0.9,17,mlp,0.9935,0.8325,0.16100000000000003,1960,40,0.996938775510204,0.825,0.1719387755102041,normalized_first_layer_absolute_weight,0.23033294426088785,,First-layer weight audit; not a causal or cross-family importance.
0.9,18,logistic_regression,0.994,0.81,0.18399999999999994,1962,38,0.9984709480122325,0.7631578947368421,0.23531305327539032,normalized_absolute_standardized_coefficient,0.4923320804971929,,Within-model normalized coefficient; not cross-family comparable.
0.9,18,rbf_svm,0.9915,0.81,0.1815,1962,38,0.9969418960244648,0.7105263157894737,0.28641558023499114,not_applicable,,,RBF kernel has no meaningful input-space feature weight.
0.9,18,random_forest,0.991,0.7485,0.24249999999999994,1962,38,0.9994903160040775,0.5526315789473685,0.446858737056709,impurity_importance_fraction,0.7489490006238679,4214.0,Native impurity importance and split count; audit only.
0.9,18,gradient_boosting,0.99,0.7875,0.2025,1962,38,0.9974515800203874,0.6052631578947368,0.3921884221256505,private_histgb_gain_fraction,0.9304090935769582,890.0,Audit based on sklearn private tree nodes; version-sensitive.
0.9,18,mlp,0.994,0.8365,0.15749999999999997,1962,38,0.9974515800203874,0.8157894736842105,0.18166210633617685,normalized_first_layer_absolute_weight,0.21267790680150953,,First-layer weight audit; not a causal or cross-family importance.
0.9,19,logistic_regression,0.9945,0.8295,0.16500000000000004,1974,26,0.9994934143870314,0.6153846153846154,0.384108799002416,normalized_absolute_standardized_coefficient,0.49354528118463153,,Within-model normalized coefficient; not cross-family comparable.
0.9,19,rbf_svm,0.9935,0.8255,0.16800000000000004,1974,26,0.9994934143870314,0.5384615384615384,0.461031875925493,not_applicable,,,RBF kernel has no meaningful input-space feature weight.
0.9,19,random_forest,0.992,0.768,0.22399999999999998,1974,26,0.9994934143870314,0.4230769230769231,0.5764164913101084,impurity_importance_fraction,0.7416268953647456,3906.0,Native impurity importance and split count; audit only.
0.9,19,gradient_boosting,0.99,0.7985,0.1915,1974,26,0.9959473150962512,0.5384615384615384,0.4574857766347128,private_histgb_gain_fraction,0.9419597002065586,903.0,Audit based on sklearn private tree nodes; version-sensitive.
0.9,19,mlp,0.9945,0.849,0.14550000000000007,1974,26,0.9979736575481256,0.7307692307692307,0.2672044267788949,normalized_first_layer_absolute_weight,0.22284874613067207,,First-layer weight audit; not a causal or cross-family importance.
