rho_train,replicate,metric,model,score,rank,is_best
0.0,0,iid_test,gradient_boosting,0.908,5.0,False
0.0,0,iid_test,logistic_regression,0.9186666666666666,1.5,True
0.0,0,iid_test,mlp,0.9186666666666666,1.5,True
0.0,0,iid_test,random_forest,0.911,4.0,False
0.0,0,iid_test,rbf_svm,0.9166666666666666,3.0,False
0.0,1,iid_test,gradient_boosting,0.8993333333333333,4.0,False
0.0,1,iid_test,logistic_regression,0.911,1.0,True
0.0,1,iid_test,mlp,0.9043333333333333,3.0,False
0.0,1,iid_test,random_forest,0.8976666666666666,5.0,False
0.0,1,iid_test,rbf_svm,0.907,2.0,False
0.0,2,iid_test,gradient_boosting,0.9133333333333333,5.0,False
0.0,2,iid_test,logistic_regression,0.9206666666666666,1.0,True
0.0,2,iid_test,mlp,0.9203333333333333,2.5,False
0.0,2,iid_test,random_forest,0.9136666666666666,4.0,False
0.0,2,iid_test,rbf_svm,0.9203333333333333,2.5,False
0.0,3,iid_test,gradient_boosting,0.8946666666666667,5.0,False
0.0,3,iid_test,logistic_regression,0.9013333333333333,1.0,True
0.0,3,iid_test,mlp,0.899,3.0,False
0.0,3,iid_test,random_forest,0.8956666666666667,4.0,False
0.0,3,iid_test,rbf_svm,0.9006666666666666,2.0,False
0.0,4,iid_test,gradient_boosting,0.911,4.5,False
0.0,4,iid_test,logistic_regression,0.9193333333333333,2.0,False
0.0,4,iid_test,mlp,0.9203333333333333,1.0,True
0.0,4,iid_test,random_forest,0.911,4.5,False
0.0,4,iid_test,rbf_svm,0.9176666666666666,3.0,False
0.0,5,iid_test,gradient_boosting,0.9053333333333333,5.0,False
0.0,5,iid_test,logistic_regression,0.9166666666666666,1.0,True
0.0,5,iid_test,mlp,0.9136666666666666,3.0,False
0.0,5,iid_test,random_forest,0.91,4.0,False
0.0,5,iid_test,rbf_svm,0.914,2.0,False
0.0,6,iid_test,gradient_boosting,0.8973333333333333,5.0,False
0.0,6,iid_test,logistic_regression,0.9096666666666666,2.0,False
0.0,6,iid_test,mlp,0.9116666666666666,1.0,True
0.0,6,iid_test,random_forest,0.898,4.0,False
0.0,6,iid_test,rbf_svm,0.9086666666666666,3.0,False
0.0,7,iid_test,gradient_boosting,0.905,5.0,False
0.0,7,iid_test,logistic_regression,0.9153333333333333,1.0,True
0.0,7,iid_test,mlp,0.914,2.0,False
0.0,7,iid_test,random_forest,0.9076666666666666,4.0,False
0.0,7,iid_test,rbf_svm,0.9133333333333333,3.0,False
0.0,8,iid_test,gradient_boosting,0.9,5.0,False
0.0,8,iid_test,logistic_regression,0.9143333333333333,1.0,True
0.0,8,iid_test,mlp,0.91,2.0,False
0.0,8,iid_test,random_forest,0.9036666666666666,4.0,False
0.0,8,iid_test,rbf_svm,0.909,3.0,False
0.0,9,iid_test,gradient_boosting,0.8963333333333333,5.0,False
0.0,9,iid_test,logistic_regression,0.9126666666666666,1.0,True
0.0,9,iid_test,mlp,0.9076666666666666,2.0,False
0.0,9,iid_test,random_forest,0.905,4.0,False
0.0,9,iid_test,rbf_svm,0.9073333333333333,3.0,False
0.0,0,average_ood,gradient_boosting,0.8965000000000001,5.0,False
0.0,0,average_ood,logistic_regression,0.9105833333333333,1.0,True
0.0,0,average_ood,mlp,0.9084166666666667,2.0,False
0.0,0,average_ood,random_forest,0.9018333333333333,4.0,False
0.0,0,average_ood,rbf_svm,0.9070833333333334,3.0,False
0.0,1,average_ood,gradient_boosting,0.90375,5.0,False
0.0,1,average_ood,logistic_regression,0.9135833333333333,1.0,True
0.0,1,average_ood,mlp,0.9079166666666666,3.0,False
0.0,1,average_ood,random_forest,0.9050833333333334,4.0,False
0.0,1,average_ood,rbf_svm,0.9102499999999999,2.0,False
0.0,2,average_ood,gradient_boosting,0.9034166666666666,4.0,False
0.0,2,average_ood,logistic_regression,0.9106666666666666,1.0,True
0.0,2,average_ood,mlp,0.907,2.0,False
0.0,2,average_ood,random_forest,0.9015833333333333,5.0,False
0.0,2,average_ood,rbf_svm,0.9057499999999999,3.0,False
0.0,3,average_ood,gradient_boosting,0.8986666666666666,5.0,False
0.0,3,average_ood,logistic_regression,0.9120833333333334,1.0,True
0.0,3,average_ood,mlp,0.9109166666666666,2.0,False
0.0,3,average_ood,random_forest,0.9014166666666666,4.0,False
0.0,3,average_ood,rbf_svm,0.9060833333333332,3.0,False
0.0,4,average_ood,gradient_boosting,0.89725,5.0,False
0.0,4,average_ood,logistic_regression,0.9055,1.0,True
0.0,4,average_ood,mlp,0.903,2.0,False
0.0,4,average_ood,random_forest,0.8988333333333334,4.0,False
0.0,4,average_ood,rbf_svm,0.9015000000000001,3.0,False
0.0,5,average_ood,gradient_boosting,0.9025833333333334,5.0,False
0.0,5,average_ood,logistic_regression,0.91725,1.0,True
0.0,5,average_ood,mlp,0.9170833333333334,2.0,False
0.0,5,average_ood,random_forest,0.9074166666666665,4.0,False
0.0,5,average_ood,rbf_svm,0.9143333333333333,3.0,False
0.0,6,average_ood,gradient_boosting,0.8986666666666666,5.0,False
0.0,6,average_ood,logistic_regression,0.9086666666666666,1.0,True
0.0,6,average_ood,mlp,0.9081666666666667,2.0,False
0.0,6,average_ood,random_forest,0.9001666666666667,4.0,False
0.0,6,average_ood,rbf_svm,0.9060833333333334,3.0,False
0.0,7,average_ood,gradient_boosting,0.8976666666666666,5.0,False
0.0,7,average_ood,logistic_regression,0.90975,2.0,False
0.0,7,average_ood,mlp,0.9104166666666667,1.0,True
0.0,7,average_ood,random_forest,0.9003333333333333,4.0,False
0.0,7,average_ood,rbf_svm,0.9067500000000001,3.0,False
0.0,8,average_ood,gradient_boosting,0.9019166666666667,5.0,False
0.0,8,average_ood,logistic_regression,0.9130833333333334,1.0,True
0.0,8,average_ood,mlp,0.9116666666666666,3.0,False
0.0,8,average_ood,random_forest,0.9064166666666666,4.0,False
0.0,8,average_ood,rbf_svm,0.9122499999999999,2.0,False
0.0,9,average_ood,gradient_boosting,0.9005833333333334,5.0,False
0.0,9,average_ood,logistic_regression,0.90875,2.0,False
0.0,9,average_ood,mlp,0.9059166666666667,3.0,False
0.0,9,average_ood,random_forest,0.9020833333333333,4.0,False
0.0,9,average_ood,rbf_svm,0.9088333333333333,1.0,True
0.5,0,iid_test,gradient_boosting,0.928,5.0,False
0.5,0,iid_test,logistic_regression,0.935,2.0,False
0.5,0,iid_test,mlp,0.936,1.0,True
0.5,0,iid_test,random_forest,0.9293333333333333,4.0,False
0.5,0,iid_test,rbf_svm,0.9336666666666666,3.0,False
0.5,1,iid_test,gradient_boosting,0.9166666666666666,5.0,False
0.5,1,iid_test,logistic_regression,0.9306666666666666,1.0,True
0.5,1,iid_test,mlp,0.923,3.0,False
0.5,1,iid_test,random_forest,0.922,4.0,False
0.5,1,iid_test,rbf_svm,0.9293333333333333,2.0,False
0.5,2,iid_test,gradient_boosting,0.9336666666666666,3.0,False
0.5,2,iid_test,logistic_regression,0.937,2.0,False
0.5,2,iid_test,mlp,0.9273333333333333,5.0,False
0.5,2,iid_test,random_forest,0.9286666666666666,4.0,False
0.5,2,iid_test,rbf_svm,0.9396666666666667,1.0,True
0.5,3,iid_test,gradient_boosting,0.9163333333333333,4.0,False
0.5,3,iid_test,logistic_regression,0.9263333333333333,1.0,True
0.5,3,iid_test,mlp,0.9253333333333333,3.0,False
0.5,3,iid_test,random_forest,0.915,5.0,False
0.5,3,iid_test,rbf_svm,0.9256666666666666,2.0,False
0.5,4,iid_test,gradient_boosting,0.9216666666666666,5.0,False
0.5,4,iid_test,logistic_regression,0.9313333333333333,1.0,True
0.5,4,iid_test,mlp,0.9293333333333333,2.5,False
0.5,4,iid_test,random_forest,0.9223333333333333,4.0,False
0.5,4,iid_test,rbf_svm,0.9293333333333333,2.5,False
0.5,5,iid_test,gradient_boosting,0.9196666666666666,5.0,False
0.5,5,iid_test,logistic_regression,0.9296666666666666,1.0,True
0.5,5,iid_test,mlp,0.9286666666666666,2.0,False
0.5,5,iid_test,random_forest,0.9203333333333333,4.0,False
0.5,5,iid_test,rbf_svm,0.928,3.0,False
0.5,6,iid_test,gradient_boosting,0.927,4.0,False
0.5,6,iid_test,logistic_regression,0.9313333333333333,1.0,True
0.5,6,iid_test,mlp,0.9303333333333333,2.0,False
0.5,6,iid_test,random_forest,0.9246666666666666,5.0,False
0.5,6,iid_test,rbf_svm,0.929,3.0,False
0.5,7,iid_test,gradient_boosting,0.926,5.0,False
0.5,7,iid_test,logistic_regression,0.939,1.0,True
0.5,7,iid_test,mlp,0.9356666666666666,2.5,False
0.5,7,iid_test,random_forest,0.9263333333333333,4.0,False
0.5,7,iid_test,rbf_svm,0.9356666666666666,2.5,False
0.5,8,iid_test,gradient_boosting,0.9233333333333333,5.0,False
0.5,8,iid_test,logistic_regression,0.9333333333333333,2.0,False
0.5,8,iid_test,mlp,0.9336666666666666,1.0,True
0.5,8,iid_test,random_forest,0.9266666666666666,4.0,False
0.5,8,iid_test,rbf_svm,0.9296666666666666,3.0,False
0.5,9,iid_test,gradient_boosting,0.9193333333333333,5.0,False
0.5,9,iid_test,logistic_regression,0.936,1.0,True
0.5,9,iid_test,mlp,0.9323333333333333,3.0,False
0.5,9,iid_test,random_forest,0.9206666666666666,4.0,False
0.5,9,iid_test,rbf_svm,0.934,2.0,False
0.5,0,average_ood,gradient_boosting,0.8493333333333333,4.0,False
0.5,0,average_ood,logistic_regression,0.8646,1.0,True
0.5,0,average_ood,mlp,0.8543333333333333,2.0,False
0.5,0,average_ood,random_forest,0.8360666666666667,5.0,False
0.5,0,average_ood,rbf_svm,0.8530666666666666,3.0,False
0.5,1,average_ood,gradient_boosting,0.8502666666666666,3.0,False
0.5,1,average_ood,logistic_regression,0.8692,1.0,True
0.5,1,average_ood,mlp,0.8073333333333335,5.0,False
0.5,1,average_ood,random_forest,0.8403333333333334,4.0,False
0.5,1,average_ood,rbf_svm,0.8519333333333332,2.0,False
0.5,2,average_ood,gradient_boosting,0.8396666666666667,2.0,False
0.5,2,average_ood,logistic_regression,0.8549333333333335,1.0,True
0.5,2,average_ood,mlp,0.7852,5.0,False
0.5,2,average_ood,random_forest,0.8306666666666667,4.0,False
0.5,2,average_ood,rbf_svm,0.8390000000000001,3.0,False
0.5,3,average_ood,gradient_boosting,0.8440666666666665,3.0,False
0.5,3,average_ood,logistic_regression,0.8608666666666667,1.0,True
0.5,3,average_ood,mlp,0.8522666666666667,2.0,False
0.5,3,average_ood,random_forest,0.8338000000000001,5.0,False
0.5,3,average_ood,rbf_svm,0.8429333333333334,4.0,False
0.5,4,average_ood,gradient_boosting,0.8437333333333333,2.0,False
0.5,4,average_ood,logistic_regression,0.8597333333333333,1.0,True
0.5,4,average_ood,mlp,0.8332666666666666,5.0,False
0.5,4,average_ood,random_forest,0.8360666666666665,4.0,False
0.5,4,average_ood,rbf_svm,0.8428666666666667,3.0,False
0.5,5,average_ood,gradient_boosting,0.8527333333333333,4.0,False
0.5,5,average_ood,logistic_regression,0.8707333333333332,1.0,True
0.5,5,average_ood,mlp,0.8679333333333332,2.0,False
0.5,5,average_ood,random_forest,0.845,5.0,False
0.5,5,average_ood,rbf_svm,0.8544666666666666,3.0,False
0.5,6,average_ood,gradient_boosting,0.8461333333333332,4.0,False
0.5,6,average_ood,logistic_regression,0.8614666666666666,2.0,False
0.5,6,average_ood,mlp,0.8623333333333333,1.0,True
0.5,6,average_ood,random_forest,0.8438666666666667,5.0,False
0.5,6,average_ood,rbf_svm,0.8471333333333334,3.0,False
0.5,7,average_ood,gradient_boosting,0.8510666666666667,2.0,False
0.5,7,average_ood,logistic_regression,0.8623333333333333,1.0,True
0.5,7,average_ood,mlp,0.8458,4.0,False
0.5,7,average_ood,random_forest,0.8423999999999999,5.0,False
0.5,7,average_ood,rbf_svm,0.8492666666666666,3.0,False
0.5,8,average_ood,gradient_boosting,0.8560000000000001,4.0,False
0.5,8,average_ood,logistic_regression,0.8695333333333333,2.0,False
0.5,8,average_ood,mlp,0.8712666666666667,1.0,True
0.5,8,average_ood,random_forest,0.8519333333333334,5.0,False
0.5,8,average_ood,rbf_svm,0.8580666666666665,3.0,False
0.5,9,average_ood,gradient_boosting,0.8398666666666668,4.0,False
0.5,9,average_ood,logistic_regression,0.8556000000000001,1.0,True
0.5,9,average_ood,mlp,0.8435333333333332,3.0,False
0.5,9,average_ood,random_forest,0.8330666666666666,5.0,False
0.5,9,average_ood,rbf_svm,0.8436666666666668,2.0,False
0.7,0,iid_test,gradient_boosting,0.949,4.0,False
0.7,0,iid_test,logistic_regression,0.9586666666666667,1.5,True
0.7,0,iid_test,mlp,0.9586666666666667,1.5,True
0.7,0,iid_test,random_forest,0.948,5.0,False
0.7,0,iid_test,rbf_svm,0.957,3.0,False
0.7,1,iid_test,gradient_boosting,0.9426666666666667,5.0,False
0.7,1,iid_test,logistic_regression,0.9536666666666667,1.0,True
0.7,1,iid_test,mlp,0.95,3.0,False
0.7,1,iid_test,random_forest,0.944,4.0,False
0.7,1,iid_test,rbf_svm,0.9523333333333334,2.0,False
0.7,2,iid_test,gradient_boosting,0.946,4.5,False
0.7,2,iid_test,logistic_regression,0.9596666666666667,2.0,False
0.7,2,iid_test,mlp,0.96,1.0,True
0.7,2,iid_test,random_forest,0.946,4.5,False
0.7,2,iid_test,rbf_svm,0.9563333333333334,3.0,False
0.7,3,iid_test,gradient_boosting,0.944,5.0,False
0.7,3,iid_test,logistic_regression,0.954,1.0,True
0.7,3,iid_test,mlp,0.9523333333333334,2.0,False
0.7,3,iid_test,random_forest,0.945,4.0,False
0.7,3,iid_test,rbf_svm,0.9513333333333334,3.0,False
0.7,4,iid_test,gradient_boosting,0.9463333333333334,5.0,False
0.7,4,iid_test,logistic_regression,0.953,3.0,False
0.7,4,iid_test,mlp,0.956,1.0,True
0.7,4,iid_test,random_forest,0.9496666666666667,4.0,False
0.7,4,iid_test,rbf_svm,0.9546666666666667,2.0,False
0.7,5,iid_test,gradient_boosting,0.9456666666666667,4.0,False
0.7,5,iid_test,logistic_regression,0.9506666666666667,2.0,False
0.7,5,iid_test,mlp,0.9463333333333334,3.0,False
0.7,5,iid_test,random_forest,0.9453333333333334,5.0,False
0.7,5,iid_test,rbf_svm,0.9513333333333334,1.0,True
0.7,6,iid_test,gradient_boosting,0.9513333333333334,3.5,False
0.7,6,iid_test,logistic_regression,0.9543333333333334,2.0,False
0.7,6,iid_test,mlp,0.9513333333333334,3.5,False
0.7,6,iid_test,random_forest,0.948,5.0,False
0.7,6,iid_test,rbf_svm,0.9546666666666667,1.0,True
0.7,7,iid_test,gradient_boosting,0.95,4.0,False
0.7,7,iid_test,logistic_regression,0.957,1.0,True
0.7,7,iid_test,mlp,0.9503333333333334,3.0,False
0.7,7,iid_test,random_forest,0.949,5.0,False
0.7,7,iid_test,rbf_svm,0.956,2.0,False
0.7,8,iid_test,gradient_boosting,0.949,4.0,False
0.7,8,iid_test,logistic_regression,0.96,1.0,True
0.7,8,iid_test,mlp,0.9586666666666667,2.0,False
0.7,8,iid_test,random_forest,0.9476666666666667,5.0,False
0.7,8,iid_test,rbf_svm,0.9563333333333334,3.0,False
0.7,9,iid_test,gradient_boosting,0.952,4.0,False
0.7,9,iid_test,logistic_regression,0.958,1.0,True
0.7,9,iid_test,mlp,0.9566666666666667,2.0,False
0.7,9,iid_test,random_forest,0.949,5.0,False
0.7,9,iid_test,rbf_svm,0.9553333333333334,3.0,False
0.7,0,average_ood,gradient_boosting,0.7546,4.0,False
0.7,0,average_ood,logistic_regression,0.7970666666666666,1.0,True
0.7,0,average_ood,mlp,0.7960666666666667,2.0,False
0.7,0,average_ood,random_forest,0.716,5.0,False
0.7,0,average_ood,rbf_svm,0.7784666666666666,3.0,False
0.7,1,average_ood,gradient_boosting,0.7584666666666666,3.0,False
0.7,1,average_ood,logistic_regression,0.7942666666666667,1.0,True
0.7,1,average_ood,mlp,0.7395333333333333,4.0,False
0.7,1,average_ood,random_forest,0.7187333333333334,5.0,False
0.7,1,average_ood,rbf_svm,0.7746666666666667,2.0,False
0.7,2,average_ood,gradient_boosting,0.7293333333333334,4.0,False
0.7,2,average_ood,logistic_regression,0.7748,1.0,True
0.7,2,average_ood,mlp,0.7710666666666667,2.0,False
0.7,2,average_ood,random_forest,0.7028000000000001,5.0,False
0.7,2,average_ood,rbf_svm,0.7547333333333333,3.0,False
0.7,3,average_ood,gradient_boosting,0.7505333333333333,4.0,False
0.7,3,average_ood,logistic_regression,0.7860000000000001,1.0,True
0.7,3,average_ood,mlp,0.7539333333333333,3.0,False
0.7,3,average_ood,random_forest,0.7213999999999999,5.0,False
0.7,3,average_ood,rbf_svm,0.7712666666666667,2.0,False
0.7,4,average_ood,gradient_boosting,0.7525999999999999,4.0,False
0.7,4,average_ood,logistic_regression,0.7884,1.0,True
0.7,4,average_ood,mlp,0.7533333333333332,3.0,False
0.7,4,average_ood,random_forest,0.7155333333333334,5.0,False
0.7,4,average_ood,rbf_svm,0.7727333333333333,2.0,False
0.7,5,average_ood,gradient_boosting,0.7586,3.0,False
0.7,5,average_ood,logistic_regression,0.7964,1.0,True
0.7,5,average_ood,mlp,0.7426666666666667,4.0,False
0.7,5,average_ood,random_forest,0.7112,5.0,False
0.7,5,average_ood,rbf_svm,0.7821333333333333,2.0,False
0.7,6,average_ood,gradient_boosting,0.7364,3.0,False
0.7,6,average_ood,logistic_regression,0.7888666666666667,1.0,True
0.7,6,average_ood,mlp,0.7209999999999999,4.0,False
0.7,6,average_ood,random_forest,0.7181333333333334,5.0,False
0.7,6,average_ood,rbf_svm,0.7694000000000001,2.0,False
0.7,7,average_ood,gradient_boosting,0.7697333333333334,3.0,False
0.7,7,average_ood,logistic_regression,0.7932,1.0,True
0.7,7,average_ood,mlp,0.7250666666666666,5.0,False
0.7,7,average_ood,random_forest,0.7367333333333334,4.0,False
0.7,7,average_ood,rbf_svm,0.7801333333333333,2.0,False
0.7,8,average_ood,gradient_boosting,0.7694666666666666,4.0,False
0.7,8,average_ood,logistic_regression,0.7993333333333335,2.0,False
0.7,8,average_ood,mlp,0.8033333333333333,1.0,True
0.7,8,average_ood,random_forest,0.7414000000000001,5.0,False
0.7,8,average_ood,rbf_svm,0.7806,3.0,False
0.7,9,average_ood,gradient_boosting,0.7544666666666667,4.0,False
0.7,9,average_ood,logistic_regression,0.7804,2.0,False
0.7,9,average_ood,mlp,0.7810666666666667,1.0,True
0.7,9,average_ood,random_forest,0.7209333333333333,5.0,False
0.7,9,average_ood,rbf_svm,0.7614,3.0,False
0.9,0,iid_test,gradient_boosting,0.99,4.0,False
0.9,0,iid_test,logistic_regression,0.9926666666666667,1.5,True
0.9,0,iid_test,mlp,0.9923333333333333,3.0,False
0.9,0,iid_test,random_forest,0.989,5.0,False
0.9,0,iid_test,rbf_svm,0.9926666666666667,1.5,True
0.9,1,iid_test,gradient_boosting,0.9873333333333333,4.0,False
0.9,1,iid_test,logistic_regression,0.992,2.0,False
0.9,1,iid_test,mlp,0.9923333333333333,1.0,True
0.9,1,iid_test,random_forest,0.9866666666666667,5.0,False
0.9,1,iid_test,rbf_svm,0.991,3.0,False
0.9,2,iid_test,gradient_boosting,0.9886666666666667,5.0,False
0.9,2,iid_test,logistic_regression,0.995,2.0,False
0.9,2,iid_test,mlp,0.9953333333333333,1.0,True
0.9,2,iid_test,random_forest,0.9903333333333333,4.0,False
0.9,2,iid_test,rbf_svm,0.9926666666666667,3.0,False
0.9,3,iid_test,gradient_boosting,0.989,4.0,False
0.9,3,iid_test,logistic_regression,0.9923333333333333,2.0,False
0.9,3,iid_test,mlp,0.9906666666666667,3.0,False
0.9,3,iid_test,random_forest,0.9866666666666667,5.0,False
0.9,3,iid_test,rbf_svm,0.9926666666666667,1.0,True
0.9,4,iid_test,gradient_boosting,0.9916666666666667,4.0,False
0.9,4,iid_test,logistic_regression,0.9946666666666667,2.0,False
0.9,4,iid_test,mlp,0.9963333333333333,1.0,True
0.9,4,iid_test,random_forest,0.9893333333333333,5.0,False
0.9,4,iid_test,rbf_svm,0.9943333333333333,3.0,False
0.9,5,iid_test,gradient_boosting,0.992,4.0,False
0.9,5,iid_test,logistic_regression,0.9926666666666667,1.5,True
0.9,5,iid_test,mlp,0.9926666666666667,1.5,True
0.9,5,iid_test,random_forest,0.9876666666666667,5.0,False
0.9,5,iid_test,rbf_svm,0.9923333333333333,3.0,False
0.9,6,iid_test,gradient_boosting,0.9916666666666667,5.0,False
0.9,6,iid_test,logistic_regression,0.995,2.0,False
0.9,6,iid_test,mlp,0.9943333333333333,3.5,False
0.9,6,iid_test,random_forest,0.9943333333333333,3.5,False
0.9,6,iid_test,rbf_svm,0.9953333333333333,1.0,True
0.9,7,iid_test,gradient_boosting,0.9926666666666667,3.0,False
0.9,7,iid_test,logistic_regression,0.9956666666666667,2.0,False
0.9,7,iid_test,mlp,0.9913333333333333,5.0,False
0.9,7,iid_test,random_forest,0.9916666666666667,4.0,False
0.9,7,iid_test,rbf_svm,0.9963333333333333,1.0,True
0.9,8,iid_test,gradient_boosting,0.9933333333333333,4.0,False
0.9,8,iid_test,logistic_regression,0.9946666666666667,1.5,True
0.9,8,iid_test,mlp,0.987,5.0,False
0.9,8,iid_test,random_forest,0.994,3.0,False
0.9,8,iid_test,rbf_svm,0.9946666666666667,1.5,True
0.9,9,iid_test,gradient_boosting,0.992,4.0,False
0.9,9,iid_test,logistic_regression,0.994,2.5,False
0.9,9,iid_test,mlp,0.9943333333333333,1.0,True
0.9,9,iid_test,random_forest,0.9913333333333333,5.0,False
0.9,9,iid_test,rbf_svm,0.994,2.5,False
0.9,10,iid_test,gradient_boosting,0.991,4.0,False
0.9,10,iid_test,logistic_regression,0.9933333333333333,1.5,True
0.9,10,iid_test,mlp,0.9923333333333333,3.0,False
0.9,10,iid_test,random_forest,0.9873333333333333,5.0,False
0.9,10,iid_test,rbf_svm,0.9933333333333333,1.5,True
0.9,11,iid_test,gradient_boosting,0.994,4.0,False
0.9,11,iid_test,logistic_regression,0.996,2.0,False
0.9,11,iid_test,mlp,0.9963333333333333,1.0,True
0.9,11,iid_test,random_forest,0.9936666666666667,5.0,False
0.9,11,iid_test,rbf_svm,0.9956666666666667,3.0,False
0.9,12,iid_test,gradient_boosting,0.99,4.0,False
0.9,12,iid_test,logistic_regression,0.9916666666666667,2.5,False
0.9,12,iid_test,mlp,0.9916666666666667,2.5,False
0.9,12,iid_test,random_forest,0.989,5.0,False
0.9,12,iid_test,rbf_svm,0.9926666666666667,1.0,True
0.9,13,iid_test,gradient_boosting,0.992,3.0,False
0.9,13,iid_test,logistic_regression,0.994,1.0,True
0.9,13,iid_test,mlp,0.9916666666666667,4.0,False
0.9,13,iid_test,random_forest,0.9886666666666667,5.0,False
0.9,13,iid_test,rbf_svm,0.9926666666666667,2.0,False
0.9,14,iid_test,gradient_boosting,0.9893333333333333,4.0,False
0.9,14,iid_test,logistic_regression,0.9933333333333333,1.0,True
0.9,14,iid_test,mlp,0.992,2.0,False
0.9,14,iid_test,random_forest,0.985,5.0,False
0.9,14,iid_test,rbf_svm,0.991,3.0,False
0.9,15,iid_test,gradient_boosting,0.99,4.0,False
0.9,15,iid_test,logistic_regression,0.9946666666666667,2.0,False
0.9,15,iid_test,mlp,0.9923333333333333,3.0,False
0.9,15,iid_test,random_forest,0.989,5.0,False
0.9,15,iid_test,rbf_svm,0.995,1.0,True
0.9,16,iid_test,gradient_boosting,0.9916666666666667,5.0,False
0.9,16,iid_test,logistic_regression,0.995,1.0,True
0.9,16,iid_test,mlp,0.992,3.5,False
0.9,16,iid_test,random_forest,0.992,3.5,False
0.9,16,iid_test,rbf_svm,0.9943333333333333,2.0,False
0.9,17,iid_test,gradient_boosting,0.989,5.0,False
0.9,17,iid_test,logistic_regression,0.994,1.0,True
0.9,17,iid_test,mlp,0.9926666666666667,3.0,False
0.9,17,iid_test,random_forest,0.9896666666666667,4.0,False
0.9,17,iid_test,rbf_svm,0.9936666666666667,2.0,False
0.9,18,iid_test,gradient_boosting,0.9896666666666667,4.0,False
0.9,18,iid_test,logistic_regression,0.9943333333333333,1.5,True
0.9,18,iid_test,mlp,0.9926666666666667,3.0,False
0.9,18,iid_test,random_forest,0.9893333333333333,5.0,False
0.9,18,iid_test,rbf_svm,0.9943333333333333,1.5,True
0.9,19,iid_test,gradient_boosting,0.991,4.0,False
0.9,19,iid_test,logistic_regression,0.992,3.0,False
0.9,19,iid_test,mlp,0.9943333333333333,1.0,True
0.9,19,iid_test,random_forest,0.987,5.0,False
0.9,19,iid_test,rbf_svm,0.9926666666666667,2.0,False
0.9,0,average_ood,gradient_boosting,0.4546666666666666,4.0,False
0.9,0,average_ood,logistic_regression,0.5531999999999999,2.0,False
0.9,0,average_ood,mlp,0.5423333333333333,3.0,False
0.9,0,average_ood,random_forest,0.4126666666666667,5.0,False
0.9,0,average_ood,rbf_svm,0.5536666666666666,1.0,True
0.9,1,average_ood,gradient_boosting,0.4366666666666667,4.0,False
0.9,1,average_ood,logistic_regression,0.533,2.0,False
0.9,1,average_ood,mlp,0.5820666666666666,1.0,True
0.9,1,average_ood,random_forest,0.3992,5.0,False
0.9,1,average_ood,rbf_svm,0.5256666666666667,3.0,False
0.9,2,average_ood,gradient_boosting,0.4385333333333333,4.0,False
0.9,2,average_ood,logistic_regression,0.5296000000000001,2.0,False
0.9,2,average_ood,mlp,0.5539333333333334,1.0,True
0.9,2,average_ood,random_forest,0.4082,5.0,False
0.9,2,average_ood,rbf_svm,0.5264,3.0,False
0.9,3,average_ood,gradient_boosting,0.44853333333333334,4.0,False
0.9,3,average_ood,logistic_regression,0.5472666666666667,2.0,False
0.9,3,average_ood,mlp,0.5925999999999999,1.0,True
0.9,3,average_ood,random_forest,0.4014666666666667,5.0,False
0.9,3,average_ood,rbf_svm,0.5407333333333334,3.0,False
0.9,4,average_ood,gradient_boosting,0.4592666666666666,4.0,False
0.9,4,average_ood,logistic_regression,0.5449333333333334,3.0,False
0.9,4,average_ood,mlp,0.579,1.0,True
0.9,4,average_ood,random_forest,0.40953333333333325,5.0,False
0.9,4,average_ood,rbf_svm,0.5555333333333332,2.0,False
0.9,5,average_ood,gradient_boosting,0.44993333333333335,4.0,False
0.9,5,average_ood,logistic_regression,0.5465333333333333,3.0,False
0.9,5,average_ood,mlp,0.5744666666666667,1.0,True
0.9,5,average_ood,random_forest,0.4076666666666666,5.0,False
0.9,5,average_ood,rbf_svm,0.5511333333333334,2.0,False
0.9,6,average_ood,gradient_boosting,0.4382,4.0,False
0.9,6,average_ood,logistic_regression,0.5551333333333334,3.0,False
0.9,6,average_ood,mlp,0.6139333333333333,1.0,True
0.9,6,average_ood,random_forest,0.41,5.0,False
0.9,6,average_ood,rbf_svm,0.5581333333333334,2.0,False
0.9,7,average_ood,gradient_boosting,0.4556000000000001,4.0,False
0.9,7,average_ood,logistic_regression,0.5647333333333334,2.0,False
0.9,7,average_ood,mlp,0.6210666666666667,1.0,True
0.9,7,average_ood,random_forest,0.4129333333333333,5.0,False
0.9,7,average_ood,rbf_svm,0.5618000000000001,3.0,False
0.9,8,average_ood,gradient_boosting,0.4566666666666667,4.0,False
0.9,8,average_ood,logistic_regression,0.5644,2.0,False
0.9,8,average_ood,mlp,0.6220666666666668,1.0,True
0.9,8,average_ood,random_forest,0.41559999999999997,5.0,False
0.9,8,average_ood,rbf_svm,0.557,3.0,False
0.9,9,average_ood,gradient_boosting,0.44880000000000003,4.0,False
0.9,9,average_ood,logistic_regression,0.5546,3.0,False
0.9,9,average_ood,mlp,0.5980666666666666,1.0,True
0.9,9,average_ood,random_forest,0.41133333333333344,5.0,False
0.9,9,average_ood,rbf_svm,0.5584666666666667,2.0,False
0.9,10,average_ood,gradient_boosting,0.4406666666666667,4.0,False
0.9,10,average_ood,logistic_regression,0.543,3.0,False
0.9,10,average_ood,mlp,0.5822,1.0,True
0.9,10,average_ood,random_forest,0.4022,5.0,False
0.9,10,average_ood,rbf_svm,0.5446000000000001,2.0,False
0.9,11,average_ood,gradient_boosting,0.44493333333333335,4.0,False
0.9,11,average_ood,logistic_regression,0.5611999999999999,1.0,True
0.9,11,average_ood,mlp,0.5578000000000001,2.0,False
0.9,11,average_ood,random_forest,0.4046,5.0,False
0.9,11,average_ood,rbf_svm,0.5560000000000002,3.0,False
0.9,12,average_ood,gradient_boosting,0.44206666666666666,4.0,False
0.9,12,average_ood,logistic_regression,0.5438,2.0,False
0.9,12,average_ood,mlp,0.557,1.0,True
0.9,12,average_ood,random_forest,0.3975333333333333,5.0,False
0.9,12,average_ood,rbf_svm,0.5359333333333334,3.0,False
0.9,13,average_ood,gradient_boosting,0.44913333333333333,4.0,False
0.9,13,average_ood,logistic_regression,0.5455333333333333,3.0,False
0.9,13,average_ood,mlp,0.6707333333333333,1.0,True
0.9,13,average_ood,random_forest,0.3990666666666667,5.0,False
0.9,13,average_ood,rbf_svm,0.5476666666666667,2.0,False
0.9,14,average_ood,gradient_boosting,0.4524,4.0,False
0.9,14,average_ood,logistic_regression,0.5404,2.0,False
0.9,14,average_ood,mlp,0.5860666666666666,1.0,True
0.9,14,average_ood,random_forest,0.40226666666666666,5.0,False
0.9,14,average_ood,rbf_svm,0.5342,3.0,False
0.9,15,average_ood,gradient_boosting,0.4413333333333333,4.0,False
0.9,15,average_ood,logistic_regression,0.5524666666666667,3.0,False
0.9,15,average_ood,mlp,0.6258000000000001,1.0,True
0.9,15,average_ood,random_forest,0.40873333333333334,5.0,False
0.9,15,average_ood,rbf_svm,0.5635333333333333,2.0,False
0.9,16,average_ood,gradient_boosting,0.44926666666666665,4.0,False
0.9,16,average_ood,logistic_regression,0.5477333333333333,3.0,False
0.9,16,average_ood,mlp,0.6161333333333333,1.0,True
0.9,16,average_ood,random_forest,0.40713333333333335,5.0,False
0.9,16,average_ood,rbf_svm,0.5535333333333333,2.0,False
0.9,17,average_ood,gradient_boosting,0.4496666666666667,4.0,False
0.9,17,average_ood,logistic_regression,0.5492666666666666,3.0,False
0.9,17,average_ood,mlp,0.6202,1.0,True
0.9,17,average_ood,random_forest,0.4096,5.0,False
0.9,17,average_ood,rbf_svm,0.5516,2.0,False
0.9,18,average_ood,gradient_boosting,0.44173333333333337,4.0,False
0.9,18,average_ood,logistic_regression,0.5248,3.0,False
0.9,18,average_ood,mlp,0.5986666666666667,1.0,True
0.9,18,average_ood,random_forest,0.40953333333333336,5.0,False
0.9,18,average_ood,rbf_svm,0.5390666666666667,2.0,False
0.9,19,average_ood,gradient_boosting,0.4484666666666667,4.0,False
0.9,19,average_ood,logistic_regression,0.5326666666666666,3.0,False
0.9,19,average_ood,mlp,0.5924666666666667,1.0,True
0.9,19,average_ood,random_forest,0.4066666666666666,5.0,False
0.9,19,average_ood,rbf_svm,0.5486,2.0,False
