rho_train,replicate,model,iid_accuracy_all,iid_accuracy_stable_only,raw_loco,loco_normalized
0.0,0,logistic_regression,0.91,0.9105,-0.0004999999999999449,-0.005586592178770333
0.0,0,rbf_svm,0.9075,0.906,0.0014999999999999458,0.015957446808510068
0.0,0,random_forest,0.9045,0.9075,-0.0030000000000000027,-0.032432432432432455
0.0,0,gradient_boosting,0.8965,0.8975,-0.0010000000000000009,-0.009756097560975615
0.0,0,mlp,0.905,0.9045,0.000500000000000056,0.005235602094241422
0.0,1,logistic_regression,0.9175,0.9175,0.0,0.0
0.0,1,rbf_svm,0.9175,0.922,-0.0045000000000000595,-0.05769230769230849
0.0,1,random_forest,0.908,0.9085,-0.0004999999999999449,-0.005464480874316336
0.0,1,gradient_boosting,0.9065,0.909,-0.0025000000000000577,-0.027472527472528117
0.0,1,mlp,0.9145,0.919,-0.0045000000000000595,-0.055555555555556316
0.0,2,logistic_regression,0.9025,0.9025,0.0,0.0
0.0,2,rbf_svm,0.8975,0.898,-0.000500000000000056,-0.004901960784314275
0.0,2,random_forest,0.8965,0.8975,-0.0010000000000000009,-0.009756097560975615
0.0,2,gradient_boosting,0.9035,0.8965,0.007000000000000006,0.06763285024154593
0.0,2,mlp,0.9025,0.897,0.005499999999999949,0.0533980582524267
0.0,3,logistic_regression,0.9075,0.9085,-0.0010000000000000009,-0.010928961748633887
0.0,3,rbf_svm,0.903,0.9055,-0.0024999999999999467,-0.026455026455025885
0.0,3,random_forest,0.8945,0.897,-0.0025000000000000577,-0.02427184466019474
0.0,3,gradient_boosting,0.8925,0.894,-0.0015000000000000568,-0.014150943396226953
0.0,3,mlp,0.9065,0.906,0.0004999999999999449,0.005319148936169629
0.0,4,logistic_regression,0.9225,0.9195,0.0030000000000000027,0.037267080745341644
0.0,4,rbf_svm,0.9165,0.92,-0.0035000000000000586,-0.043750000000000754
0.0,4,random_forest,0.9125,0.9145,-0.0020000000000000018,-0.023391812865497092
0.0,4,gradient_boosting,0.9115,0.916,-0.0045000000000000595,-0.053571428571429304
0.0,4,mlp,0.9205,0.9225,-0.0020000000000000018,-0.025806451612903243
0.0,5,logistic_regression,0.91,0.9085,0.0015000000000000568,0.016393442622951435
0.0,5,rbf_svm,0.9065,0.911,-0.0045000000000000595,-0.050561797752809674
0.0,5,random_forest,0.9005,0.8935,0.007000000000000006,0.06572769953051646
0.0,5,gradient_boosting,0.8985,0.892,0.00649999999999995,0.06018518518518473
0.0,5,mlp,0.911,0.9125,-0.0014999999999999458,-0.01714285714285652
0.0,6,logistic_regression,0.909,0.9095,-0.0004999999999999449,-0.005524861878452429
0.0,6,rbf_svm,0.9035,0.9085,-0.0050000000000000044,-0.05464480874316943
0.0,6,random_forest,0.911,0.904,0.007000000000000006,0.07291666666666675
0.0,6,gradient_boosting,0.9025,0.9,0.0024999999999999467,0.024999999999999474
0.0,6,mlp,0.9045,0.91,-0.00550000000000006,-0.0611111111111118
0.0,7,logistic_regression,0.9085,0.909,-0.000500000000000056,-0.005494505494506112
0.0,7,rbf_svm,0.9075,0.9095,-0.0020000000000000018,-0.022099447513812168
0.0,7,random_forest,0.9065,0.901,0.005499999999999949,0.05555555555555506
0.0,7,gradient_boosting,0.8985,0.8995,-0.0010000000000000009,-0.00995024875621891
0.0,7,mlp,0.911,0.9055,0.00550000000000006,0.05820105820105882
0.0,8,logistic_regression,0.911,0.9095,0.0015000000000000568,0.01657458563535974
0.0,8,rbf_svm,0.904,0.9055,-0.0014999999999999458,-0.015873015873015296
0.0,8,random_forest,0.902,0.905,-0.0030000000000000027,-0.03157894736842109
0.0,8,gradient_boosting,0.8955,0.9005,-0.0050000000000000044,-0.050251256281407065
0.0,8,mlp,0.9055,0.9085,-0.0030000000000000027,-0.03278688524590166
0.0,9,logistic_regression,0.918,0.919,-0.0010000000000000009,-0.012345679012345696
0.0,9,rbf_svm,0.9075,0.9155,-0.008000000000000007,-0.09467455621301782
0.0,9,random_forest,0.9095,0.909,0.0004999999999999449,0.005494505494504891
0.0,9,gradient_boosting,0.904,0.901,0.0030000000000000027,0.03030303030303034
0.0,9,mlp,0.9165,0.9145,0.0020000000000000018,0.023391812865497092
0.5,0,logistic_regression,0.927,0.9105,0.01650000000000007,0.18435754189944206
0.5,0,rbf_svm,0.925,0.906,0.019000000000000017,0.20212765957446832
0.5,0,random_forest,0.9205,0.9075,0.013000000000000012,0.14054054054054063
0.5,0,gradient_boosting,0.9225,0.8975,0.025000000000000022,0.24390243902439038
0.5,0,mlp,0.927,0.9045,0.022500000000000075,0.23560209424083842
0.5,1,logistic_regression,0.929,0.9175,0.011500000000000066,0.13939393939394015
0.5,1,rbf_svm,0.9285,0.922,0.00649999999999995,0.08333333333333275
0.5,1,random_forest,0.918,0.9085,0.009500000000000064,0.10382513661202253
0.5,1,gradient_boosting,0.9115,0.909,0.0024999999999999467,0.027472527472526896
0.5,1,mlp,0.921,0.919,0.0020000000000000018,0.02469135802469139
0.5,2,logistic_regression,0.9245,0.9025,0.02200000000000002,0.22564102564102578
0.5,2,rbf_svm,0.923,0.898,0.025000000000000022,0.24509803921568654
0.5,2,random_forest,0.9125,0.8975,0.015000000000000013,0.14634146341463422
0.5,2,gradient_boosting,0.9185,0.8965,0.02200000000000002,0.21256038647343006
0.5,2,mlp,0.9115,0.897,0.014499999999999957,0.14077669902912582
0.5,3,logistic_regression,0.9295,0.9085,0.02100000000000002,0.22950819672131162
0.5,3,rbf_svm,0.9255,0.9055,0.020000000000000018,0.21164021164021177
0.5,3,random_forest,0.9155,0.897,0.01849999999999996,0.17961165048543654
0.5,3,gradient_boosting,0.9175,0.894,0.023499999999999965,0.22169811320754687
0.5,3,mlp,0.926,0.906,0.020000000000000018,0.21276595744680876
0.5,4,logistic_regression,0.934,0.9195,0.014500000000000068,0.18012422360248528
0.5,4,rbf_svm,0.93,0.92,0.010000000000000009,0.12500000000000017
0.5,4,random_forest,0.928,0.9145,0.013500000000000068,0.157894736842106
0.5,4,gradient_boosting,0.924,0.916,0.008000000000000007,0.09523809523809536
0.5,4,mlp,0.931,0.9225,0.008500000000000063,0.1096774193548395
0.5,5,logistic_regression,0.925,0.9085,0.01650000000000007,0.18032786885245974
0.5,5,rbf_svm,0.9205,0.911,0.009499999999999953,0.10674157303370738
0.5,5,random_forest,0.909,0.8935,0.01550000000000007,0.145539906103287
0.5,5,gradient_boosting,0.906,0.892,0.014000000000000012,0.12962962962962976
0.5,5,mlp,0.925,0.9125,0.012500000000000067,0.14285714285714357
0.5,6,logistic_regression,0.9305,0.9095,0.02100000000000002,0.23204419889502775
0.5,6,rbf_svm,0.928,0.9085,0.019500000000000073,0.2131147540983614
0.5,6,random_forest,0.923,0.904,0.019000000000000017,0.1979166666666669
0.5,6,gradient_boosting,0.9185,0.9,0.01849999999999996,0.18499999999999964
0.5,6,mlp,0.9275,0.91,0.01749999999999996,0.19444444444444406
0.5,7,logistic_regression,0.9305,0.909,0.021499999999999964,0.23626373626373595
0.5,7,rbf_svm,0.9295,0.9095,0.020000000000000018,0.22099447513812168
0.5,7,random_forest,0.9195,0.901,0.01849999999999996,0.18686868686868652
0.5,7,gradient_boosting,0.9205,0.8995,0.02100000000000002,0.20895522388059712
0.5,7,mlp,0.931,0.9055,0.025500000000000078,0.2698412698412706
0.5,8,logistic_regression,0.9205,0.9095,0.01100000000000001,0.12154696132596693
0.5,8,rbf_svm,0.914,0.9055,0.008500000000000063,0.08994708994709058
0.5,8,random_forest,0.905,0.905,0.0,0.0
0.5,8,gradient_boosting,0.901,0.9005,0.000500000000000056,0.005025125628141264
0.5,8,mlp,0.92,0.9085,0.011500000000000066,0.1256830601092903
0.5,9,logistic_regression,0.933,0.919,0.014000000000000012,0.17283950617283975
0.5,9,rbf_svm,0.9325,0.9155,0.017000000000000015,0.20118343195266286
0.5,9,random_forest,0.924,0.909,0.015000000000000013,0.16483516483516503
0.5,9,gradient_boosting,0.921,0.901,0.020000000000000018,0.20202020202020224
0.5,9,mlp,0.934,0.9145,0.019500000000000073,0.22807017543859728
0.7,0,logistic_regression,0.952,0.9105,0.04149999999999998,0.4636871508379885
0.7,0,rbf_svm,0.952,0.906,0.04599999999999993,0.48936170212765895
0.7,0,random_forest,0.9495,0.9075,0.04200000000000004,0.4540540540540543
0.7,0,gradient_boosting,0.9465,0.8975,0.049000000000000044,0.47804878048780514
0.7,0,mlp,0.9535,0.9045,0.049000000000000044,0.5130890052356024
0.7,1,logistic_regression,0.9545,0.9175,0.03700000000000003,0.44848484848484876
0.7,1,rbf_svm,0.953,0.922,0.030999999999999917,0.3974358974358966
0.7,1,random_forest,0.9485,0.9085,0.040000000000000036,0.43715846994535545
0.7,1,gradient_boosting,0.9455,0.909,0.03649999999999998,0.40109890109890095
0.7,1,mlp,0.956,0.919,0.03699999999999992,0.4567901234567894
0.7,2,logistic_regression,0.949,0.9025,0.046499999999999986,0.4769230769230766
0.7,2,rbf_svm,0.95,0.898,0.051999999999999935,0.509803921568627
0.7,2,random_forest,0.941,0.8975,0.04349999999999998,0.42439024390243874
0.7,2,gradient_boosting,0.94,0.8965,0.04349999999999998,0.42028985507246347
0.7,2,mlp,0.9475,0.897,0.05049999999999999,0.49029126213592233
0.7,3,logistic_regression,0.952,0.9085,0.04349999999999998,0.47540983606557347
0.7,3,rbf_svm,0.95,0.9055,0.044499999999999984,0.4708994708994706
0.7,3,random_forest,0.946,0.897,0.04899999999999993,0.4757281553398053
0.7,3,gradient_boosting,0.9445,0.894,0.05049999999999999,0.4764150943396226
0.7,3,mlp,0.9495,0.906,0.04349999999999998,0.4627659574468085
0.7,4,logistic_regression,0.9565,0.9195,0.03700000000000003,0.4596273291925469
0.7,4,rbf_svm,0.9515,0.92,0.03149999999999997,0.3937499999999999
0.7,4,random_forest,0.9485,0.9145,0.03400000000000003,0.39766081871345055
0.7,4,gradient_boosting,0.949,0.916,0.03299999999999992,0.39285714285714207
0.7,4,mlp,0.9545,0.9225,0.03200000000000003,0.4129032258064519
0.7,5,logistic_regression,0.952,0.9085,0.04349999999999998,0.47540983606557347
0.7,5,rbf_svm,0.9515,0.911,0.04049999999999998,0.45505617977528084
0.7,5,random_forest,0.935,0.8935,0.04150000000000009,0.38967136150234816
0.7,5,gradient_boosting,0.942,0.892,0.04999999999999993,0.4629629629629624
0.7,5,mlp,0.9525,0.9125,0.040000000000000036,0.4571428571428574
0.7,6,logistic_regression,0.9495,0.9095,0.040000000000000036,0.44198895027624335
0.7,6,rbf_svm,0.948,0.9085,0.03949999999999998,0.4316939890710379
0.7,6,random_forest,0.9435,0.904,0.03949999999999998,0.4114583333333332
0.7,6,gradient_boosting,0.9445,0.9,0.044499999999999984,0.44499999999999995
0.7,6,mlp,0.9455,0.91,0.035499999999999976,0.3944444444444443
0.7,7,logistic_regression,0.954,0.909,0.04499999999999993,0.4945054945054939
0.7,7,rbf_svm,0.955,0.9095,0.045499999999999985,0.5027624309392262
0.7,7,random_forest,0.9415,0.901,0.04049999999999998,0.409090909090909
0.7,7,gradient_boosting,0.943,0.8995,0.04349999999999998,0.4328358208955221
0.7,7,mlp,0.9495,0.9055,0.04400000000000004,0.46560846560846586
0.7,8,logistic_regression,0.948,0.9095,0.03849999999999998,0.4254143646408836
0.7,8,rbf_svm,0.9465,0.9055,0.041000000000000036,0.4338624338624341
0.7,8,random_forest,0.934,0.905,0.029000000000000026,0.3052631578947372
0.7,8,gradient_boosting,0.9325,0.9005,0.03200000000000003,0.3216080402010052
0.7,8,mlp,0.9475,0.9085,0.039000000000000035,0.42622950819672156
0.7,9,logistic_regression,0.9555,0.919,0.03649999999999998,0.45061728395061723
0.7,9,rbf_svm,0.9505,0.9155,0.03500000000000003,0.41420118343195295
0.7,9,random_forest,0.9495,0.909,0.04049999999999998,0.445054945054945
0.7,9,gradient_boosting,0.948,0.901,0.04699999999999993,0.47474747474747414
0.7,9,mlp,0.9545,0.9145,0.040000000000000036,0.4678362573099418
0.9,0,logistic_regression,0.994,0.9105,0.08350000000000002,0.9329608938547486
0.9,0,rbf_svm,0.994,0.906,0.08799999999999997,0.9361702127659574
0.9,0,random_forest,0.989,0.9075,0.08150000000000002,0.881081081081081
0.9,0,gradient_boosting,0.992,0.8975,0.09450000000000003,0.921951219512195
0.9,0,mlp,0.9945,0.9045,0.09000000000000008,0.9424083769633513
0.9,1,logistic_regression,0.99,0.9175,0.07250000000000001,0.8787878787878787
0.9,1,rbf_svm,0.9895,0.922,0.0675,0.8653846153846159
0.9,1,random_forest,0.9875,0.9085,0.07900000000000007,0.863387978142077
0.9,1,gradient_boosting,0.9865,0.909,0.07750000000000001,0.8516483516483521
0.9,1,mlp,0.9905,0.919,0.07150000000000001,0.8827160493827165
0.9,2,logistic_regression,0.9915,0.9025,0.08900000000000008,0.9128205128205134
0.9,2,rbf_svm,0.992,0.898,0.09399999999999997,0.9215686274509803
0.9,2,random_forest,0.9895,0.8975,0.09200000000000008,0.8975609756097566
0.9,2,gradient_boosting,0.988,0.8965,0.09150000000000003,0.8840579710144927
0.9,2,mlp,0.9905,0.897,0.09350000000000003,0.9077669902912626
0.9,3,logistic_regression,0.992,0.9085,0.08350000000000002,0.9125683060109289
0.9,3,rbf_svm,0.9925,0.9055,0.08700000000000008,0.9206349206349211
0.9,3,random_forest,0.9865,0.897,0.08950000000000002,0.8689320388349518
0.9,3,gradient_boosting,0.9875,0.894,0.09350000000000003,0.8820754716981136
0.9,3,mlp,0.9905,0.906,0.08450000000000002,0.8989361702127664
0.9,4,logistic_regression,0.994,0.9195,0.07450000000000001,0.9254658385093167
0.9,4,rbf_svm,0.9935,0.92,0.07350000000000001,0.9187500000000006
0.9,4,random_forest,0.9915,0.9145,0.07700000000000007,0.900584795321638
0.9,4,gradient_boosting,0.993,0.916,0.07699999999999996,0.9166666666666665
0.9,4,mlp,0.994,0.9225,0.07150000000000001,0.9225806451612902
0.9,5,logistic_regression,0.9945,0.9085,0.08600000000000008,0.9398907103825143
0.9,5,rbf_svm,0.9935,0.911,0.08250000000000002,0.926966292134832
0.9,5,random_forest,0.9875,0.8935,0.09400000000000008,0.8826291079812211
0.9,5,gradient_boosting,0.9895,0.892,0.09750000000000003,0.9027777777777782
0.9,5,mlp,0.993,0.9125,0.08050000000000002,0.9199999999999999
0.9,6,logistic_regression,0.994,0.9095,0.08450000000000002,0.9337016574585635
0.9,6,rbf_svm,0.994,0.9085,0.08550000000000002,0.9344262295081966
0.9,6,random_forest,0.9935,0.904,0.08950000000000002,0.9322916666666672
0.9,6,gradient_boosting,0.993,0.9,0.09299999999999997,0.9299999999999999
0.9,6,mlp,0.9935,0.91,0.08350000000000002,0.9277777777777783
0.9,7,logistic_regression,0.9915,0.909,0.08250000000000002,0.906593406593407
0.9,7,rbf_svm,0.991,0.9095,0.08150000000000002,0.9005524861878452
0.9,7,random_forest,0.988,0.901,0.08699999999999997,0.8787878787878787
0.9,7,gradient_boosting,0.9885,0.8995,0.08900000000000008,0.8855721393034831
0.9,7,mlp,0.986,0.9055,0.08050000000000002,0.8518518518518517
0.9,8,logistic_regression,0.9915,0.9095,0.08200000000000007,0.9060773480662989
0.9,8,rbf_svm,0.992,0.9055,0.08650000000000002,0.9153439153439153
0.9,8,random_forest,0.9855,0.905,0.08050000000000002,0.847368421052632
0.9,8,gradient_boosting,0.9885,0.9005,0.08800000000000008,0.8844221105527643
0.9,8,mlp,0.9875,0.9085,0.07900000000000007,0.863387978142077
0.9,9,logistic_regression,0.9955,0.919,0.07650000000000001,0.9444444444444451
0.9,9,rbf_svm,0.9945,0.9155,0.07900000000000007,0.934911242603551
0.9,9,random_forest,0.992,0.909,0.08299999999999996,0.912087912087912
0.9,9,gradient_boosting,0.993,0.901,0.09199999999999997,0.9292929292929292
0.9,9,mlp,0.993,0.9145,0.07850000000000001,0.9181286549707601
0.9,10,logistic_regression,0.9935,0.9095,0.08400000000000007,0.928176795580111
0.9,10,rbf_svm,0.993,0.907,0.08599999999999997,0.9247311827956989
0.9,10,random_forest,0.987,0.904,0.08299999999999996,0.8645833333333331
0.9,10,gradient_boosting,0.99,0.904,0.08599999999999997,0.8958333333333333
0.9,10,mlp,0.994,0.9055,0.08850000000000002,0.9365079365079365
0.9,11,logistic_regression,0.994,0.9055,0.08850000000000002,0.9365079365079365
0.9,11,rbf_svm,0.9935,0.8995,0.09400000000000008,0.9353233830845776
0.9,11,random_forest,0.9865,0.8885,0.09800000000000009,0.8789237668161439
0.9,11,gradient_boosting,0.9915,0.8855,0.1060000000000001,0.9257641921397385
0.9,11,mlp,0.994,0.904,0.08999999999999997,0.9374999999999999
0.9,12,logistic_regression,0.993,0.909,0.08399999999999996,0.923076923076923
0.9,12,rbf_svm,0.9915,0.9065,0.08500000000000008,0.9090909090909096
0.9,12,random_forest,0.987,0.9005,0.08650000000000002,0.8693467336683416
0.9,12,gradient_boosting,0.9885,0.897,0.09150000000000003,0.8883495145631072
0.9,12,mlp,0.992,0.8985,0.09350000000000003,0.9211822660098522
0.9,13,logistic_regression,0.993,0.9115,0.08150000000000002,0.9209039548022598
0.9,13,rbf_svm,0.993,0.908,0.08499999999999996,0.9239130434782608
0.9,13,random_forest,0.986,0.899,0.08699999999999997,0.8613861386138613
0.9,13,gradient_boosting,0.989,0.887,0.10199999999999998,0.9026548672566371
0.9,13,mlp,0.9875,0.913,0.07450000000000001,0.8563218390804602
0.9,14,logistic_regression,0.994,0.908,0.08599999999999997,0.9347826086956521
0.9,14,rbf_svm,0.9935,0.906,0.08750000000000002,0.9308510638297878
0.9,14,random_forest,0.992,0.907,0.08499999999999996,0.9139784946236558
0.9,14,gradient_boosting,0.992,0.9065,0.08550000000000002,0.9144385026737968
0.9,14,mlp,0.9935,0.9065,0.08700000000000008,0.9304812834224604
0.9,15,logistic_regression,0.996,0.9115,0.08450000000000002,0.9548022598870056
0.9,15,rbf_svm,0.9955,0.9115,0.08400000000000007,0.9491525423728819
0.9,15,random_forest,0.9925,0.9035,0.08900000000000008,0.9222797927461145
0.9,15,gradient_boosting,0.992,0.9035,0.08850000000000002,0.9170984455958548
0.9,15,mlp,0.995,0.9135,0.08150000000000002,0.9421965317919074
0.9,16,logistic_regression,0.994,0.923,0.07099999999999995,0.9220779220779219
0.9,16,rbf_svm,0.9955,0.9225,0.07300000000000006,0.9419354838709684
0.9,16,random_forest,0.9885,0.909,0.07950000000000002,0.8736263736263741
0.9,16,gradient_boosting,0.991,0.9065,0.08450000000000002,0.9037433155080213
0.9,16,mlp,0.993,0.9215,0.07150000000000001,0.9108280254777069
0.9,17,logistic_regression,0.992,0.9065,0.08550000000000002,0.9144385026737968
0.9,17,rbf_svm,0.9915,0.9065,0.08500000000000008,0.9090909090909096
0.9,17,random_forest,0.9885,0.903,0.08550000000000002,0.8814432989690726
0.9,17,gradient_boosting,0.991,0.8955,0.09550000000000003,0.9138755980861244
0.9,17,mlp,0.9935,0.907,0.08650000000000002,0.9301075268817209
0.9,18,logistic_regression,0.994,0.908,0.08599999999999997,0.9347826086956521
0.9,18,rbf_svm,0.9915,0.9055,0.08600000000000008,0.9100529100529106
0.9,18,random_forest,0.991,0.907,0.08399999999999996,0.9032258064516128
0.9,18,gradient_boosting,0.99,0.899,0.09099999999999997,0.9009900990099009
0.9,18,mlp,0.994,0.907,0.08699999999999997,0.9354838709677419
0.9,19,logistic_regression,0.9945,0.917,0.07750000000000001,0.9337349397590368
0.9,19,rbf_svm,0.9935,0.9165,0.07700000000000007,0.9221556886227551
0.9,19,random_forest,0.992,0.9105,0.08150000000000002,0.9106145251396648
0.9,19,gradient_boosting,0.99,0.909,0.08099999999999996,0.89010989010989
0.9,19,mlp,0.9945,0.9175,0.07700000000000007,0.933333333333334
