rho_train,replicate,model,d3_flip_rate_spurious,d3_probability_sensitivity_spurious,auxiliary_train_r2_spurious,d3_flip_rate_noise,d3_probability_sensitivity_noise,auxiliary_train_r2_noise,d3_excess,d3_probability_sensitivity_excess
0.0,0,logistic_regression,0.0005,0.0006458545549531051,0.0005353198585589247,0.0005,0.0003217944369849917,0.0003001166577384362,0.0,0.00032406011796811345
0.0,0,rbf_svm,0.0145,0.014910005289839006,0.0005353198585589247,0.0155,0.019580386872046038,0.0003001166577384362,-0.0009999999999999992,-0.004670381582207032
0.0,0,random_forest,0.0105,0.015185787301587305,0.0005353198585589247,0.011,0.01860091507936508,0.0003001166577384362,-0.0004999999999999987,-0.003415127777777775
0.0,0,gradient_boosting,0.0215,0.01978837246352649,0.0005353198585589247,0.0215,0.024807832637964915,0.0003001166577384362,0.0,-0.005019460174438425
0.0,0,mlp,0.0035,0.006785719818818645,0.0005353198585589247,0.0125,0.010353187757244564,0.0003001166577384362,-0.009000000000000001,-0.003567467938425919
0.0,1,logistic_regression,0.002,0.0022581984377725863,0.00012017737685254826,0.001,0.0025902781488989063,0.00014568650008595085,0.001,-0.00033207971112632004
0.0,1,rbf_svm,0.009,0.014422604252238184,0.00012017737685254826,0.0175,0.019141376711924115,0.00014568650008595085,-0.008500000000000002,-0.004718772459685931
0.0,1,random_forest,0.012,0.01740735894660895,0.00012017737685254826,0.011,0.01761447792207792,0.00014568650008595085,0.0010000000000000009,-0.00020711897546897215
0.0,1,gradient_boosting,0.0235,0.0234759334457792,0.00012017737685254826,0.019,0.021243694618564738,0.00014568650008595085,0.0045000000000000005,0.002232238827214461
0.0,1,mlp,0.017,0.0173082417633355,0.00012017737685254826,0.02,0.01868313796252005,0.00014568650008595085,-0.002999999999999999,-0.0013748961991845478
0.0,2,logistic_regression,0.0015,0.002043203397479467,0.0008387564453840035,0.001,0.0011054846503845861,0.0010306740088690258,0.0005,0.0009377187470948807
0.0,2,rbf_svm,0.0115,0.018139974657979153,0.0008387564453840035,0.015,0.018487979313236255,0.0010306740088690258,-0.0034999999999999996,-0.00034800465525710103
0.0,2,random_forest,0.0145,0.019058619336219332,0.0008387564453840035,0.0105,0.017649238888888887,0.0010306740088690258,0.004,0.0014093804473304453
0.0,2,gradient_boosting,0.027,0.02796341569032572,0.0008387564453840035,0.029,0.02629739047167848,0.0010306740088690258,-0.0020000000000000018,0.0016660252186472373
0.0,2,mlp,0.008,0.00846891904550456,0.0008387564453840035,0.0065,0.00883960662444686,0.0010306740088690258,0.0015000000000000005,-0.0003706875789423001
0.0,3,logistic_regression,0.0015,0.0011419670083969156,0.0006488773584456542,0.0,0.000787794078343206,0.00038766512038701517,0.0015,0.00035417293005370954
0.0,3,rbf_svm,0.0175,0.01614029303784345,0.0006488773584456542,0.013,0.015235155677012722,0.00038766512038701517,0.004500000000000002,0.0009051373608307284
0.0,3,random_forest,0.0185,0.018721907070707068,0.0006488773584456542,0.0155,0.018254199134199133,0.00038766512038701517,0.002999999999999999,0.00046770793650793493
0.0,3,gradient_boosting,0.0245,0.022679899630920316,0.0006488773584456542,0.025,0.024321448320273813,0.00038766512038701517,-0.0005000000000000004,-0.0016415486893534975
0.0,3,mlp,0.015,0.009973681100072447,0.0006488773584456542,0.0075,0.010334985013926464,0.00038766512038701517,0.0075,-0.0003613039138540171
0.0,4,logistic_regression,0.004,0.0034621632888169147,0.0007971158914189536,0.008,0.007283727733455601,0.0007554864096686043,-0.004,-0.0038215644446386865
0.0,4,rbf_svm,0.0125,0.01598381574853552,0.0007971158914189536,0.0175,0.019398609091820597,0.0007554864096686043,-0.005000000000000001,-0.0034147933432850767
0.0,4,random_forest,0.0145,0.01866916507936508,0.0007971158914189536,0.0115,0.01782266955266956,0.0007554864096686043,0.003000000000000001,0.0008464955266955197
0.0,4,gradient_boosting,0.0255,0.0237457821433903,0.0007971158914189536,0.021,0.02408339257314693,0.0007554864096686043,0.004499999999999997,-0.00033761042975663166
0.0,4,mlp,0.012,0.013066570049101904,0.0007971158914189536,0.0115,0.012433960268345359,0.0007554864096686043,0.0005000000000000004,0.0006326097807565455
0.0,5,logistic_regression,0.0055,0.004300048908764844,0.00043674280188321646,0.0035,0.003446077683064763,2.89178048383798e-05,0.0019999999999999996,0.0008539712257000808
0.0,5,rbf_svm,0.0125,0.014811702379315481,0.00043674280188321646,0.0115,0.017207241648720995,2.89178048383798e-05,0.0010000000000000009,-0.002395539269405514
0.0,5,random_forest,0.0125,0.018564507936507935,0.00043674280188321646,0.0155,0.017321859523809522,2.89178048383798e-05,-0.002999999999999999,0.0012426484126984126
0.0,5,gradient_boosting,0.0255,0.025520386075741502,0.00043674280188321646,0.026,0.028319038133677046,2.89178048383798e-05,-0.0005000000000000004,-0.002798652057935544
0.0,5,mlp,0.011,0.009002086507894318,0.00043674280188321646,0.0105,0.011274975206891608,2.89178048383798e-05,0.0004999999999999987,-0.0022728886989972896
0.0,6,logistic_regression,0.005,0.0024747248263714723,0.0007165192189187986,0.0055,0.003938483186828367,0.000531007332207234,-0.0004999999999999996,-0.0014637583604568943
0.0,6,rbf_svm,0.0115,0.014894646062819355,0.0007165192189187986,0.0185,0.019086351914195165,0.000531007332207234,-0.006999999999999999,-0.0041917058513758106
0.0,6,random_forest,0.016,0.01763058888888889,0.0007165192189187986,0.0125,0.017466269047619047,0.000531007332207234,0.0034999999999999996,0.00016431984126984156
0.0,6,gradient_boosting,0.0255,0.02239398633978952,0.0007165192189187986,0.035,0.02794821486282725,0.000531007332207234,-0.009500000000000005,-0.005554228523037729
0.0,6,mlp,0.011,0.008021359765154305,0.0007165192189187986,0.011,0.009836576719532232,0.000531007332207234,0.0,-0.001815216954377927
0.0,7,logistic_regression,0.0005,0.0003173717829225939,0.0008659446250386393,0.0065,0.004980567682919752,0.0005640883361243132,-0.006,-0.004663195899997158
0.0,7,rbf_svm,0.0115,0.013064581950303786,0.0008659446250386393,0.0115,0.01518711302639472,0.0005640883361243132,0.0,-0.0021225310760909343
0.0,7,random_forest,0.0125,0.016150372077922075,0.0008659446250386393,0.0125,0.015841341991341993,0.0005640883361243132,0.0,0.0003090300865800817
0.0,7,gradient_boosting,0.0195,0.020815557799294324,0.0008659446250386393,0.019,0.021132211033123568,0.0005640883361243132,0.0005000000000000004,-0.00031665323382924424
0.0,7,mlp,0.009,0.008904421646323556,0.0008659446250386393,0.013,0.010657814322000494,0.0005640883361243132,-0.004,-0.0017533926756769375
0.0,8,logistic_regression,0.0035,0.0029615673239270033,0.0009268287671525544,0.0015,0.0009793103310314667,0.00017043864519217244,0.002,0.0019822569928955366
0.0,8,rbf_svm,0.01,0.01586842699468988,0.0009268287671525544,0.0185,0.018322042078738186,0.00017043864519217244,-0.008499999999999999,-0.0024536150840483058
0.0,8,random_forest,0.014,0.016675309235209237,0.0009268287671525544,0.0155,0.01790053455988456,0.00017043864519217244,-0.0014999999999999996,-0.0012252253246753247
0.0,8,gradient_boosting,0.0245,0.024805405008192363,0.0009268287671525544,0.027,0.02510384760690674,0.00017043864519217244,-0.0024999999999999988,-0.00029844259871437614
0.0,8,mlp,0.014,0.010128763120790129,0.0009268287671525544,0.0115,0.009140516147698705,0.00017043864519217244,0.0025000000000000005,0.0009882469730914233
0.0,9,logistic_regression,0.005,0.004118740116627426,0.0004978136226119201,0.0045,0.003384920031954453,0.0010336083211166525,0.0005000000000000004,0.0007338200846729727
0.0,9,rbf_svm,0.016,0.015734439031168976,0.0004978136226119201,0.016,0.015775675509421258,0.0010336083211166525,0.0,-4.123647825228158e-05
0.0,9,random_forest,0.0115,0.0173185126984127,0.0004978136226119201,0.0125,0.016031649999999998,0.0010336083211166525,-0.0010000000000000009,0.0012868626984127024
0.0,9,gradient_boosting,0.021,0.021837474373636836,0.0004978136226119201,0.022,0.0228770924502744,0.0010336083211166525,-0.0009999999999999974,-0.0010396180766375634
0.0,9,mlp,0.0135,0.013890951658791884,0.0004978136226119201,0.0135,0.013728157374814259,0.0010336083211166525,0.0,0.00016279428397762523
0.5,0,logistic_regression,0.05,0.051540134751689934,0.1358131486267814,0.0015,0.0010890931600013333,0.0003001166577384362,0.0485,0.0504510415916886
0.5,0,rbf_svm,0.054,0.05219775304503482,0.1358131486267814,0.0115,0.014794649693101881,0.0003001166577384362,0.042499999999999996,0.03740310335193294
0.5,0,random_forest,0.057,0.06609577611832611,0.1358131486267814,0.011,0.013181276046176046,0.0003001166577384362,0.046,0.05291450007215006
0.5,0,gradient_boosting,0.0505,0.05295793642782471,0.1358131486267814,0.022,0.019552002329708634,0.0003001166577384362,0.028500000000000004,0.033405934098116076
0.5,0,mlp,0.0505,0.05541374756814021,0.1358131486267814,0.007,0.008335738400498893,0.0003001166577384362,0.043500000000000004,0.047078009167641315
0.5,1,logistic_regression,0.0455,0.0446612526245766,0.14040910022498765,0.001,0.001688664486827951,0.00014568650008595085,0.0445,0.042972588137748645
0.5,1,rbf_svm,0.0455,0.04582253624765927,0.14040910022498765,0.01,0.013879336260772987,0.00014568650008595085,0.0355,0.031943199986886286
0.5,1,random_forest,0.0565,0.05980015021645022,0.14040910022498765,0.0085,0.01364928189033189,0.00014568650008595085,0.048,0.04615086832611833
0.5,1,gradient_boosting,0.05,0.05104892913915313,0.14040910022498765,0.025,0.022920039759183945,0.00014568650008595085,0.025,0.02812888937996919
0.5,1,mlp,0.064,0.07647721378548404,0.14040910022498765,0.0135,0.01511589744413678,0.00014568650008595085,0.0505,0.06136131634134726
0.5,2,logistic_regression,0.065,0.06000125330595919,0.1530878843371659,0.002,0.0006238190763550215,0.0010306740088690258,0.063,0.05937743422960417
0.5,2,rbf_svm,0.075,0.06528924274934189,0.1530878843371659,0.011,0.012009534232378131,0.0010306740088690258,0.064,0.05327970851696376
0.5,2,random_forest,0.073,0.07166782698412698,0.1530878843371659,0.008,0.012846768470418471,0.0010306740088690258,0.065,0.05882105851370851
0.5,2,gradient_boosting,0.0565,0.06137191220457695,0.1530878843371659,0.017,0.018656265614396112,0.0010306740088690258,0.0395,0.042715646590180845
0.5,2,mlp,0.096,0.07879900034700578,0.1530878843371659,0.0095,0.01484363566432433,0.0010306740088690258,0.08650000000000001,0.06395536468268145
0.5,3,logistic_regression,0.051,0.05204523863026821,0.16033099056400002,0.001,0.0007785307534750292,0.00038766512038701517,0.049999999999999996,0.05126670787679318
0.5,3,rbf_svm,0.0525,0.05710495438221997,0.16033099056400002,0.008,0.012319455735007073,0.00038766512038701517,0.0445,0.0447854986472129
0.5,3,random_forest,0.0665,0.06999459920634919,0.16033099056400002,0.0055,0.012958048412698413,0.00038766512038701517,0.061000000000000006,0.057036550793650775
0.5,3,gradient_boosting,0.054,0.05790763282067232,0.16033099056400002,0.014,0.017731243110003025,0.00038766512038701517,0.04,0.040176389710669294
0.5,3,mlp,0.0575,0.05497134468355264,0.16033099056400002,0.01,0.008444181506697603,0.00038766512038701517,0.0475,0.04652716317685504
0.5,4,logistic_regression,0.049,0.05141422801897168,0.16083641605928356,0.0055,0.006490509045706066,0.0007554864096686043,0.043500000000000004,0.04492371897326561
0.5,4,rbf_svm,0.0615,0.05798910227967218,0.16083641605928356,0.0115,0.014608298802597957,0.0007554864096686043,0.05,0.04338080347707422
0.5,4,random_forest,0.0635,0.06679355656565655,0.16083641605928356,0.006,0.012854149855699853,0.0007554864096686043,0.0575,0.0539394067099567
0.5,4,gradient_boosting,0.062,0.055884473258975935,0.16083641605928356,0.0175,0.018959608785392944,0.0007554864096686043,0.0445,0.036924864473582994
0.5,4,mlp,0.064,0.06630176667392862,0.16083641605928356,0.0145,0.01423634618938539,0.0007554864096686043,0.0495,0.052065420484543226
0.5,5,logistic_regression,0.052,0.04861211590260071,0.14567920547064328,0.0025,0.002095038898325681,2.89178048383798e-05,0.049499999999999995,0.04651707700427503
0.5,5,rbf_svm,0.056,0.053472870815344464,0.14567920547064328,0.012,0.013282304930909407,2.89178048383798e-05,0.044,0.04019056588443506
0.5,5,random_forest,0.0655,0.06510442142857141,0.14567920547064328,0.0085,0.013294673015873016,2.89178048383798e-05,0.057,0.05180974841269839
0.5,5,gradient_boosting,0.0555,0.055261045157171014,0.14567920547064328,0.018,0.02319371768538733,2.89178048383798e-05,0.037500000000000006,0.03206732747178369
0.5,5,mlp,0.051,0.048188436415511925,0.14567920547064328,0.0055,0.007966886728379842,2.89178048383798e-05,0.0455,0.04022154968713208
0.5,6,logistic_regression,0.059,0.05408637698051611,0.15114290677337505,0.0035,0.0032509853216120704,0.000531007332207234,0.055499999999999994,0.05083539165890404
0.5,6,rbf_svm,0.0605,0.057932182101740975,0.15114290677337505,0.009,0.012436133504712774,0.000531007332207234,0.0515,0.0454960485970282
0.5,6,random_forest,0.059,0.06740339444444444,0.15114290677337505,0.0055,0.012171093650793652,0.000531007332207234,0.0535,0.055232300793650796
0.5,6,gradient_boosting,0.0625,0.06184106998724092,0.15114290677337505,0.0165,0.015101546324141119,0.000531007332207234,0.046,0.0467395236630998
0.5,6,mlp,0.057,0.05204092376514165,0.15114290677337505,0.0065,0.007885796004549911,0.000531007332207234,0.0505,0.04415512776059174
0.5,7,logistic_regression,0.052,0.05140860703136706,0.13008913245381648,0.003,0.005002479847256296,0.0005640883361243132,0.048999999999999995,0.04640612718411076
0.5,7,rbf_svm,0.058,0.05687785734730198,0.13008913245381648,0.0045,0.010882116321270367,0.0005640883361243132,0.053500000000000006,0.045995741026031614
0.5,7,random_forest,0.063,0.0665891383116883,0.13008913245381648,0.0105,0.012088161904761904,0.0005640883361243132,0.0525,0.0545009764069264
0.5,7,gradient_boosting,0.0615,0.058634147462083175,0.13008913245381648,0.021,0.016963621618900755,0.0005640883361243132,0.040499999999999994,0.04167052584318242
0.5,7,mlp,0.0585,0.059167440124270235,0.13008913245381648,0.0095,0.008708356810034153,0.0005640883361243132,0.049,0.05045908331423608
0.5,8,logistic_regression,0.0505,0.0470313190043209,0.15080007836180676,0.001,0.0006011957495949655,0.00017043864519217244,0.0495,0.04643012325472593
0.5,8,rbf_svm,0.0535,0.05097266611050364,0.15080007836180676,0.01,0.014752486814070327,0.00017043864519217244,0.0435,0.036220179296433314
0.5,8,random_forest,0.0535,0.05935590007215007,0.15080007836180676,0.011,0.013911810606060605,0.00017043864519217244,0.042499999999999996,0.045444089466089466
0.5,8,gradient_boosting,0.045,0.05002226762688407,0.15080007836180676,0.023,0.0213608118703439,0.00017043864519217244,0.022,0.028661455756540166
0.5,8,mlp,0.046,0.04571121060092564,0.15080007836180676,0.0075,0.007611222234704977,0.00017043864519217244,0.0385,0.03809998836622066
0.5,9,logistic_regression,0.057,0.05499157204517375,0.13917616874689387,0.001,0.0017569856949869532,0.0010336083211166525,0.056,0.0532345863501868
0.5,9,rbf_svm,0.0585,0.0569463942252479,0.13917616874689387,0.0085,0.01027909131248066,0.0010336083211166525,0.05,0.046667302912767245
0.5,9,random_forest,0.0705,0.06907030533910534,0.13917616874689387,0.0045,0.012335515079365077,0.0010336083211166525,0.06599999999999999,0.056734790259740264
0.5,9,gradient_boosting,0.072,0.06550831046870399,0.13917616874689387,0.0165,0.01663433991884067,0.0010336083211166525,0.055499999999999994,0.048873970549863324
0.5,9,mlp,0.0595,0.05923134146406153,0.13917616874689387,0.011,0.01014539665354415,0.0010336083211166525,0.0485,0.04908594481051738
0.7,0,logistic_regression,0.072,0.07594066905242494,0.2749826529560875,0.0005,0.0008042877983663792,0.0003001166577384362,0.0715,0.07513638125405857
0.7,0,rbf_svm,0.0745,0.07460455385920152,0.2749826529560875,0.006,0.009734112808182262,0.0003001166577384362,0.06849999999999999,0.06487044105101926
0.7,0,random_forest,0.0815,0.09450201284271284,0.2749826529560875,0.0035,0.00915634761904762,0.0003001166577384362,0.078,0.08534566522366523
0.7,0,gradient_boosting,0.0755,0.07920083786225847,0.2749826529560875,0.017,0.01573063517747258,0.0003001166577384362,0.058499999999999996,0.06347020268478588
0.7,0,mlp,0.0745,0.07475243286846807,0.2749826529560875,0.005,0.005750150439120253,0.0003001166577384362,0.06949999999999999,0.06900228242934782
0.7,1,logistic_regression,0.0615,0.06896519240244049,0.27904122661196107,0.002,0.0015247968509757373,0.00014568650008595085,0.0595,0.06744039555146475
0.7,1,rbf_svm,0.065,0.06935960377952811,0.27904122661196107,0.0065,0.010002526189823209,0.00014568650008595085,0.0585,0.059357077589704904
0.7,1,random_forest,0.081,0.0956647246031746,0.27904122661196107,0.004,0.010076942063492064,0.00014568650008595085,0.077,0.08558778253968254
0.7,1,gradient_boosting,0.0715,0.0762569451063189,0.27904122661196107,0.0115,0.017906495646653257,0.00014568650008595085,0.06,0.05835044945966565
0.7,1,mlp,0.07,0.0862841356521163,0.27904122661196107,0.0075,0.008556931247772445,0.00014568650008595085,0.0625,0.07772720440434386
0.7,2,logistic_regression,0.0865,0.08544701113386242,0.2927225880118679,0.0025,0.0020186278024893435,0.0010306740088690258,0.08399999999999999,0.08342838333137308
0.7,2,rbf_svm,0.0925,0.08839703997483761,0.2927225880118679,0.003,0.008569640847751966,0.0010306740088690258,0.0895,0.07982739912708564
0.7,2,random_forest,0.097,0.1071725911976912,0.2927225880118679,0.0045,0.00951775642135642,0.0010306740088690258,0.0925,0.09765483477633477
0.7,2,gradient_boosting,0.081,0.08701163659403094,0.2927225880118679,0.011,0.012609520099818815,0.0010306740088690258,0.07,0.07440211649421212
0.7,2,mlp,0.087,0.08592749495350341,0.2927225880118679,0.0025,0.004657069627051614,0.0010306740088690258,0.08449999999999999,0.08127042532645179
0.7,3,logistic_regression,0.0745,0.0803612239638293,0.30333166435143166,0.0005,0.0005128437355533779,0.00038766512038701517,0.074,0.07984838022827592
0.7,3,rbf_svm,0.0775,0.08267411326275632,0.30333166435143166,0.0045,0.010561028762230794,0.00038766512038701517,0.073,0.07211308450052553
0.7,3,random_forest,0.1005,0.10720939999999998,0.30333166435143166,0.005,0.008876579365079365,0.00038766512038701517,0.0955,0.09833282063492062
0.7,3,gradient_boosting,0.09,0.0901815950242572,0.30333166435143166,0.012,0.009810915280496992,0.00038766512038701517,0.078,0.0803706797437602
0.7,3,mlp,0.087,0.08950718815499237,0.30333166435143166,0.004,0.006394996632350383,0.00038766512038701517,0.08299999999999999,0.08311219152264199
0.7,4,logistic_regression,0.0675,0.07304655377664017,0.2999936169456514,0.0055,0.005392550898394406,0.0007554864096686043,0.062000000000000006,0.06765400287824576
0.7,4,rbf_svm,0.0695,0.07582006553745517,0.2999936169456514,0.009,0.010624289924536288,0.0007554864096686043,0.060500000000000005,0.06519577561291888
0.7,4,random_forest,0.0895,0.10515625180375182,0.2999936169456514,0.0025,0.010052494444444447,0.0007554864096686043,0.087,0.09510375735930737
0.7,4,gradient_boosting,0.0835,0.08553495959090673,0.2999936169456514,0.011,0.010647975691081113,0.0007554864096686043,0.07250000000000001,0.07488698389982562
0.7,4,mlp,0.071,0.08319340567652944,0.2999936169456514,0.007,0.009455376469440432,0.0007554864096686043,0.06399999999999999,0.07373802920708901
0.7,5,logistic_regression,0.0755,0.07561574785926602,0.2888339083192418,0.0015,0.001640724225558252,2.89178048383798e-05,0.074,0.07397502363370777
0.7,5,rbf_svm,0.0775,0.07727622878069923,0.2888339083192418,0.005,0.009428233792228777,2.89178048383798e-05,0.0725,0.06784799498847045
0.7,5,random_forest,0.0935,0.10004085375180376,0.2888339083192418,0.0075,0.009270746464646467,2.89178048383798e-05,0.086,0.09077010728715729
0.7,5,gradient_boosting,0.0825,0.08576610433663243,0.2888339083192418,0.015,0.015173670206758003,2.89178048383798e-05,0.0675,0.07059243412987443
0.7,5,mlp,0.0855,0.09323561882098201,0.2888339083192418,0.004,0.00876866986150887,2.89178048383798e-05,0.0815,0.08446694895947314
0.7,6,logistic_regression,0.0735,0.0770093002051014,0.2919184562805339,0.004,0.0021448214458289626,0.000531007332207234,0.06949999999999999,0.07486447875927243
0.7,6,rbf_svm,0.0775,0.07722540292237472,0.2919184562805339,0.0045,0.00816952118401327,0.000531007332207234,0.073,0.06905588173836144
0.7,6,random_forest,0.092,0.09962536558441558,0.2919184562805339,0.002,0.008824069047619046,0.000531007332207234,0.09,0.09080129653679653
0.7,6,gradient_boosting,0.084,0.08580170396791888,0.2919184562805339,0.0065,0.010115165348060486,0.000531007332207234,0.0775,0.07568653861985838
0.7,6,mlp,0.086,0.09539485022532453,0.2919184562805339,0.003,0.008458259031636104,0.000531007332207234,0.08299999999999999,0.08693659119368842
0.7,7,logistic_regression,0.074,0.07513493487689703,0.27257392394589797,0.003,0.003940233514056603,0.0005640883361243132,0.071,0.07119470136284042
0.7,7,rbf_svm,0.075,0.07685724911794752,0.27257392394589797,0.0025,0.008070323970191168,0.0005640883361243132,0.0725,0.06878692514775635
0.7,7,random_forest,0.0865,0.0967325940836941,0.27257392394589797,0.006,0.009854698340548338,0.0005640883361243132,0.08049999999999999,0.08687789574314576
0.7,7,gradient_boosting,0.081,0.08044363986242781,0.27257392394589797,0.006,0.010913529726138056,0.0005640883361243132,0.075,0.06953011013628975
0.7,7,mlp,0.09,0.0913985044244607,0.27257392394589797,0.009,0.010049509619449854,0.0005640883361243132,0.081,0.08134899480501084
0.7,8,logistic_regression,0.0745,0.07249768264305541,0.2941566225267024,0.0005,0.0014581324532469211,0.00017043864519217244,0.074,0.07103955018980848
0.7,8,rbf_svm,0.077,0.07663624698923266,0.2941566225267024,0.0075,0.010141802535170837,0.00017043864519217244,0.0695,0.06649444445406183
0.7,8,random_forest,0.0875,0.09595687936507936,0.2941566225267024,0.0085,0.00988400873015873,0.00017043864519217244,0.07899999999999999,0.08607287063492064
0.7,8,gradient_boosting,0.0745,0.07715809285032134,0.2941566225267024,0.0145,0.014910568812052208,0.00017043864519217244,0.06,0.06224752403826913
0.7,8,mlp,0.068,0.07077821988027798,0.2941566225267024,0.001,0.005159499214812802,0.00017043864519217244,0.067,0.06561872066546517
0.7,9,logistic_regression,0.067,0.07611672471543582,0.27865519774331315,0.0005,0.001011261807697383,0.0010336083211166525,0.0665,0.07510546290773844
0.7,9,rbf_svm,0.073,0.07861964701685681,0.27865519774331315,0.0065,0.007334340928047741,0.0010336083211166525,0.06649999999999999,0.07128530608880906
0.7,9,random_forest,0.086,0.09888649603174603,0.27865519774331315,0.005,0.008291911904761905,0.0010336083211166525,0.08099999999999999,0.09059458412698412
0.7,9,gradient_boosting,0.0805,0.08114998188389237,0.27865519774331315,0.01,0.010577023588442853,0.0010336083211166525,0.07050000000000001,0.07057295829544952
0.7,9,mlp,0.07,0.07501669137141063,0.27865519774331315,0.0085,0.005922900896039202,0.0010336083211166525,0.061500000000000006,0.06909379047537144
0.9,0,logistic_regression,0.0875,0.10228845570727214,0.46730000314379294,0.0,0.0004441185104853748,0.0003001166577384362,0.0875,0.10184433719678677
0.9,0,rbf_svm,0.0875,0.09605699696112717,0.46730000314379294,0.0005,0.0024853927500385555,0.0003001166577384362,0.087,0.09357160421108861
0.9,0,random_forest,0.095,0.1100401484126984,0.46730000314379294,0.0005,0.002161769841269842,0.0003001166577384362,0.0945,0.10787837857142855
0.9,0,gradient_boosting,0.097,0.09974284691867262,0.46730000314379294,0.001,0.0012907137443177446,0.0003001166577384362,0.096,0.09845213317435487
0.9,0,mlp,0.092,0.10455571105730214,0.46730000314379294,0.001,0.0019454679063288106,0.0003001166577384362,0.091,0.10261024315097333
0.9,1,logistic_regression,0.081,0.09743779440747295,0.4670111406690559,0.001,0.001638401045582558,0.00014568650008595085,0.08,0.09579939336189039
0.9,1,rbf_svm,0.0865,0.09244028950210721,0.4670111406690559,0.002,0.00275797793448921,0.00014568650008595085,0.08449999999999999,0.089682311567618
0.9,1,random_forest,0.0885,0.10688752063492063,0.4670111406690559,0.0,0.0024386404761904783,0.00014568650008595085,0.0885,0.10444888015873015
0.9,1,gradient_boosting,0.0935,0.09500463330544555,0.4670111406690559,0.0045,0.004809938330117313,0.00014568650008595085,0.089,0.09019469497532824
0.9,1,mlp,0.0785,0.09545197230695686,0.4670111406690559,0.0015,0.0027737185642252886,0.00014568650008595085,0.077,0.09267825374273157
0.9,2,logistic_regression,0.095,0.11166935934345369,0.4773492914163757,0.001,0.001337321313068611,0.0010306740088690258,0.094,0.11033203803038508
0.9,2,rbf_svm,0.096,0.10524441101794471,0.4773492914163757,0.002,0.002013403418252278,0.0010306740088690258,0.094,0.10323100759969243
0.9,2,random_forest,0.111,0.12229555952380954,0.4773492914163757,0.0,0.0020713642857142864,0.0010306740088690258,0.111,0.12022419523809524
0.9,2,gradient_boosting,0.1125,0.11771018361837769,0.4773492914163757,0.0005,0.0014493231594115323,0.0010306740088690258,0.112,0.11626086045896616
0.9,2,mlp,0.0945,0.10528711702341428,0.4773492914163757,0.0015,0.0017061851476035002,0.0010306740088690258,0.093,0.10358093187581079
0.9,3,logistic_regression,0.091,0.10516036266730487,0.4871723101959943,0.0,5.251112879196019e-06,0.00038766512038701517,0.091,0.10515511155442568
0.9,3,rbf_svm,0.088,0.09832089629624885,0.4871723101959943,0.001,0.001970738617251308,0.00038766512038701517,0.087,0.09635015767899754
0.9,3,random_forest,0.098,0.11531092142857143,0.4871723101959943,0.001,0.0021405714285714283,0.00038766512038701517,0.097,0.11317035
0.9,3,gradient_boosting,0.1035,0.1047004682791361,0.4871723101959943,0.0025,0.002371310299446771,0.00038766512038701517,0.10099999999999999,0.10232915797968932
0.9,3,mlp,0.0955,0.1163157134586142,0.4871723101959943,0.0015,0.007566441372915206,0.00038766512038701517,0.094,0.108749272085699
0.9,4,logistic_regression,0.08,0.09509925658697153,0.4832341530334905,0.0005,0.0012387247048069184,0.0007554864096686043,0.0795,0.09386053188216462
0.9,4,rbf_svm,0.0795,0.08839261346968454,0.4832341530334905,0.0,0.0017703094647095474,0.0007554864096686043,0.0795,0.08662230400497499
0.9,4,random_forest,0.084,0.10689151428571429,0.4832341530334905,0.0005,0.0019407809523809532,0.0007554864096686043,0.0835,0.10495073333333334
0.9,4,gradient_boosting,0.0845,0.08712490511897568,0.4832341530334905,0.002,0.0011752751836254765,0.0007554864096686043,0.0825,0.0859496299353502
0.9,4,mlp,0.078,0.10090304994277122,0.4832341530334905,0.0005,0.003421994230932824,0.0007554864096686043,0.0775,0.09748105571183839
0.9,5,logistic_regression,0.09,0.1029746896358335,0.4790248635474672,0.0,0.000967677216291648,2.89178048383798e-05,0.09,0.10200701241954185
0.9,5,rbf_svm,0.0915,0.09813647721391754,0.4790248635474672,0.001,0.002880695533541573,2.89178048383798e-05,0.0905,0.09525578168037596
0.9,5,random_forest,0.098,0.11169649653679654,0.4790248635474672,0.0,0.002013392063492064,2.89178048383798e-05,0.098,0.10968310447330448
0.9,5,gradient_boosting,0.098,0.10037726262222527,0.4790248635474672,0.004,0.0028044330246531435,2.89178048383798e-05,0.094,0.09757282959757212
0.9,5,mlp,0.0885,0.0993191398857677,0.4790248635474672,0.001,0.002846715714004894,2.89178048383798e-05,0.0875,0.0964724241717628
0.9,6,logistic_regression,0.088,0.10025064937397742,0.47994945246426013,0.0,0.00025850392176978945,0.000531007332207234,0.088,0.09999214545220762
0.9,6,rbf_svm,0.0895,0.09485224516946497,0.47994945246426013,0.0015,0.0016948502280347696,0.000531007332207234,0.088,0.0931573949414302
0.9,6,random_forest,0.0985,0.11222917460317461,0.47994945246426013,0.0,0.0018365523809523812,0.000531007332207234,0.0985,0.11039262222222222
0.9,6,gradient_boosting,0.097,0.09866602027098433,0.47994945246426013,0.0005,0.0013100374779201171,0.000531007332207234,0.0965,0.0973559827930642
0.9,6,mlp,0.084,0.10633085272672775,0.47994945246426013,0.003,0.010404356605565813,0.000531007332207234,0.081,0.09592649612116194
0.9,7,logistic_regression,0.0875,0.09981712884868332,0.47046705517793375,0.0,0.00013257342928485805,0.0005640883361243132,0.0875,0.09968455541939847
0.9,7,rbf_svm,0.0885,0.0944664649359365,0.47046705517793375,0.002,0.002433364240705082,0.0005640883361243132,0.0865,0.0920331006952314
0.9,7,random_forest,0.1045,0.11418916984126984,0.47046705517793375,0.001,0.002531919047619048,0.0005640883361243132,0.1035,0.1116572507936508
0.9,7,gradient_boosting,0.099,0.09998029389684941,0.47046705517793375,0.003,0.002406864133495837,0.0005640883361243132,0.096,0.09757342976335358
0.9,7,mlp,0.088,0.10449164907012777,0.47046705517793375,0.0035,0.010218431787699125,0.0005640883361243132,0.08449999999999999,0.09427321728242864
0.9,8,logistic_regression,0.093,0.1022629015714981,0.48451646400319925,0.0005,0.0016131944864127697,0.00017043864519217244,0.0925,0.10064970708508533
0.9,8,rbf_svm,0.0925,0.09921619530419092,0.48451646400319925,0.001,0.0022334353326064,0.00017043864519217244,0.0915,0.09698275997158451
0.9,8,random_forest,0.101,0.11089393326118327,0.48451646400319925,0.0,0.002304157142857143,0.00017043864519217244,0.101,0.10858977611832613
0.9,8,gradient_boosting,0.0945,0.09719338933383048,0.48451646400319925,0.0025,0.0023108590654210663,0.00017043864519217244,0.092,0.09488253026840941
0.9,8,mlp,0.095,0.09886639182677827,0.48451646400319925,0.006,0.011809775894333284,0.00017043864519217244,0.089,0.08705661593244499
0.9,9,logistic_regression,0.0795,0.09649845169626521,0.468083670991399,0.0,0.00013357404320360906,0.0010336083211166525,0.0795,0.0963648776530616
0.9,9,rbf_svm,0.083,0.08990414662802576,0.468083670991399,0.001,0.0017308467152332726,0.0010336083211166525,0.082,0.08817329991279249
0.9,9,random_forest,0.088,0.10508654047619047,0.468083670991399,0.0,0.0016624150793650798,0.0010336083211166525,0.088,0.10342412539682538
0.9,9,gradient_boosting,0.083,0.08861164105900915,0.468083670991399,0.001,0.0014180256407575794,0.0010336083211166525,0.082,0.08719361541825157
0.9,9,mlp,0.0825,0.1050271507558789,0.468083670991399,0.002,0.003980231895834579,0.0010336083211166525,0.0805,0.10104691886004433
0.9,10,logistic_regression,0.0935,0.10743280891965282,0.4819159824285979,0.0,0.00032346657205256743,0.00013354187055714117,0.0935,0.10710934234760025
0.9,10,rbf_svm,0.099,0.10482588293870239,0.4819159824285979,0.0005,0.003216705228287119,0.00013354187055714117,0.0985,0.10160917771041526
0.9,10,random_forest,0.1065,0.11992233903318904,0.4819159824285979,0.0005,0.0018107317460317467,0.00013354187055714117,0.106,0.11811160728715729
0.9,10,gradient_boosting,0.108,0.10956453369331277,0.4819159824285979,0.0015,0.0022781548913713722,0.00013354187055714117,0.1065,0.1072863788019414
0.9,10,mlp,0.093,0.10205983881707249,0.4819159824285979,0.0,0.0016186527834624455,0.00013354187055714117,0.093,0.10044118603361005
0.9,11,logistic_regression,0.0915,0.1042228887319147,0.4720045163132932,0.0005,0.0007226377218036132,0.0008733807194556409,0.091,0.10350025101011108
0.9,11,rbf_svm,0.096,0.09948275970093332,0.4720045163132932,0.0015,0.00276377434349572,0.0008733807194556409,0.0945,0.0967189853574376
0.9,11,random_forest,0.1075,0.1158400492063492,0.4720045163132932,0.0,0.0022078920634920644,0.0008733807194556409,0.1075,0.11363215714285714
0.9,11,gradient_boosting,0.1045,0.10477802363976951,0.4720045163132932,0.002,0.0022559438063878804,0.0008733807194556409,0.1025,0.10252207983338163
0.9,11,mlp,0.0935,0.1196899118580857,0.4720045163132932,0.0005,0.0036388792500300134,0.0008733807194556409,0.093,0.11605103260805569
0.9,12,logistic_regression,0.09,0.1040100838205957,0.47434686888418254,0.0,4.931013321187343e-05,0.0013962095705876143,0.09,0.10396077368738384
0.9,12,rbf_svm,0.0925,0.09677227628992244,0.47434686888418254,0.001,0.0015793919237059725,0.0013962095705876143,0.0915,0.09519288436621647
0.9,12,random_forest,0.103,0.11238562460317461,0.47434686888418254,0.0,0.0017669071428571416,0.0013962095705876143,0.103,0.11061871746031747
0.9,12,gradient_boosting,0.0945,0.09714722220156978,0.47434686888418254,0.0015,0.001040000410933376,0.0013962095705876143,0.093,0.09610722179063641
0.9,12,mlp,0.089,0.09823123377676797,0.47434686888418254,0.0,0.0010330203867107606,0.0013962095705876143,0.089,0.09719821339005721
0.9,13,logistic_regression,0.0865,0.10378816169174968,0.46905998519607217,0.0,0.0008246703072003953,0.00012695452140276675,0.0865,0.10296349138454929
0.9,13,rbf_svm,0.092,0.09743609885695037,0.46905998519607217,0.0015,0.002069697711672319,0.00012695452140276675,0.0905,0.09536640114527806
0.9,13,random_forest,0.107,0.11484453650793651,0.46905998519607217,0.001,0.0020504174603174605,0.00012695452140276675,0.106,0.11279411904761905
0.9,13,gradient_boosting,0.1045,0.10541349179411648,0.46905998519607217,0.0015,0.0021443153771398206,0.00012695452140276675,0.103,0.10326917641697665
0.9,13,mlp,0.086,0.0982712295156096,0.46905998519607217,0.0025,0.006389501327561616,0.00012695452140276675,0.08349999999999999,0.09188172818804798
0.9,14,logistic_regression,0.091,0.10157147643178473,0.47728362778284006,0.0,0.0002094200759837867,0.00012546049456851893,0.091,0.10136205635580094
0.9,14,rbf_svm,0.0905,0.09657557992680224,0.47728362778284006,0.0015,0.0021871258651633275,0.00012546049456851893,0.089,0.09438845406163891
0.9,14,random_forest,0.099,0.10911633571428572,0.47728362778284006,0.0,0.001941785714285716,0.00012546049456851893,0.099,0.10717455000000001
0.9,14,gradient_boosting,0.0965,0.09865307180694616,0.47728362778284006,0.001,0.0009837142689866308,0.00012546049456851893,0.0955,0.09766935753795952
0.9,14,mlp,0.0905,0.1127132900181132,0.47728362778284006,0.0015,0.007591435709145486,0.00012546049456851893,0.089,0.10512185430896771
0.9,15,logistic_regression,0.088,0.09851552580753094,0.47142473135508145,0.0005,0.0007884169078739761,0.0010212945832053233,0.0875,0.09772710889965697
0.9,15,rbf_svm,0.088,0.09406413937251065,0.47142473135508145,0.001,0.002625412674453579,0.0010212945832053233,0.087,0.09143872669805707
0.9,15,random_forest,0.0945,0.11168623015873015,0.47142473135508145,0.0005,0.001866619047619048,0.0010212945832053233,0.094,0.1098196111111111
0.9,15,gradient_boosting,0.096,0.09866295377965381,0.47142473135508145,0.0,0.0010300151313049242,0.0010212945832053233,0.096,0.09763293864834889
0.9,15,mlp,0.087,0.10690866375797631,0.47142473135508145,0.0045,0.009764018677275598,0.0010212945832053233,0.08249999999999999,0.09714464508070071
0.9,16,logistic_regression,0.0765,0.0941776256502554,0.4771930552417778,0.0,0.000575786509556802,8.563254576288148e-05,0.0765,0.0936018391406986
0.9,16,rbf_svm,0.0755,0.08725614089451385,0.4771930552417778,0.0015,0.002760317418965312,8.563254576288148e-05,0.074,0.08449582347554854
0.9,16,random_forest,0.0865,0.1007619611111111,0.4771930552417778,0.0015,0.0021740071428571427,8.563254576288148e-05,0.08499999999999999,0.09858795396825396
0.9,16,gradient_boosting,0.081,0.08208093180777402,0.4771930552417778,0.005,0.003120545348442427,8.563254576288148e-05,0.076,0.0789603864593316
0.9,16,mlp,0.0825,0.1031368872453609,0.4771930552417778,0.003,0.011166052393593607,8.563254576288148e-05,0.0795,0.09197083485176728
0.9,17,logistic_regression,0.093,0.1072796302100433,0.4717445795388361,0.0,0.00034268519847435795,0.0005920140962837328,0.093,0.10693694501156895
0.9,17,rbf_svm,0.0955,0.10078582576186243,0.4717445795388361,0.001,0.0023702833181048198,0.0005920140962837328,0.0945,0.09841554244375761
0.9,17,random_forest,0.1025,0.11457596984126985,0.4717445795388361,0.0,0.002398450000000001,0.0005920140962837328,0.1025,0.11217751984126985
0.9,17,gradient_boosting,0.1015,0.10382510910502471,0.4717445795388361,0.001,0.0019009077899551587,0.0005920140962837328,0.1005,0.10192420131506955
0.9,17,mlp,0.089,0.1063017681175302,0.4717445795388361,0.0005,0.0031464281064133627,0.0005920140962837328,0.0885,0.10315534001111684
0.9,18,logistic_regression,0.0915,0.10234434918645809,0.46368074522254066,0.0,0.0010221588598243658,0.00045695946261536946,0.0915,0.10132219032663373
0.9,18,rbf_svm,0.0925,0.09726566316444388,0.46368074522254066,0.0015,0.0022638981860085153,0.00045695946261536946,0.091,0.09500176497843536
0.9,18,random_forest,0.094,0.10815988095238095,0.46368074522254066,0.0005,0.002180750000000002,0.00045695946261536946,0.0935,0.10597913095238096
0.9,18,gradient_boosting,0.1,0.10181111464707066,0.46368074522254066,0.0005,0.0008160957347692479,0.00045695946261536946,0.0995,0.1009950189123014
0.9,18,mlp,0.088,0.10065683357343906,0.46368074522254066,0.0005,0.0023979090216302455,0.00045695946261536946,0.0875,0.09825892455180882
0.9,19,logistic_regression,0.084,0.09741452042996497,0.4903177628054274,0.0,4.3284856800116486e-05,0.0005294037615428682,0.084,0.09737123557316485
0.9,19,rbf_svm,0.084,0.08909237416949256,0.4903177628054274,0.0,0.0008160381582149404,0.0005294037615428682,0.084,0.08827633601127761
0.9,19,random_forest,0.0895,0.0994573253968254,0.4903177628054274,0.0,0.0012786380952380942,0.0005294037615428682,0.0895,0.09817868730158731
0.9,19,gradient_boosting,0.086,0.08860917705917827,0.4903177628054274,0.0005,0.0012299752140942073,0.0005294037615428682,0.08549999999999999,0.08737920184508406
0.9,19,mlp,0.08,0.1035789268830945,0.4903177628054274,0.0015,0.0036219946197486993,0.0005294037615428682,0.0785,0.0999569322633458
