rho_train,replicate,model,d3_flip_rate_noise,d3_probability_sensitivity_noise,auxiliary_train_r2_noise
0.0,0,logistic_regression,0.0005,0.0003217944369849917,0.0003001166577384362
0.0,0,rbf_svm,0.0155,0.019580386872046038,0.0003001166577384362
0.0,0,random_forest,0.011,0.01860091507936508,0.0003001166577384362
0.0,0,gradient_boosting,0.0215,0.024807832637964915,0.0003001166577384362
0.0,0,mlp,0.0125,0.010353187757244564,0.0003001166577384362
0.0,1,logistic_regression,0.001,0.0025902781488989063,0.00014568650008595085
0.0,1,rbf_svm,0.0175,0.019141376711924115,0.00014568650008595085
0.0,1,random_forest,0.011,0.01761447792207792,0.00014568650008595085
0.0,1,gradient_boosting,0.019,0.021243694618564738,0.00014568650008595085
0.0,1,mlp,0.02,0.01868313796252005,0.00014568650008595085
0.0,2,logistic_regression,0.001,0.0011054846503845861,0.0010306740088690258
0.0,2,rbf_svm,0.015,0.018487979313236255,0.0010306740088690258
0.0,2,random_forest,0.0105,0.017649238888888887,0.0010306740088690258
0.0,2,gradient_boosting,0.029,0.02629739047167848,0.0010306740088690258
0.0,2,mlp,0.0065,0.00883960662444686,0.0010306740088690258
0.0,3,logistic_regression,0.0,0.000787794078343206,0.00038766512038701517
0.0,3,rbf_svm,0.013,0.015235155677012722,0.00038766512038701517
0.0,3,random_forest,0.0155,0.018254199134199133,0.00038766512038701517
0.0,3,gradient_boosting,0.025,0.024321448320273813,0.00038766512038701517
0.0,3,mlp,0.0075,0.010334985013926464,0.00038766512038701517
0.0,4,logistic_regression,0.008,0.007283727733455601,0.0007554864096686043
0.0,4,rbf_svm,0.0175,0.019398609091820597,0.0007554864096686043
0.0,4,random_forest,0.0115,0.01782266955266956,0.0007554864096686043
0.0,4,gradient_boosting,0.021,0.02408339257314693,0.0007554864096686043
0.0,4,mlp,0.0115,0.012433960268345359,0.0007554864096686043
0.0,5,logistic_regression,0.0035,0.003446077683064763,2.89178048383798e-05
0.0,5,rbf_svm,0.0115,0.017207241648720995,2.89178048383798e-05
0.0,5,random_forest,0.0155,0.017321859523809522,2.89178048383798e-05
0.0,5,gradient_boosting,0.026,0.028319038133677046,2.89178048383798e-05
0.0,5,mlp,0.0105,0.011274975206891608,2.89178048383798e-05
0.0,6,logistic_regression,0.0055,0.003938483186828367,0.000531007332207234
0.0,6,rbf_svm,0.0185,0.019086351914195165,0.000531007332207234
0.0,6,random_forest,0.0125,0.017466269047619047,0.000531007332207234
0.0,6,gradient_boosting,0.035,0.02794821486282725,0.000531007332207234
0.0,6,mlp,0.011,0.009836576719532232,0.000531007332207234
0.0,7,logistic_regression,0.0065,0.004980567682919752,0.0005640883361243132
0.0,7,rbf_svm,0.0115,0.01518711302639472,0.0005640883361243132
0.0,7,random_forest,0.0125,0.015841341991341993,0.0005640883361243132
0.0,7,gradient_boosting,0.019,0.021132211033123568,0.0005640883361243132
0.0,7,mlp,0.013,0.010657814322000494,0.0005640883361243132
0.0,8,logistic_regression,0.0015,0.0009793103310314667,0.00017043864519217244
0.0,8,rbf_svm,0.0185,0.018322042078738186,0.00017043864519217244
0.0,8,random_forest,0.0155,0.01790053455988456,0.00017043864519217244
0.0,8,gradient_boosting,0.027,0.02510384760690674,0.00017043864519217244
0.0,8,mlp,0.0115,0.009140516147698705,0.00017043864519217244
0.0,9,logistic_regression,0.0045,0.003384920031954453,0.0010336083211166525
0.0,9,rbf_svm,0.016,0.015775675509421258,0.0010336083211166525
0.0,9,random_forest,0.0125,0.016031649999999998,0.0010336083211166525
0.0,9,gradient_boosting,0.022,0.0228770924502744,0.0010336083211166525
0.0,9,mlp,0.0135,0.013728157374814259,0.0010336083211166525
0.5,0,logistic_regression,0.0015,0.0010890931600013333,0.0003001166577384362
0.5,0,rbf_svm,0.0115,0.014794649693101881,0.0003001166577384362
0.5,0,random_forest,0.011,0.013181276046176046,0.0003001166577384362
0.5,0,gradient_boosting,0.022,0.019552002329708634,0.0003001166577384362
0.5,0,mlp,0.007,0.008335738400498893,0.0003001166577384362
0.5,1,logistic_regression,0.001,0.001688664486827951,0.00014568650008595085
0.5,1,rbf_svm,0.01,0.013879336260772987,0.00014568650008595085
0.5,1,random_forest,0.0085,0.01364928189033189,0.00014568650008595085
0.5,1,gradient_boosting,0.025,0.022920039759183945,0.00014568650008595085
0.5,1,mlp,0.0135,0.01511589744413678,0.00014568650008595085
0.5,2,logistic_regression,0.002,0.0006238190763550215,0.0010306740088690258
0.5,2,rbf_svm,0.011,0.012009534232378131,0.0010306740088690258
0.5,2,random_forest,0.008,0.012846768470418471,0.0010306740088690258
0.5,2,gradient_boosting,0.017,0.018656265614396112,0.0010306740088690258
0.5,2,mlp,0.0095,0.01484363566432433,0.0010306740088690258
0.5,3,logistic_regression,0.001,0.0007785307534750292,0.00038766512038701517
0.5,3,rbf_svm,0.008,0.012319455735007073,0.00038766512038701517
0.5,3,random_forest,0.0055,0.012958048412698413,0.00038766512038701517
0.5,3,gradient_boosting,0.014,0.017731243110003025,0.00038766512038701517
0.5,3,mlp,0.01,0.008444181506697603,0.00038766512038701517
0.5,4,logistic_regression,0.0055,0.006490509045706066,0.0007554864096686043
0.5,4,rbf_svm,0.0115,0.014608298802597957,0.0007554864096686043
0.5,4,random_forest,0.006,0.012854149855699853,0.0007554864096686043
0.5,4,gradient_boosting,0.0175,0.018959608785392944,0.0007554864096686043
0.5,4,mlp,0.0145,0.01423634618938539,0.0007554864096686043
0.5,5,logistic_regression,0.0025,0.002095038898325681,2.89178048383798e-05
0.5,5,rbf_svm,0.012,0.013282304930909407,2.89178048383798e-05
0.5,5,random_forest,0.0085,0.013294673015873016,2.89178048383798e-05
0.5,5,gradient_boosting,0.018,0.02319371768538733,2.89178048383798e-05
0.5,5,mlp,0.0055,0.007966886728379842,2.89178048383798e-05
0.5,6,logistic_regression,0.0035,0.0032509853216120704,0.000531007332207234
0.5,6,rbf_svm,0.009,0.012436133504712774,0.000531007332207234
0.5,6,random_forest,0.0055,0.012171093650793652,0.000531007332207234
0.5,6,gradient_boosting,0.0165,0.015101546324141119,0.000531007332207234
0.5,6,mlp,0.0065,0.007885796004549911,0.000531007332207234
0.5,7,logistic_regression,0.003,0.005002479847256296,0.0005640883361243132
0.5,7,rbf_svm,0.0045,0.010882116321270367,0.0005640883361243132
0.5,7,random_forest,0.0105,0.012088161904761904,0.0005640883361243132
0.5,7,gradient_boosting,0.021,0.016963621618900755,0.0005640883361243132
0.5,7,mlp,0.0095,0.008708356810034153,0.0005640883361243132
0.5,8,logistic_regression,0.001,0.0006011957495949655,0.00017043864519217244
0.5,8,rbf_svm,0.01,0.014752486814070327,0.00017043864519217244
0.5,8,random_forest,0.011,0.013911810606060605,0.00017043864519217244
0.5,8,gradient_boosting,0.023,0.0213608118703439,0.00017043864519217244
0.5,8,mlp,0.0075,0.007611222234704977,0.00017043864519217244
0.5,9,logistic_regression,0.001,0.0017569856949869532,0.0010336083211166525
0.5,9,rbf_svm,0.0085,0.01027909131248066,0.0010336083211166525
0.5,9,random_forest,0.0045,0.012335515079365077,0.0010336083211166525
0.5,9,gradient_boosting,0.0165,0.01663433991884067,0.0010336083211166525
0.5,9,mlp,0.011,0.01014539665354415,0.0010336083211166525
0.7,0,logistic_regression,0.0005,0.0008042877983663792,0.0003001166577384362
0.7,0,rbf_svm,0.006,0.009734112808182262,0.0003001166577384362
0.7,0,random_forest,0.0035,0.00915634761904762,0.0003001166577384362
0.7,0,gradient_boosting,0.017,0.01573063517747258,0.0003001166577384362
0.7,0,mlp,0.005,0.005750150439120253,0.0003001166577384362
0.7,1,logistic_regression,0.002,0.0015247968509757373,0.00014568650008595085
0.7,1,rbf_svm,0.0065,0.010002526189823209,0.00014568650008595085
0.7,1,random_forest,0.004,0.010076942063492064,0.00014568650008595085
0.7,1,gradient_boosting,0.0115,0.017906495646653257,0.00014568650008595085
0.7,1,mlp,0.0075,0.008556931247772445,0.00014568650008595085
0.7,2,logistic_regression,0.0025,0.0020186278024893435,0.0010306740088690258
0.7,2,rbf_svm,0.003,0.008569640847751966,0.0010306740088690258
0.7,2,random_forest,0.0045,0.00951775642135642,0.0010306740088690258
0.7,2,gradient_boosting,0.011,0.012609520099818815,0.0010306740088690258
0.7,2,mlp,0.0025,0.004657069627051614,0.0010306740088690258
0.7,3,logistic_regression,0.0005,0.0005128437355533779,0.00038766512038701517
0.7,3,rbf_svm,0.0045,0.010561028762230794,0.00038766512038701517
0.7,3,random_forest,0.005,0.008876579365079365,0.00038766512038701517
0.7,3,gradient_boosting,0.012,0.009810915280496992,0.00038766512038701517
0.7,3,mlp,0.004,0.006394996632350383,0.00038766512038701517
0.7,4,logistic_regression,0.0055,0.005392550898394406,0.0007554864096686043
0.7,4,rbf_svm,0.009,0.010624289924536288,0.0007554864096686043
0.7,4,random_forest,0.0025,0.010052494444444447,0.0007554864096686043
0.7,4,gradient_boosting,0.011,0.010647975691081113,0.0007554864096686043
0.7,4,mlp,0.007,0.009455376469440432,0.0007554864096686043
0.7,5,logistic_regression,0.0015,0.001640724225558252,2.89178048383798e-05
0.7,5,rbf_svm,0.005,0.009428233792228777,2.89178048383798e-05
0.7,5,random_forest,0.0075,0.009270746464646467,2.89178048383798e-05
0.7,5,gradient_boosting,0.015,0.015173670206758003,2.89178048383798e-05
0.7,5,mlp,0.004,0.00876866986150887,2.89178048383798e-05
0.7,6,logistic_regression,0.004,0.0021448214458289626,0.000531007332207234
0.7,6,rbf_svm,0.0045,0.00816952118401327,0.000531007332207234
0.7,6,random_forest,0.002,0.008824069047619046,0.000531007332207234
0.7,6,gradient_boosting,0.0065,0.010115165348060486,0.000531007332207234
0.7,6,mlp,0.003,0.008458259031636104,0.000531007332207234
0.7,7,logistic_regression,0.003,0.003940233514056603,0.0005640883361243132
0.7,7,rbf_svm,0.0025,0.008070323970191168,0.0005640883361243132
0.7,7,random_forest,0.006,0.009854698340548338,0.0005640883361243132
0.7,7,gradient_boosting,0.006,0.010913529726138056,0.0005640883361243132
0.7,7,mlp,0.009,0.010049509619449854,0.0005640883361243132
0.7,8,logistic_regression,0.0005,0.0014581324532469211,0.00017043864519217244
0.7,8,rbf_svm,0.0075,0.010141802535170837,0.00017043864519217244
0.7,8,random_forest,0.0085,0.00988400873015873,0.00017043864519217244
0.7,8,gradient_boosting,0.0145,0.014910568812052208,0.00017043864519217244
0.7,8,mlp,0.001,0.005159499214812802,0.00017043864519217244
0.7,9,logistic_regression,0.0005,0.001011261807697383,0.0010336083211166525
0.7,9,rbf_svm,0.0065,0.007334340928047741,0.0010336083211166525
0.7,9,random_forest,0.005,0.008291911904761905,0.0010336083211166525
0.7,9,gradient_boosting,0.01,0.010577023588442853,0.0010336083211166525
0.7,9,mlp,0.0085,0.005922900896039202,0.0010336083211166525
0.9,0,logistic_regression,0.0,0.0004441185104853748,0.0003001166577384362
0.9,0,rbf_svm,0.0005,0.0024853927500385555,0.0003001166577384362
0.9,0,random_forest,0.0005,0.002161769841269842,0.0003001166577384362
0.9,0,gradient_boosting,0.001,0.0012907137443177446,0.0003001166577384362
0.9,0,mlp,0.001,0.0019454679063288106,0.0003001166577384362
0.9,1,logistic_regression,0.001,0.001638401045582558,0.00014568650008595085
0.9,1,rbf_svm,0.002,0.00275797793448921,0.00014568650008595085
0.9,1,random_forest,0.0,0.0024386404761904783,0.00014568650008595085
0.9,1,gradient_boosting,0.0045,0.004809938330117313,0.00014568650008595085
0.9,1,mlp,0.0015,0.0027737185642252886,0.00014568650008595085
0.9,2,logistic_regression,0.001,0.001337321313068611,0.0010306740088690258
0.9,2,rbf_svm,0.002,0.002013403418252278,0.0010306740088690258
0.9,2,random_forest,0.0,0.0020713642857142864,0.0010306740088690258
0.9,2,gradient_boosting,0.0005,0.0014493231594115323,0.0010306740088690258
0.9,2,mlp,0.0015,0.0017061851476035002,0.0010306740088690258
0.9,3,logistic_regression,0.0,5.251112879196019e-06,0.00038766512038701517
0.9,3,rbf_svm,0.001,0.001970738617251308,0.00038766512038701517
0.9,3,random_forest,0.001,0.0021405714285714283,0.00038766512038701517
0.9,3,gradient_boosting,0.0025,0.002371310299446771,0.00038766512038701517
0.9,3,mlp,0.0015,0.007566441372915206,0.00038766512038701517
0.9,4,logistic_regression,0.0005,0.0012387247048069184,0.0007554864096686043
0.9,4,rbf_svm,0.0,0.0017703094647095474,0.0007554864096686043
0.9,4,random_forest,0.0005,0.0019407809523809532,0.0007554864096686043
0.9,4,gradient_boosting,0.002,0.0011752751836254765,0.0007554864096686043
0.9,4,mlp,0.0005,0.003421994230932824,0.0007554864096686043
0.9,5,logistic_regression,0.0,0.000967677216291648,2.89178048383798e-05
0.9,5,rbf_svm,0.001,0.002880695533541573,2.89178048383798e-05
0.9,5,random_forest,0.0,0.002013392063492064,2.89178048383798e-05
0.9,5,gradient_boosting,0.004,0.0028044330246531435,2.89178048383798e-05
0.9,5,mlp,0.001,0.002846715714004894,2.89178048383798e-05
0.9,6,logistic_regression,0.0,0.00025850392176978945,0.000531007332207234
0.9,6,rbf_svm,0.0015,0.0016948502280347696,0.000531007332207234
0.9,6,random_forest,0.0,0.0018365523809523812,0.000531007332207234
0.9,6,gradient_boosting,0.0005,0.0013100374779201171,0.000531007332207234
0.9,6,mlp,0.003,0.010404356605565813,0.000531007332207234
0.9,7,logistic_regression,0.0,0.00013257342928485805,0.0005640883361243132
0.9,7,rbf_svm,0.002,0.002433364240705082,0.0005640883361243132
0.9,7,random_forest,0.001,0.002531919047619048,0.0005640883361243132
0.9,7,gradient_boosting,0.003,0.002406864133495837,0.0005640883361243132
0.9,7,mlp,0.0035,0.010218431787699125,0.0005640883361243132
0.9,8,logistic_regression,0.0005,0.0016131944864127697,0.00017043864519217244
0.9,8,rbf_svm,0.001,0.0022334353326064,0.00017043864519217244
0.9,8,random_forest,0.0,0.002304157142857143,0.00017043864519217244
0.9,8,gradient_boosting,0.0025,0.0023108590654210663,0.00017043864519217244
0.9,8,mlp,0.006,0.011809775894333284,0.00017043864519217244
0.9,9,logistic_regression,0.0,0.00013357404320360906,0.0010336083211166525
0.9,9,rbf_svm,0.001,0.0017308467152332726,0.0010336083211166525
0.9,9,random_forest,0.0,0.0016624150793650798,0.0010336083211166525
0.9,9,gradient_boosting,0.001,0.0014180256407575794,0.0010336083211166525
0.9,9,mlp,0.002,0.003980231895834579,0.0010336083211166525
0.9,10,logistic_regression,0.0,0.00032346657205256743,0.00013354187055714117
0.9,10,rbf_svm,0.0005,0.003216705228287119,0.00013354187055714117
0.9,10,random_forest,0.0005,0.0018107317460317467,0.00013354187055714117
0.9,10,gradient_boosting,0.0015,0.0022781548913713722,0.00013354187055714117
0.9,10,mlp,0.0,0.0016186527834624455,0.00013354187055714117
0.9,11,logistic_regression,0.0005,0.0007226377218036132,0.0008733807194556409
0.9,11,rbf_svm,0.0015,0.00276377434349572,0.0008733807194556409
0.9,11,random_forest,0.0,0.0022078920634920644,0.0008733807194556409
0.9,11,gradient_boosting,0.002,0.0022559438063878804,0.0008733807194556409
0.9,11,mlp,0.0005,0.0036388792500300134,0.0008733807194556409
0.9,12,logistic_regression,0.0,4.931013321187343e-05,0.0013962095705876143
0.9,12,rbf_svm,0.001,0.0015793919237059725,0.0013962095705876143
0.9,12,random_forest,0.0,0.0017669071428571416,0.0013962095705876143
0.9,12,gradient_boosting,0.0015,0.001040000410933376,0.0013962095705876143
0.9,12,mlp,0.0,0.0010330203867107606,0.0013962095705876143
0.9,13,logistic_regression,0.0,0.0008246703072003953,0.00012695452140276675
0.9,13,rbf_svm,0.0015,0.002069697711672319,0.00012695452140276675
0.9,13,random_forest,0.001,0.0020504174603174605,0.00012695452140276675
0.9,13,gradient_boosting,0.0015,0.0021443153771398206,0.00012695452140276675
0.9,13,mlp,0.0025,0.006389501327561616,0.00012695452140276675
0.9,14,logistic_regression,0.0,0.0002094200759837867,0.00012546049456851893
0.9,14,rbf_svm,0.0015,0.0021871258651633275,0.00012546049456851893
0.9,14,random_forest,0.0,0.001941785714285716,0.00012546049456851893
0.9,14,gradient_boosting,0.001,0.0009837142689866308,0.00012546049456851893
0.9,14,mlp,0.0015,0.007591435709145486,0.00012546049456851893
0.9,15,logistic_regression,0.0005,0.0007884169078739761,0.0010212945832053233
0.9,15,rbf_svm,0.001,0.002625412674453579,0.0010212945832053233
0.9,15,random_forest,0.0005,0.001866619047619048,0.0010212945832053233
0.9,15,gradient_boosting,0.0,0.0010300151313049242,0.0010212945832053233
0.9,15,mlp,0.0045,0.009764018677275598,0.0010212945832053233
0.9,16,logistic_regression,0.0,0.000575786509556802,8.563254576288148e-05
0.9,16,rbf_svm,0.0015,0.002760317418965312,8.563254576288148e-05
0.9,16,random_forest,0.0015,0.0021740071428571427,8.563254576288148e-05
0.9,16,gradient_boosting,0.005,0.003120545348442427,8.563254576288148e-05
0.9,16,mlp,0.003,0.011166052393593607,8.563254576288148e-05
0.9,17,logistic_regression,0.0,0.00034268519847435795,0.0005920140962837328
0.9,17,rbf_svm,0.001,0.0023702833181048198,0.0005920140962837328
0.9,17,random_forest,0.0,0.002398450000000001,0.0005920140962837328
0.9,17,gradient_boosting,0.001,0.0019009077899551587,0.0005920140962837328
0.9,17,mlp,0.0005,0.0031464281064133627,0.0005920140962837328
0.9,18,logistic_regression,0.0,0.0010221588598243658,0.00045695946261536946
0.9,18,rbf_svm,0.0015,0.0022638981860085153,0.00045695946261536946
0.9,18,random_forest,0.0005,0.002180750000000002,0.00045695946261536946
0.9,18,gradient_boosting,0.0005,0.0008160957347692479,0.00045695946261536946
0.9,18,mlp,0.0005,0.0023979090216302455,0.00045695946261536946
0.9,19,logistic_regression,0.0,4.3284856800116486e-05,0.0005294037615428682
0.9,19,rbf_svm,0.0,0.0008160381582149404,0.0005294037615428682
0.9,19,random_forest,0.0,0.0012786380952380942,0.0005294037615428682
0.9,19,gradient_boosting,0.0005,0.0012299752140942073,0.0005294037615428682
0.9,19,mlp,0.0015,0.0036219946197486993,0.0005294037615428682
