rho_train,model,rho_environment,metric,mean,ci_lower,ci_upper,n_replicates
0.0,gradient_boosting,-0.9,accuracy,0.9018666666666666,0.8995333333333335,0.9044333333333331,10
0.0,gradient_boosting,-0.6,accuracy,0.8988666666666667,0.8954333333333333,0.9017333333333333,10
0.0,gradient_boosting,-0.3,accuracy,0.8995,0.8955666666666666,0.9033333333333333,10
0.0,gradient_boosting,0.0,accuracy,0.9012,0.8970666666666667,0.9056666666666668,10
0.0,gradient_boosting,0.3,accuracy,0.8994333333333332,0.8960000000000001,0.9026666666666665,10
0.0,logistic_regression,-0.9,accuracy,0.9126666666666665,0.9101666666666667,0.9154666666666668,10
0.0,logistic_regression,-0.6,accuracy,0.9111333333333332,0.9072666666666667,0.9149999999999998,10
0.0,logistic_regression,-0.3,accuracy,0.9103999999999999,0.9068000000000002,0.9132333333333331,10
0.0,logistic_regression,0.0,accuracy,0.9141666666666668,0.9106666666666667,0.9174666666666667,10
0.0,logistic_regression,0.3,accuracy,0.9094666666666666,0.9069333333333335,0.9119333333333334,10
0.0,mlp,-0.9,accuracy,0.9117666666666668,0.9086333333333334,0.9152008333333335,10
0.0,mlp,-0.6,accuracy,0.9094666666666666,0.9054,0.9133666666666667,10
0.0,mlp,-0.3,accuracy,0.9088666666666665,0.9048999999999999,0.9119333333333334,10
0.0,mlp,0.0,accuracy,0.9130666666666667,0.9095333333333333,0.9166000000000001,10
0.0,mlp,0.3,accuracy,0.9084333333333333,0.906,0.9109,10
0.0,random_forest,-0.9,accuracy,0.9052333333333336,0.9029999999999999,0.9076333333333334,10
0.0,random_forest,-0.6,accuracy,0.9020333333333334,0.8983333333333334,0.9052999999999999,10
0.0,random_forest,-0.3,accuracy,0.9017666666666665,0.8982666666666667,0.9052675000000002,10
0.0,random_forest,0.0,accuracy,0.9052666666666667,0.9016,0.9089333333333333,10
0.0,random_forest,0.3,accuracy,0.9021000000000001,0.8993,0.9049333333333331,10
0.0,rbf_svm,-0.9,accuracy,0.9116,0.9090999999999999,0.9143666666666667,10
0.0,rbf_svm,-0.6,accuracy,0.9102333333333334,0.9065333333333333,0.9138333333333334,10
0.0,rbf_svm,-0.3,accuracy,0.9093333333333333,0.9058999999999999,0.9120666666666667,10
0.0,rbf_svm,0.0,accuracy,0.9135,0.9101333333333332,0.9166666666666666,10
0.0,rbf_svm,0.3,accuracy,0.9082333333333334,0.9054324999999999,0.9112,10
0.5,gradient_boosting,-0.9,accuracy,0.9018666666666666,0.8995658333333332,0.9044666666666666,10
0.5,gradient_boosting,-0.6,accuracy,0.8988666666666667,0.8954333333333334,0.9017341666666666,10
0.5,gradient_boosting,-0.3,accuracy,0.8995,0.8955333333333334,0.9032333333333333,10
0.5,gradient_boosting,0.0,accuracy,0.9007,0.8978666666666667,0.9040666666666667,10
0.5,gradient_boosting,0.3,accuracy,0.8994333333333332,0.8960324999999998,0.9027333333333333,10
0.5,gradient_boosting,0.5,accuracy,0.9012,0.8970666666666667,0.9057000000000001,10
0.5,logistic_regression,-0.9,accuracy,0.9126666666666665,0.9100666666666667,0.9155333333333333,10
0.5,logistic_regression,-0.6,accuracy,0.9111333333333332,0.9072000000000001,0.9149333333333333,10
0.5,logistic_regression,-0.3,accuracy,0.9103999999999999,0.9066666666666668,0.9132333333333333,10
0.5,logistic_regression,0.0,accuracy,0.9120666666666667,0.9096,0.9148333333333334,10
0.5,logistic_regression,0.3,accuracy,0.9094666666666666,0.9069333333333335,0.9119333333333334,10
0.5,logistic_regression,0.5,accuracy,0.9141666666666668,0.9105666666666666,0.9174999999999999,10
0.5,mlp,-0.9,accuracy,0.9117666666666668,0.9085333333333334,0.9152999999999999,10
0.5,mlp,-0.6,accuracy,0.9094666666666666,0.9053666666666667,0.9133333333333333,10
0.5,mlp,-0.3,accuracy,0.9088666666666665,0.9048666666666666,0.9120000000000001,10
0.5,mlp,0.0,accuracy,0.9117666666666666,0.9091000000000001,0.9146666666666666,10
0.5,mlp,0.3,accuracy,0.9084333333333333,0.9061,0.9108666666666666,10
0.5,mlp,0.5,accuracy,0.9130666666666667,0.9094333333333333,0.9167333333333334,10
0.5,random_forest,-0.9,accuracy,0.9052333333333336,0.9029333333333331,0.9076000000000001,10
0.5,random_forest,-0.6,accuracy,0.9020333333333334,0.8983333333333332,0.9052666666666667,10
0.5,random_forest,-0.3,accuracy,0.9017666666666665,0.8984,0.9052999999999999,10
0.5,random_forest,0.0,accuracy,0.9040666666666667,0.9017666666666667,0.9071,10
0.5,random_forest,0.3,accuracy,0.9021000000000001,0.8992666666666667,0.9048666666666667,10
0.5,random_forest,0.5,accuracy,0.9052666666666667,0.9016666666666667,0.9090666666666667,10
0.5,rbf_svm,-0.9,accuracy,0.9116,0.9090999999999999,0.9143333333333334,10
0.5,rbf_svm,-0.6,accuracy,0.9102333333333334,0.9065,0.9138341666666668,10
0.5,rbf_svm,-0.3,accuracy,0.9093333333333333,0.9060324999999999,0.9120666666666667,10
0.5,rbf_svm,0.0,accuracy,0.9108666666666668,0.9084999999999999,0.9134333333333334,10
0.5,rbf_svm,0.3,accuracy,0.9082333333333334,0.9053666666666667,0.9111,10
0.5,rbf_svm,0.5,accuracy,0.9135,0.9102,0.9166999999999998,10
0.7,gradient_boosting,-0.9,accuracy,0.9018666666666666,0.8996000000000001,0.9044333333333331,10
0.7,gradient_boosting,-0.6,accuracy,0.8988666666666667,0.8954666666666666,0.9016666666666667,10
0.7,gradient_boosting,-0.3,accuracy,0.8995,0.8956,0.9032666666666668,10
0.7,gradient_boosting,0.0,accuracy,0.9007,0.8978658333333333,0.9041675000000001,10
0.7,gradient_boosting,0.3,accuracy,0.8994333333333332,0.8960333333333331,0.9026666666666667,10
0.7,gradient_boosting,0.7,accuracy,0.9012,0.8971,0.9056666666666668,10
0.7,logistic_regression,-0.9,accuracy,0.9126666666666665,0.9100999999999999,0.9155,10
0.7,logistic_regression,-0.6,accuracy,0.9111333333333332,0.9072666666666667,0.9148675000000001,10
0.7,logistic_regression,-0.3,accuracy,0.9103999999999999,0.9066000000000001,0.9131666666666668,10
0.7,logistic_regression,0.0,accuracy,0.9120666666666667,0.9096,0.9147666666666666,10
0.7,logistic_regression,0.3,accuracy,0.9094666666666666,0.907,0.9119666666666667,10
0.7,logistic_regression,0.7,accuracy,0.9141666666666668,0.9104333333333334,0.9175000000000001,10
0.7,mlp,-0.9,accuracy,0.9117666666666668,0.9086000000000001,0.9152666666666667,10
0.7,mlp,-0.6,accuracy,0.9094666666666666,0.9055,0.9133333333333333,10
0.7,mlp,-0.3,accuracy,0.9088666666666665,0.9049666666666667,0.9119999999999999,10
0.7,mlp,0.0,accuracy,0.9117666666666666,0.9091333333333333,0.9146666666666666,10
0.7,mlp,0.3,accuracy,0.9084333333333333,0.9060658333333332,0.9108333333333334,10
0.7,mlp,0.7,accuracy,0.9130666666666667,0.9095333333333333,0.9165675000000002,10
0.7,random_forest,-0.9,accuracy,0.9052333333333336,0.9029333333333334,0.9076333333333334,10
0.7,random_forest,-0.6,accuracy,0.9020333333333334,0.8983333333333334,0.9053333333333333,10
0.7,random_forest,-0.3,accuracy,0.9017666666666665,0.8983000000000001,0.9052333333333333,10
0.7,random_forest,0.0,accuracy,0.9040666666666667,0.9017999999999999,0.9071666666666667,10
0.7,random_forest,0.3,accuracy,0.9021000000000001,0.8993324999999999,0.9049666666666667,10
0.7,random_forest,0.7,accuracy,0.9052666666666667,0.9015333333333334,0.909,10
0.7,rbf_svm,-0.9,accuracy,0.9116,0.9091333333333333,0.9143000000000001,10
0.7,rbf_svm,-0.6,accuracy,0.9102333333333334,0.9065333333333333,0.9138333333333334,10
0.7,rbf_svm,-0.3,accuracy,0.9093333333333333,0.9058999999999999,0.9121,10
0.7,rbf_svm,0.0,accuracy,0.9108666666666668,0.9084666666666668,0.9134666666666668,10
0.7,rbf_svm,0.3,accuracy,0.9082333333333334,0.9054,0.9111999999999998,10
0.7,rbf_svm,0.7,accuracy,0.9135,0.9101333333333332,0.9167,10
0.9,gradient_boosting,-0.9,accuracy,0.9015333333333334,0.8992000000000001,0.9037666666666666,20
0.9,gradient_boosting,-0.6,accuracy,0.8986833333333333,0.8965500000000001,0.9006166666666667,20
0.9,gradient_boosting,-0.3,accuracy,0.9003333333333334,0.8976166666666667,0.902983333333333,20
0.9,gradient_boosting,0.0,accuracy,0.9009499999999999,0.8993,0.9027833333333334,20
0.9,gradient_boosting,0.3,accuracy,0.9007999999999999,0.8984333333333332,0.9032,20
0.9,gradient_boosting,0.9,accuracy,0.8997666666666666,0.8972000000000001,0.9024666666666665,20
0.9,logistic_regression,-0.9,accuracy,0.9129333333333334,0.9108666666666666,0.9149504166666668,20
0.9,logistic_regression,-0.6,accuracy,0.9103166666666667,0.9081166666666665,0.9125170833333335,20
0.9,logistic_regression,-0.3,accuracy,0.9115833333333334,0.9091333333333335,0.9136666666666666,20
0.9,logistic_regression,0.0,accuracy,0.9131500000000001,0.9115666666666667,0.9147666666666667,20
0.9,logistic_regression,0.3,accuracy,0.9120333333333333,0.9098833333333335,0.9141666666666668,20
0.9,logistic_regression,0.9,accuracy,0.91295,0.9106833333333333,0.9151,20
0.9,mlp,-0.9,accuracy,0.9116499999999998,0.9091833333333333,0.9140999999999998,20
0.9,mlp,-0.6,accuracy,0.9091166666666666,0.9064500000000002,0.9117004166666667,20
0.9,mlp,-0.3,accuracy,0.9095666666666666,0.9069166666666668,0.9118999999999999,20
0.9,mlp,0.0,accuracy,0.9125833333333333,0.9106166666666666,0.9145333333333335,20
0.9,mlp,0.3,accuracy,0.91055,0.9081666666666666,0.9130666666666668,20
0.9,mlp,0.9,accuracy,0.91235,0.9100999999999999,0.9147166666666665,20
0.9,random_forest,-0.9,accuracy,0.9042666666666666,0.9019333333333333,0.9065833333333334,20
0.9,random_forest,-0.6,accuracy,0.9018333333333333,0.89985,0.9037499999999999,20
0.9,random_forest,-0.3,accuracy,0.9020166666666667,0.8992500000000001,0.9047333333333334,20
0.9,random_forest,0.0,accuracy,0.9041833333333333,0.9029,0.9057833333333332,20
0.9,random_forest,0.3,accuracy,0.9033833333333334,0.9013333333333333,0.9054499999999999,20
0.9,random_forest,0.9,accuracy,0.9036499999999998,0.9015500000000001,0.9058670833333333,20
0.9,rbf_svm,-0.9,accuracy,0.9117000000000001,0.9096829166666667,0.91375,20
0.9,rbf_svm,-0.6,accuracy,0.9099166666666667,0.9078333333333335,0.9119166666666667,20
0.9,rbf_svm,-0.3,accuracy,0.9101833333333333,0.90785,0.9122166666666667,20
0.9,rbf_svm,0.0,accuracy,0.9125333333333334,0.9108166666666666,0.9142333333333333,20
0.9,rbf_svm,0.3,accuracy,0.9106500000000001,0.90845,0.9128837500000001,20
0.9,rbf_svm,0.9,accuracy,0.9119333333333334,0.9096499999999998,0.9141670833333334,20
