fit_id,fidelity_min,fidelity_drop_from_20,fidelity_recovery,sat,trajectory_class_recomputed
rho0_seed00_width512_constant,0.94575,0.018500000000000072,0.008750000000000036,inf,No-acquisition / no-distortion
rho0_seed00_width512_cosine,0.9545,0.010750000000000037,0.00649999999999995,inf,No-acquisition / no-distortion
rho0_seed00_width64_constant,0.9615,0.015249999999999986,0.0,inf,No-acquisition / no-distortion
rho0_seed00_width64_cosine,0.96775,0.009000000000000008,0.0007500000000000284,inf,No-acquisition / no-distortion
rho0_seed00_width8_constant,0.974,0.016000000000000014,0.0,inf,No-acquisition / no-distortion
rho0_seed00_width8_cosine,0.977,0.013000000000000012,0.0010000000000000009,inf,No-acquisition / no-distortion
rho0_seed01_width512_constant,0.97175,0.008000000000000007,0.004750000000000032,inf,No-acquisition / no-distortion
rho0_seed01_width512_cosine,0.98025,0.0002500000000000835,0.005750000000000033,inf,No-acquisition / no-distortion
rho0_seed01_width64_constant,0.984,0.009500000000000064,0.0,inf,No-acquisition / no-distortion
rho0_seed01_width64_cosine,0.989,0.004249999999999976,0.0007500000000000284,inf,No-acquisition / no-distortion
rho0_seed01_width8_constant,0.98825,0.0020000000000000018,0.0035000000000000586,inf,No-acquisition / no-distortion
rho0_seed01_width8_cosine,0.9895,0.0004999999999999449,0.0024999999999999467,inf,No-acquisition / no-distortion
rho0_seed02_width512_constant,0.96025,0.01574999999999993,0.017999999999999905,inf,No-acquisition / no-distortion
rho0_seed02_width512_cosine,0.966,0.00924999999999998,0.017750000000000044,inf,No-acquisition / no-distortion
rho0_seed02_width64_constant,0.98475,0.005499999999999949,0.0014999999999999458,inf,No-acquisition / no-distortion
rho0_seed02_width64_cosine,0.9885,0.0020000000000000018,0.0010000000000000009,inf,No-acquisition / no-distortion
rho0_seed02_width8_constant,0.987,0.005750000000000033,0.0,inf,No-acquisition / no-distortion
rho0_seed02_width8_cosine,0.9915,0.0012499999999999734,0.0020000000000000018,inf,No-acquisition / no-distortion
rho0_seed03_width512_constant,0.9645,0.011499999999999955,0.017000000000000015,inf,No-acquisition / no-distortion
rho0_seed03_width512_cosine,0.9675,0.009000000000000008,0.008499999999999952,inf,No-acquisition / no-distortion
rho0_seed03_width64_constant,0.968,0.01475000000000004,0.006249999999999978,inf,No-acquisition / no-distortion
rho0_seed03_width64_cosine,0.97575,0.007000000000000006,0.0,inf,No-acquisition / no-distortion
rho0_seed03_width8_constant,0.986,0.0,0.00275000000000003,inf,No-acquisition / no-distortion
rho0_seed03_width8_cosine,0.98625,0.0,0.0025000000000000577,inf,No-acquisition / no-distortion
rho0_seed04_width512_constant,0.967,0.016249999999999987,0.009500000000000064,inf,No-acquisition / no-distortion
rho0_seed04_width512_cosine,0.97425,0.009000000000000008,0.005250000000000088,inf,No-acquisition / no-distortion
rho0_seed04_width64_constant,0.97975,0.011750000000000038,0.006750000000000034,inf,No-acquisition / no-distortion
rho0_seed04_width64_cosine,0.98575,0.006000000000000005,0.00275000000000003,inf,No-acquisition / no-distortion
rho0_seed04_width8_constant,0.97975,0.006249999999999978,0.015249999999999986,inf,No-acquisition / no-distortion
rho0_seed04_width8_cosine,0.98575,0.0,0.00924999999999998,inf,No-acquisition / no-distortion
rho0_seed05_width512_constant,0.968,0.012500000000000067,0.00824999999999998,inf,No-acquisition / no-distortion
rho0_seed05_width512_cosine,0.9765,0.0040000000000000036,0.003249999999999975,inf,No-acquisition / no-distortion
rho0_seed05_width64_constant,0.984,0.004750000000000032,0.00024999999999997247,inf,No-acquisition / no-distortion
rho0_seed05_width64_cosine,0.9875,0.0014999999999999458,0.00024999999999997247,inf,No-acquisition / no-distortion
rho0_seed05_width8_constant,0.986,0.003750000000000031,0.0025000000000000577,inf,No-acquisition / no-distortion
rho0_seed05_width8_cosine,0.98975,0.0,0.0020000000000000018,inf,No-acquisition / no-distortion
rho0_seed06_width512_constant,0.966,0.013500000000000068,0.007500000000000062,inf,No-acquisition / no-distortion
rho0_seed06_width512_cosine,0.97175,0.008750000000000036,0.005249999999999977,inf,No-acquisition / no-distortion
rho0_seed06_width64_constant,0.9795,0.008749999999999925,0.004249999999999976,inf,No-acquisition / no-distortion
rho0_seed06_width64_cosine,0.9875,0.0010000000000000009,0.0010000000000000009,inf,No-acquisition / no-distortion
rho0_seed06_width8_constant,0.99075,0.00275000000000003,0.0030000000000000027,inf,No-acquisition / no-distortion
rho0_seed06_width8_cosine,0.99375,0.0,0.0017500000000000293,inf,No-acquisition / no-distortion
rho0_seed07_width512_constant,0.96525,0.017999999999999905,0.011249999999999982,inf,No-acquisition / no-distortion
rho0_seed07_width512_cosine,0.97425,0.009000000000000008,0.004250000000000087,inf,No-acquisition / no-distortion
rho0_seed07_width64_constant,0.97475,0.00824999999999998,0.007750000000000035,inf,No-acquisition / no-distortion
rho0_seed07_width64_cosine,0.98275,0.0,0.00275000000000003,inf,No-acquisition / no-distortion
rho0_seed07_width8_constant,0.98825,0.006500000000000061,0.0022500000000000853,inf,No-acquisition / no-distortion
rho0_seed07_width8_cosine,0.9925,0.0022499999999999742,0.00024999999999997247,inf,No-acquisition / no-distortion
rho0_seed08_width512_constant,0.96425,0.014499999999999957,0.011749999999999927,inf,No-acquisition / no-distortion
rho0_seed08_width512_cosine,0.971,0.008000000000000007,0.009000000000000008,inf,No-acquisition / no-distortion
rho0_seed08_width64_constant,0.98225,0.003250000000000086,0.0,inf,No-acquisition / no-distortion
rho0_seed08_width64_cosine,0.98375,0.0017500000000000293,0.0020000000000000018,inf,No-acquisition / no-distortion
rho0_seed08_width8_constant,0.9845,0.0010000000000000009,0.0010000000000000009,inf,No-acquisition / no-distortion
rho0_seed08_width8_cosine,0.98475,0.0012499999999999734,0.0012499999999999734,inf,No-acquisition / no-distortion
rho0_seed09_width512_constant,0.97425,0.0017500000000000293,0.00825000000000009,inf,No-acquisition / no-distortion
rho0_seed09_width512_cosine,0.9765,0.0,0.009749999999999925,inf,No-acquisition / no-distortion
rho0_seed09_width64_constant,0.98575,0.005750000000000033,0.0024999999999999467,inf,No-acquisition / no-distortion
rho0_seed09_width64_cosine,0.9875,0.004249999999999976,0.0,inf,No-acquisition / no-distortion
rho0_seed09_width8_constant,0.9855,0.0050000000000000044,0.0017499999999999183,inf,No-acquisition / no-distortion
rho0_seed09_width8_cosine,0.9875,0.0030000000000000027,0.0,inf,No-acquisition / no-distortion
rho0_seed10_width512_constant,0.963,0.01750000000000007,0.0022500000000000853,inf,No-acquisition / no-distortion
rho0_seed10_width512_cosine,0.96675,0.01375000000000004,0.00924999999999998,inf,No-acquisition / no-distortion
rho0_seed10_width64_constant,0.97975,0.011249999999999982,0.003750000000000031,inf,No-acquisition / no-distortion
rho0_seed10_width64_cosine,0.9815,0.009000000000000008,0.007499999999999951,inf,No-acquisition / no-distortion
rho0_seed10_width8_constant,0.9895,0.004249999999999976,0.0034999999999999476,inf,No-acquisition / no-distortion
rho0_seed10_width8_cosine,0.99225,0.0012500000000000844,0.000500000000000056,inf,No-acquisition / no-distortion
rho0_seed11_width512_constant,0.9695,0.004749999999999921,0.0010000000000000009,inf,No-acquisition / no-distortion
rho0_seed11_width512_cosine,0.9745,0.0,0.0034999999999999476,inf,No-acquisition / no-distortion
rho0_seed11_width64_constant,0.97375,0.00924999999999998,0.0034999999999999476,inf,No-acquisition / no-distortion
rho0_seed11_width64_cosine,0.98025,0.0030000000000000027,0.0012500000000000844,inf,No-acquisition / no-distortion
rho0_seed11_width8_constant,0.985,0.0012499999999999734,0.0,inf,No-acquisition / no-distortion
rho0_seed11_width8_cosine,0.986,0.0,0.0012499999999999734,inf,No-acquisition / no-distortion
rho0_seed12_width512_constant,0.96725,0.022499999999999964,0.004249999999999976,inf,No-acquisition / no-distortion
rho0_seed12_width512_cosine,0.97875,0.01200000000000001,0.0034999999999999476,inf,No-acquisition / no-distortion
rho0_seed12_width64_constant,0.983,0.00824999999999998,0.0012499999999999734,inf,No-acquisition / no-distortion
rho0_seed12_width64_cosine,0.9865,0.0044999999999999485,0.0034999999999999476,inf,No-acquisition / no-distortion
rho0_seed12_width8_constant,0.98525,0.005250000000000088,0.009000000000000008,inf,No-acquisition / no-distortion
rho0_seed12_width8_cosine,0.991,0.0,0.0010000000000000009,inf,No-acquisition / no-distortion
rho0_seed13_width512_constant,0.9545,0.029000000000000026,0.0,inf,No-acquisition / no-distortion
rho0_seed13_width512_cosine,0.97425,0.008750000000000036,0.0025000000000000577,inf,No-acquisition / no-distortion
rho0_seed13_width64_constant,0.9765,0.010249999999999981,0.00649999999999995,inf,No-acquisition / no-distortion
rho0_seed13_width64_cosine,0.98275,0.0040000000000000036,0.0010000000000000009,inf,No-acquisition / no-distortion
rho0_seed13_width8_constant,0.98875,0.0,0.005249999999999977,inf,No-acquisition / no-distortion
rho0_seed13_width8_cosine,0.98875,0.0,0.006249999999999978,inf,No-acquisition / no-distortion
rho0_seed14_width512_constant,0.9545,0.007499999999999951,0.027000000000000024,inf,No-acquisition / no-distortion
rho0_seed14_width512_cosine,0.962,0.0,0.018000000000000016,inf,No-acquisition / no-distortion
rho0_seed14_width64_constant,0.97775,0.005249999999999977,0.0050000000000000044,inf,No-acquisition / no-distortion
rho0_seed14_width64_cosine,0.98125,0.0020000000000000018,0.0017500000000000293,inf,No-acquisition / no-distortion
rho0_seed14_width8_constant,0.98225,0.005250000000000088,0.000500000000000056,inf,No-acquisition / no-distortion
rho0_seed14_width8_cosine,0.98325,0.0040000000000000036,0.0002500000000000835,inf,No-acquisition / no-distortion
rho0_seed15_width512_constant,0.9645,0.005499999999999949,0.017749999999999932,inf,No-acquisition / no-distortion
rho0_seed15_width512_cosine,0.9635,0.005749999999999922,0.020749999999999935,inf,No-acquisition / no-distortion
rho0_seed15_width64_constant,0.98125,0.007750000000000035,0.0007500000000000284,inf,No-acquisition / no-distortion
rho0_seed15_width64_cosine,0.98125,0.008000000000000007,0.0007500000000000284,inf,No-acquisition / no-distortion
rho0_seed15_width8_constant,0.98675,0.00275000000000003,0.00275000000000003,inf,No-acquisition / no-distortion
rho0_seed15_width8_cosine,0.9875,0.0020000000000000018,0.0034999999999999476,inf,No-acquisition / no-distortion
rho0_seed16_width512_constant,0.96575,0.020499999999999963,0.0044999999999999485,inf,No-acquisition / no-distortion
rho0_seed16_width512_cosine,0.977,0.009500000000000064,0.0050000000000000044,inf,No-acquisition / no-distortion
rho0_seed16_width64_constant,0.98125,0.009500000000000064,0.004250000000000087,inf,No-acquisition / no-distortion
rho0_seed16_width64_cosine,0.98575,0.0050000000000000044,0.0010000000000000009,inf,No-acquisition / no-distortion
rho0_seed16_width8_constant,0.985,0.006750000000000034,0.0040000000000000036,inf,No-acquisition / no-distortion
rho0_seed16_width8_cosine,0.9905,0.0012499999999999734,0.0017499999999999183,inf,No-acquisition / no-distortion
rho0_seed17_width512_constant,0.9745,0.0,0.011249999999999982,inf,No-acquisition / no-distortion
rho0_seed17_width512_cosine,0.975,0.0,0.013500000000000068,inf,No-acquisition / no-distortion
rho0_seed17_width64_constant,0.9825,0.005249999999999977,0.0030000000000000027,inf,No-acquisition / no-distortion
rho0_seed17_width64_cosine,0.9845,0.003249999999999975,0.0034999999999999476,inf,No-acquisition / no-distortion
rho0_seed17_width8_constant,0.98975,0.0020000000000000018,0.00275000000000003,inf,No-acquisition / no-distortion
rho0_seed17_width8_cosine,0.99025,0.0015000000000000568,0.0017500000000000293,inf,No-acquisition / no-distortion
rho0_seed18_width512_constant,0.96625,0.02474999999999994,0.007499999999999951,inf,No-acquisition / no-distortion
rho0_seed18_width512_cosine,0.96975,0.020750000000000046,0.011499999999999955,inf,No-acquisition / no-distortion
rho0_seed18_width64_constant,0.9775,0.012749999999999928,0.008000000000000007,inf,No-acquisition / no-distortion
rho0_seed18_width64_cosine,0.9825,0.007499999999999951,0.00824999999999998,inf,No-acquisition / no-distortion
rho0_seed18_width8_constant,0.98625,0.006250000000000089,0.005750000000000033,inf,No-acquisition / no-distortion
rho0_seed18_width8_cosine,0.9875,0.0050000000000000044,0.0014999999999999458,inf,No-acquisition / no-distortion
rho0_seed19_width512_constant,0.96775,0.010249999999999981,0.011499999999999955,inf,No-acquisition / no-distortion
rho0_seed19_width512_cosine,0.97875,0.0,0.008000000000000007,inf,No-acquisition / no-distortion
rho0_seed19_width64_constant,0.97725,0.015000000000000013,0.0030000000000000027,inf,No-acquisition / no-distortion
rho0_seed19_width64_cosine,0.97925,0.012750000000000039,0.0030000000000000027,inf,No-acquisition / no-distortion
rho0_seed19_width8_constant,0.98375,0.005249999999999977,0.0050000000000000044,inf,No-acquisition / no-distortion
rho0_seed19_width8_cosine,0.98475,0.004249999999999976,0.003750000000000031,inf,No-acquisition / no-distortion
rho0p7_seed00_width512_constant,0.95725,0.014999999999999902,0.00374999999999992,inf,No-acquisition / no-distortion
rho0p7_seed00_width512_cosine,0.96375,0.009000000000000008,0.00649999999999995,inf,No-acquisition / no-distortion
rho0p7_seed00_width64_constant,0.971,0.006249999999999978,0.0025000000000000577,inf,No-acquisition / no-distortion
rho0p7_seed00_width64_cosine,0.97725,0.0,0.0010000000000000009,inf,No-acquisition / no-distortion
rho0p7_seed00_width8_constant,0.97475,0.010249999999999981,0.0050000000000000044,inf,No-acquisition / no-distortion
rho0p7_seed00_width8_cosine,0.9825,0.0024999999999999467,0.0024999999999999467,inf,No-acquisition / no-distortion
rho0p7_seed01_width512_constant,0.97275,0.013000000000000012,0.0010000000000000009,inf,No-acquisition / no-distortion
rho0p7_seed01_width512_cosine,0.9775,0.008749999999999925,0.012499999999999956,inf,No-acquisition / no-distortion
rho0p7_seed01_width64_constant,0.983,0.005750000000000033,0.003750000000000031,inf,No-acquisition / no-distortion
rho0p7_seed01_width64_cosine,0.9885,0.0,0.002749999999999919,inf,No-acquisition / no-distortion
rho0p7_seed01_width8_constant,0.98875,0.007249999999999979,0.0014999999999999458,inf,No-acquisition / no-distortion
rho0p7_seed01_width8_cosine,0.99125,0.0050000000000000044,0.0007500000000000284,inf,No-acquisition / no-distortion
rho0p7_seed02_width512_constant,0.96475,0.019499999999999962,0.012750000000000039,inf,No-acquisition / no-distortion
rho0p7_seed02_width512_cosine,0.97625,0.008000000000000007,0.007000000000000006,inf,No-acquisition / no-distortion
rho0p7_seed02_width64_constant,0.98075,0.0034999999999999476,0.0004999999999999449,inf,No-acquisition / no-distortion
rho0p7_seed02_width64_cosine,0.98325,0.0010000000000000009,0.0017500000000000293,inf,No-acquisition / no-distortion
rho0p7_seed02_width8_constant,0.97875,0.008499999999999952,0.0020000000000000018,inf,No-acquisition / no-distortion
rho0p7_seed02_width8_cosine,0.98125,0.006250000000000089,0.0007500000000000284,inf,No-acquisition / no-distortion
rho0p7_seed03_width512_constant,0.9605,0.022499999999999964,0.012499999999999956,inf,No-acquisition / no-distortion
rho0p7_seed03_width512_cosine,0.974,0.00924999999999998,0.0,inf,No-acquisition / no-distortion
rho0p7_seed03_width64_constant,0.97675,0.009000000000000008,0.0007500000000000284,inf,No-acquisition / no-distortion
rho0p7_seed03_width64_cosine,0.98025,0.00550000000000006,0.0,inf,No-acquisition / no-distortion
rho0p7_seed03_width8_constant,0.98325,0.00825000000000009,0.0,inf,No-acquisition / no-distortion
rho0p7_seed03_width8_cosine,0.98525,0.006250000000000089,0.0,inf,No-acquisition / no-distortion
rho0p7_seed04_width512_constant,0.9635,0.014000000000000012,0.00924999999999998,inf,No-acquisition / no-distortion
rho0p7_seed04_width512_cosine,0.9665,0.011249999999999982,0.010000000000000009,inf,No-acquisition / no-distortion
rho0p7_seed04_width64_constant,0.98175,0.003249999999999975,0.00024999999999997247,inf,No-acquisition / no-distortion
rho0p7_seed04_width64_cosine,0.98525,0.0,0.00275000000000003,inf,No-acquisition / no-distortion
rho0p7_seed04_width8_constant,0.974,0.0,0.005750000000000033,inf,No-acquisition / no-distortion
rho0p7_seed04_width8_cosine,0.974,0.0,0.007750000000000035,inf,No-acquisition / no-distortion
rho0p7_seed05_width512_constant,0.966,0.022750000000000048,0.0,inf,No-acquisition / no-distortion
rho0p7_seed05_width512_cosine,0.97225,0.01650000000000007,0.006000000000000005,inf,No-acquisition / no-distortion
rho0p7_seed05_width64_constant,0.973,0.01200000000000001,0.0022499999999999742,inf,No-acquisition / no-distortion
rho0p7_seed05_width64_cosine,0.9735,0.011499999999999955,0.006249999999999978,inf,No-acquisition / no-distortion
rho0p7_seed05_width8_constant,0.9825,0.007749999999999924,0.0,inf,No-acquisition / no-distortion
rho0p7_seed05_width8_cosine,0.9895,0.0010000000000000009,0.0004999999999999449,inf,No-acquisition / no-distortion
rho0p7_seed06_width512_constant,0.9485,0.018000000000000016,0.022749999999999937,inf,No-acquisition / no-distortion
rho0p7_seed06_width512_cosine,0.96625,0.0010000000000000009,0.00824999999999998,inf,No-acquisition / no-distortion
rho0p7_seed06_width64_constant,0.9745,0.007499999999999951,0.0,inf,No-acquisition / no-distortion
rho0p7_seed06_width64_cosine,0.97975,0.00275000000000003,0.0007500000000000284,inf,No-acquisition / no-distortion
rho0p7_seed06_width8_constant,0.9855,0.003249999999999975,0.0,inf,No-acquisition / no-distortion
rho0p7_seed06_width8_cosine,0.9855,0.003249999999999975,0.0,inf,No-acquisition / no-distortion
rho0p7_seed07_width512_constant,0.97375,0.015249999999999986,0.0007500000000000284,inf,No-acquisition / no-distortion
rho0p7_seed07_width512_cosine,0.9775,0.011249999999999982,0.003249999999999975,inf,No-acquisition / no-distortion
rho0p7_seed07_width64_constant,0.9885,0.0040000000000000036,0.0,inf,No-acquisition / no-distortion
rho0p7_seed07_width64_cosine,0.9925,0.0,0.0004999999999999449,inf,No-acquisition / no-distortion
rho0p7_seed07_width8_constant,0.98725,0.0,0.0017500000000000293,inf,No-acquisition / no-distortion
rho0p7_seed07_width8_cosine,0.98725,0.0,0.0025000000000000577,inf,No-acquisition / no-distortion
rho0p7_seed08_width512_constant,0.96125,0.019999999999999907,0.013499999999999956,inf,No-acquisition / no-distortion
rho0p7_seed08_width512_cosine,0.973,0.00824999999999998,0.009500000000000064,inf,No-acquisition / no-distortion
rho0p7_seed08_width64_constant,0.976,0.004750000000000032,0.0030000000000000027,inf,No-acquisition / no-distortion
rho0p7_seed08_width64_cosine,0.97725,0.003250000000000086,0.0017500000000000293,inf,No-acquisition / no-distortion
rho0p7_seed08_width8_constant,0.981,0.00275000000000003,0.008500000000000063,inf,No-acquisition / no-distortion
rho0p7_seed08_width8_cosine,0.98375,0.0,0.0044999999999999485,inf,No-acquisition / no-distortion
rho0p7_seed09_width512_constant,0.969,0.020500000000000074,0.0,inf,No-acquisition / no-distortion
rho0p7_seed09_width512_cosine,0.9755,0.014249999999999985,0.006749999999999923,inf,No-acquisition / no-distortion
rho0p7_seed09_width64_constant,0.9835,0.006000000000000005,0.0,inf,No-acquisition / no-distortion
rho0p7_seed09_width64_cosine,0.98625,0.003250000000000086,0.0015000000000000568,inf,No-acquisition / no-distortion
rho0p7_seed09_width8_constant,0.985,0.0,0.007500000000000062,inf,No-acquisition / no-distortion
rho0p7_seed09_width8_cosine,0.985,0.0,0.006000000000000005,inf,No-acquisition / no-distortion
rho0p7_seed10_width512_constant,0.9715,0.0044999999999999485,0.00649999999999995,inf,No-acquisition / no-distortion
rho0p7_seed10_width512_cosine,0.976,0.0,0.01100000000000001,inf,No-acquisition / no-distortion
rho0p7_seed10_width64_constant,0.98125,0.004250000000000087,0.0050000000000000044,inf,No-acquisition / no-distortion
rho0p7_seed10_width64_cosine,0.9835,0.0022499999999999742,0.00374999999999992,inf,No-acquisition / no-distortion
rho0p7_seed10_width8_constant,0.98475,0.0,0.007249999999999979,inf,No-acquisition / no-distortion
rho0p7_seed10_width8_cosine,0.9845,0.0,0.005249999999999977,inf,No-acquisition / no-distortion
rho0p7_seed11_width512_constant,0.94525,0.02024999999999999,0.021499999999999964,inf,No-acquisition / no-distortion
rho0p7_seed11_width512_cosine,0.96075,0.004750000000000032,0.012249999999999983,inf,No-acquisition / no-distortion
rho0p7_seed11_width64_constant,0.966,0.015249999999999986,0.004249999999999976,inf,No-acquisition / no-distortion
rho0p7_seed11_width64_cosine,0.96925,0.01200000000000001,0.0040000000000000036,inf,No-acquisition / no-distortion
rho0p7_seed11_width8_constant,0.9785,0.011749999999999927,0.0024999999999999467,inf,No-acquisition / no-distortion
rho0p7_seed11_width8_cosine,0.9835,0.006749999999999923,0.0,inf,No-acquisition / no-distortion
rho0p7_seed12_width512_constant,0.97625,0.013500000000000068,0.00825000000000009,inf,No-acquisition / no-distortion
rho0p7_seed12_width512_cosine,0.9785,0.01100000000000001,0.011249999999999982,inf,No-acquisition / no-distortion
rho0p7_seed12_width64_constant,0.98625,0.004250000000000087,0.007500000000000062,inf,No-acquisition / no-distortion
rho0p7_seed12_width64_cosine,0.9905,0.0,0.0020000000000000018,inf,No-acquisition / no-distortion
rho0p7_seed12_width8_constant,0.989,0.0,0.003249999999999975,inf,No-acquisition / no-distortion
rho0p7_seed12_width8_cosine,0.989,0.0,0.0045000000000000595,inf,No-acquisition / no-distortion
rho0p7_seed13_width512_constant,0.956,0.018500000000000072,0.0,inf,No-acquisition / no-distortion
rho0p7_seed13_width512_cosine,0.97375,0.0007500000000000284,0.004750000000000032,inf,No-acquisition / no-distortion
rho0p7_seed13_width64_constant,0.98075,0.0034999999999999476,0.0030000000000000027,inf,No-acquisition / no-distortion
rho0p7_seed13_width64_cosine,0.98125,0.00275000000000003,0.0040000000000000036,inf,No-acquisition / no-distortion
rho0p7_seed13_width8_constant,0.98525,0.0045000000000000595,0.0012500000000000844,inf,No-acquisition / no-distortion
rho0p7_seed13_width8_cosine,0.98575,0.0040000000000000036,0.0014999999999999458,inf,No-acquisition / no-distortion
rho0p7_seed14_width512_constant,0.962,0.016000000000000014,0.0,inf,No-acquisition / no-distortion
rho0p7_seed14_width512_cosine,0.9635,0.01474999999999993,0.007000000000000006,inf,No-acquisition / no-distortion
rho0p7_seed14_width64_constant,0.9835,0.005499999999999949,0.0004999999999999449,inf,No-acquisition / no-distortion
rho0p7_seed14_width64_cosine,0.986,0.0030000000000000027,0.000500000000000056,inf,No-acquisition / no-distortion
rho0p7_seed14_width8_constant,0.98925,0.0007500000000000284,0.0017500000000000293,inf,No-acquisition / no-distortion
rho0p7_seed14_width8_cosine,0.98975,0.0,0.005750000000000033,inf,No-acquisition / no-distortion
rho0p7_seed15_width512_constant,0.971,0.022500000000000075,0.00824999999999998,inf,No-acquisition / no-distortion
rho0p7_seed15_width512_cosine,0.9795,0.013749999999999929,0.0022499999999999742,inf,No-acquisition / no-distortion
rho0p7_seed15_width64_constant,0.98475,0.0017500000000000293,0.0024999999999999467,inf,No-acquisition / no-distortion
rho0p7_seed15_width64_cosine,0.9845,0.0020000000000000018,0.0050000000000000044,inf,No-acquisition / no-distortion
rho0p7_seed15_width8_constant,0.98925,0.0012500000000000844,0.003750000000000031,inf,No-acquisition / no-distortion
rho0p7_seed15_width8_cosine,0.98975,0.0007500000000000284,0.0022499999999999742,inf,No-acquisition / no-distortion
rho0p7_seed16_width512_constant,0.97075,0.010249999999999981,0.0004999999999999449,inf,No-acquisition / no-distortion
rho0p7_seed16_width512_cosine,0.97925,0.0022500000000000853,0.0025000000000000577,inf,No-acquisition / no-distortion
rho0p7_seed16_width64_constant,0.98425,0.0017500000000000293,0.00275000000000003,inf,No-acquisition / no-distortion
rho0p7_seed16_width64_cosine,0.98525,0.0007500000000000284,0.0,inf,No-acquisition / no-distortion
rho0p7_seed16_width8_constant,0.988,0.0022499999999999742,0.0,inf,No-acquisition / no-distortion
rho0p7_seed16_width8_cosine,0.99,0.0,0.000500000000000056,inf,No-acquisition / no-distortion
rho0p7_seed17_width512_constant,0.96825,0.010249999999999981,0.017249999999999988,inf,No-acquisition / no-distortion
rho0p7_seed17_width512_cosine,0.978,0.0012499999999999734,0.012249999999999983,inf,No-acquisition / no-distortion
rho0p7_seed17_width64_constant,0.986,0.004750000000000032,0.00275000000000003,inf,No-acquisition / no-distortion
rho0p7_seed17_width64_cosine,0.98575,0.0044999999999999485,0.007000000000000006,inf,No-acquisition / no-distortion
rho0p7_seed17_width8_constant,0.99225,0.003250000000000086,0.00275000000000003,inf,No-acquisition / no-distortion
rho0p7_seed17_width8_cosine,0.99375,0.0017500000000000293,0.0024999999999999467,inf,No-acquisition / no-distortion
rho0p7_seed18_width512_constant,0.96825,0.014499999999999957,0.0,inf,No-acquisition / no-distortion
rho0p7_seed18_width512_cosine,0.97725,0.005250000000000088,0.0025000000000000577,inf,No-acquisition / no-distortion
rho0p7_seed18_width64_constant,0.9805,0.00649999999999995,0.0,inf,No-acquisition / no-distortion
rho0p7_seed18_width64_cosine,0.98425,0.0030000000000000027,0.0,inf,No-acquisition / no-distortion
rho0p7_seed18_width8_constant,0.9905,0.0,0.0030000000000000027,inf,No-acquisition / no-distortion
rho0p7_seed18_width8_cosine,0.9905,0.0,0.0022499999999999742,inf,No-acquisition / no-distortion
rho0p7_seed19_width512_constant,0.96175,0.018000000000000016,0.011750000000000038,inf,No-acquisition / no-distortion
rho0p7_seed19_width512_cosine,0.974,0.004750000000000032,0.006500000000000061,inf,No-acquisition / no-distortion
rho0p7_seed19_width64_constant,0.9785,0.0,0.0010000000000000009,inf,No-acquisition / no-distortion
rho0p7_seed19_width64_cosine,0.97825,0.0,0.00275000000000003,inf,No-acquisition / no-distortion
rho0p7_seed19_width8_constant,0.978,0.005249999999999977,0.0,inf,No-acquisition / no-distortion
rho0p7_seed19_width8_cosine,0.98075,0.00275000000000003,0.0022499999999999742,inf,No-acquisition / no-distortion
rho0p9_seed00_width512_constant,0.9555,0.01200000000000001,0.0030000000000000027,40.0,No-acquisition / no-distortion
rho0p9_seed00_width512_cosine,0.9575,0.010000000000000009,0.008499999999999952,40.0,No-acquisition / no-distortion
rho0p9_seed00_width64_constant,0.962,0.009750000000000036,0.0002500000000000835,40.0,No-acquisition / no-distortion
rho0p9_seed00_width64_cosine,0.964,0.007500000000000062,0.0007500000000000284,40.0,No-acquisition / no-distortion
rho0p9_seed00_width8_constant,0.97525,0.0017500000000000293,0.006750000000000034,40.0,No-acquisition / no-distortion
rho0p9_seed00_width8_cosine,0.97625,0.0007500000000000284,0.0040000000000000036,40.0,No-acquisition / no-distortion
rho0p9_seed01_width512_constant,0.91425,0.030000000000000027,0.011499999999999955,40.0,No-acquisition / no-distortion
rho0p9_seed01_width512_cosine,0.927,0.01749999999999996,0.003249999999999975,40.0,No-acquisition / no-distortion
rho0p9_seed01_width64_constant,0.9275,0.03649999999999998,0.0,40.0,No-acquisition / no-distortion
rho0p9_seed01_width64_cosine,0.93625,0.028249999999999997,0.0,40.0,No-acquisition / no-distortion
rho0p9_seed01_width8_constant,0.94925,0.020999999999999908,0.0,40.0,No-acquisition / no-distortion
rho0p9_seed01_width8_cosine,0.9615,0.008749999999999925,0.0,40.0,No-acquisition / no-distortion
rho0p9_seed02_width512_constant,0.95375,0.0022499999999999742,0.0,40.0,No-acquisition / no-distortion
rho0p9_seed02_width512_cosine,0.957,0.0,0.004750000000000032,40.0,No-acquisition / no-distortion
rho0p9_seed02_width64_constant,0.9585,0.00824999999999998,0.0,40.0,No-acquisition / no-distortion
rho0p9_seed02_width64_cosine,0.961,0.005750000000000033,0.000500000000000056,40.0,No-acquisition / no-distortion
rho0p9_seed02_width8_constant,0.96375,0.0025000000000000577,0.005499999999999949,40.0,No-acquisition / no-distortion
rho0p9_seed02_width8_cosine,0.9635,0.0030000000000000027,0.003750000000000031,40.0,No-acquisition / no-distortion
rho0p9_seed03_width512_constant,0.95675,0.007249999999999979,0.00550000000000006,40.0,No-acquisition / no-distortion
rho0p9_seed03_width512_cosine,0.95775,0.006249999999999978,0.0035000000000000586,40.0,No-acquisition / no-distortion
rho0p9_seed03_width64_constant,0.9585,0.005499999999999949,0.0012499999999999734,40.0,No-acquisition / no-distortion
rho0p9_seed03_width64_cosine,0.95975,0.004249999999999976,0.0,40.0,No-acquisition / no-distortion
rho0p9_seed03_width8_constant,0.9715,0.0044999999999999485,0.0004999999999999449,40.0,No-acquisition / no-distortion
rho0p9_seed03_width8_cosine,0.97325,0.00275000000000003,0.0010000000000000009,40.0,No-acquisition / no-distortion
rho0p9_seed04_width512_constant,0.96075,0.004249999999999976,0.006750000000000034,40.0,No-acquisition / no-distortion
rho0p9_seed04_width512_cosine,0.96425,0.0007499999999999174,0.0024999999999999467,40.0,No-acquisition / no-distortion
rho0p9_seed04_width64_constant,0.9695,0.0,0.0014999999999999458,40.0,No-acquisition / no-distortion
rho0p9_seed04_width64_cosine,0.9695,0.0,0.00374999999999992,40.0,No-acquisition / no-distortion
rho0p9_seed04_width8_constant,0.9725,0.002749999999999919,0.00024999999999997247,40.0,No-acquisition / no-distortion
rho0p9_seed04_width8_cosine,0.97375,0.0017500000000000293,0.0004999999999999449,40.0,No-acquisition / no-distortion
rho0p9_seed05_width512_constant,0.933,0.03325,0.010999999999999899,40.0,No-acquisition / no-distortion
rho0p9_seed05_width512_cosine,0.93525,0.031000000000000028,0.013499999999999956,40.0,No-acquisition / no-distortion
rho0p9_seed05_width64_constant,0.958,0.02100000000000002,0.0,40.0,No-acquisition / no-distortion
rho0p9_seed05_width64_cosine,0.96375,0.015499999999999958,0.0,40.0,No-acquisition / no-distortion
rho0p9_seed05_width8_constant,0.96475,0.015499999999999958,0.0,40.0,No-acquisition / no-distortion
rho0p9_seed05_width8_cosine,0.973,0.007249999999999979,0.000500000000000056,40.0,No-acquisition / no-distortion
rho0p9_seed06_width512_constant,0.96625,0.013999999999999901,0.0024999999999999467,40.0,No-acquisition / no-distortion
rho0p9_seed06_width512_cosine,0.97175,0.008499999999999952,0.0007500000000000284,40.0,No-acquisition / no-distortion
rho0p9_seed06_width64_constant,0.9725,0.00374999999999992,0.0,40.0,No-acquisition / no-distortion
rho0p9_seed06_width64_cosine,0.973,0.00275000000000003,0.00024999999999997247,40.0,No-acquisition / no-distortion
rho0p9_seed06_width8_constant,0.9815,0.004249999999999976,0.0024999999999999467,40.0,No-acquisition / no-distortion
rho0p9_seed06_width8_cosine,0.98325,0.0022500000000000853,0.0002500000000000835,40.0,No-acquisition / no-distortion
rho0p9_seed07_width512_constant,0.97775,0.0030000000000000027,0.0050000000000000044,40.0,No-acquisition / no-distortion
rho0p9_seed07_width512_cosine,0.98075,0.0,0.005750000000000033,40.0,No-acquisition / no-distortion
rho0p9_seed07_width64_constant,0.98425,0.0,0.0045000000000000595,40.0,No-acquisition / no-distortion
rho0p9_seed07_width64_cosine,0.984,0.0,0.0040000000000000036,40.0,No-acquisition / no-distortion
rho0p9_seed07_width8_constant,0.98,0.0,0.0007500000000000284,40.0,No-acquisition / no-distortion
rho0p9_seed07_width8_cosine,0.9795,0.0,0.004749999999999921,40.0,No-acquisition / no-distortion
rho0p9_seed08_width512_constant,0.9605,0.010249999999999981,0.0,40.0,No-acquisition / no-distortion
rho0p9_seed08_width512_cosine,0.97125,0.0,0.0,40.0,No-acquisition / no-distortion
rho0p9_seed08_width64_constant,0.96925,0.010750000000000037,0.0025000000000000577,40.0,No-acquisition / no-distortion
rho0p9_seed08_width64_cosine,0.974,0.005750000000000033,0.0012499999999999734,40.0,No-acquisition / no-distortion
rho0p9_seed08_width8_constant,0.95975,0.0,0.010499999999999954,40.0,No-acquisition / no-distortion
rho0p9_seed08_width8_cosine,0.95975,0.0,0.008750000000000036,40.0,No-acquisition / no-distortion
rho0p9_seed09_width512_constant,0.9725,0.006000000000000005,0.0,40.0,No-acquisition / no-distortion
rho0p9_seed09_width512_cosine,0.97425,0.004250000000000087,0.0010000000000000009,40.0,No-acquisition / no-distortion
rho0p9_seed09_width64_constant,0.97175,0.0,0.0024999999999999467,40.0,No-acquisition / no-distortion
rho0p9_seed09_width64_cosine,0.97175,0.0,0.005249999999999977,40.0,No-acquisition / no-distortion
rho0p9_seed09_width8_constant,0.97925,0.000500000000000056,0.0,40.0,No-acquisition / no-distortion
rho0p9_seed09_width8_cosine,0.98,0.0,0.0010000000000000009,40.0,No-acquisition / no-distortion
rho0p9_seed10_width512_constant,0.94725,0.02499999999999991,0.0020000000000000018,40.0,No-acquisition / no-distortion
rho0p9_seed10_width512_cosine,0.9575,0.014499999999999957,0.00024999999999997247,40.0,No-acquisition / no-distortion
rho0p9_seed10_width64_constant,0.9585,0.019000000000000017,0.0,40.0,No-acquisition / no-distortion
rho0p9_seed10_width64_cosine,0.9605,0.017249999999999988,0.00024999999999997247,40.0,No-acquisition / no-distortion
rho0p9_seed10_width8_constant,0.9685,0.0020000000000000018,0.00024999999999997247,40.0,No-acquisition / no-distortion
rho0p9_seed10_width8_cosine,0.9705,0.0,0.0004999999999999449,40.0,No-acquisition / no-distortion
rho0p9_seed11_width512_constant,0.9735,0.004249999999999976,0.005249999999999977,40.0,No-acquisition / no-distortion
rho0p9_seed11_width512_cosine,0.9735,0.004749999999999921,0.0050000000000000044,40.0,No-acquisition / no-distortion
rho0p9_seed11_width64_constant,0.97275,0.00824999999999998,0.0,40.0,No-acquisition / no-distortion
rho0p9_seed11_width64_cosine,0.9775,0.0034999999999999476,0.0,40.0,No-acquisition / no-distortion
rho0p9_seed11_width8_constant,0.9885,0.0022499999999999742,0.0,40.0,No-acquisition / no-distortion
rho0p9_seed11_width8_cosine,0.99075,0.0,0.00275000000000003,40.0,No-acquisition / no-distortion
rho0p9_seed12_width512_constant,0.9675,0.011749999999999927,0.006749999999999923,40.0,No-acquisition / no-distortion
rho0p9_seed12_width512_cosine,0.97425,0.0050000000000000044,0.0010000000000000009,40.0,No-acquisition / no-distortion
rho0p9_seed12_width64_constant,0.98025,0.0015000000000000568,0.0,40.0,No-acquisition / no-distortion
rho0p9_seed12_width64_cosine,0.98175,0.0,0.0007500000000000284,40.0,No-acquisition / no-distortion
rho0p9_seed12_width8_constant,0.97475,0.0012499999999999734,0.003249999999999975,40.0,No-acquisition / no-distortion
rho0p9_seed12_width8_cosine,0.975,0.0007500000000000284,0.0015000000000000568,40.0,No-acquisition / no-distortion
rho0p9_seed13_width512_constant,0.9505,0.019749999999999934,0.007750000000000035,40.0,No-acquisition / no-distortion
rho0p9_seed13_width512_cosine,0.965,0.005249999999999977,0.0007500000000000284,40.0,No-acquisition / no-distortion
rho0p9_seed13_width64_constant,0.969,0.0,0.003249999999999975,40.0,No-acquisition / no-distortion
rho0p9_seed13_width64_cosine,0.969,0.0,0.0025000000000000577,40.0,No-acquisition / no-distortion
rho0p9_seed13_width8_constant,0.9665,0.0017500000000000293,0.0024999999999999467,40.0,No-acquisition / no-distortion
rho0p9_seed13_width8_cosine,0.9685,0.0,0.0010000000000000009,40.0,No-acquisition / no-distortion
rho0p9_seed14_width512_constant,0.963,0.011500000000000066,0.00550000000000006,40.0,No-acquisition / no-distortion
rho0p9_seed14_width512_cosine,0.9645,0.010000000000000009,0.004249999999999976,40.0,No-acquisition / no-distortion
rho0p9_seed14_width64_constant,0.96675,0.0024999999999999467,0.0,40.0,No-acquisition / no-distortion
rho0p9_seed14_width64_cosine,0.96925,0.0,0.0022500000000000853,40.0,No-acquisition / no-distortion
rho0p9_seed14_width8_constant,0.98,0.006249999999999978,0.0,40.0,No-acquisition / no-distortion
rho0p9_seed14_width8_cosine,0.98625,0.0,0.000500000000000056,40.0,No-acquisition / no-distortion
rho0p9_seed15_width512_constant,0.978,0.0015000000000000568,0.006750000000000034,40.0,No-acquisition / no-distortion
rho0p9_seed15_width512_cosine,0.9805,0.0,0.0024999999999999467,40.0,No-acquisition / no-distortion
rho0p9_seed15_width64_constant,0.984,0.0,0.003249999999999975,40.0,No-acquisition / no-distortion
rho0p9_seed15_width64_cosine,0.98375,0.0,0.00275000000000003,40.0,No-acquisition / no-distortion
rho0p9_seed15_width8_constant,0.95425,0.0,0.02399999999999991,40.0,No-acquisition / no-distortion
rho0p9_seed15_width8_cosine,0.95425,0.0,0.022249999999999992,40.0,No-acquisition / no-distortion
rho0p9_seed16_width512_constant,0.96675,0.00024999999999997247,0.007249999999999979,40.0,No-acquisition / no-distortion
rho0p9_seed16_width512_cosine,0.96725,0.0,0.008999999999999897,40.0,No-acquisition / no-distortion
rho0p9_seed16_width64_constant,0.965,0.0,0.014249999999999985,40.0,No-acquisition / no-distortion
rho0p9_seed16_width64_cosine,0.965,0.0,0.013000000000000012,40.0,No-acquisition / no-distortion
rho0p9_seed16_width8_constant,0.94375,0.0,0.017249999999999988,40.0,No-acquisition / no-distortion
rho0p9_seed16_width8_cosine,0.944,0.0,0.014500000000000068,40.0,No-acquisition / no-distortion
rho0p9_seed17_width512_constant,0.9585,0.00824999999999998,0.0,40.0,No-acquisition / no-distortion
rho0p9_seed17_width512_cosine,0.962,0.004750000000000032,0.0020000000000000018,40.0,No-acquisition / no-distortion
rho0p9_seed17_width64_constant,0.95725,0.014249999999999985,0.0,40.0,No-acquisition / no-distortion
rho0p9_seed17_width64_cosine,0.95925,0.012249999999999983,0.0,40.0,No-acquisition / no-distortion
rho0p9_seed17_width8_constant,0.9695,0.011749999999999927,0.0,40.0,No-acquisition / no-distortion
rho0p9_seed17_width8_cosine,0.977,0.004249999999999976,0.0017500000000000293,40.0,No-acquisition / no-distortion
rho0p9_seed18_width512_constant,0.97325,0.01375000000000004,0.0020000000000000018,40.0,No-acquisition / no-distortion
rho0p9_seed18_width512_cosine,0.97475,0.012249999999999983,0.0044999999999999485,40.0,No-acquisition / no-distortion
rho0p9_seed18_width64_constant,0.97875,0.0014999999999999458,0.0030000000000000027,40.0,No-acquisition / no-distortion
rho0p9_seed18_width64_cosine,0.97875,0.0014999999999999458,0.0020000000000000018,40.0,No-acquisition / no-distortion
rho0p9_seed18_width8_constant,0.9765,0.0,0.0030000000000000027,40.0,No-acquisition / no-distortion
rho0p9_seed18_width8_cosine,0.9765,0.0,0.005749999999999922,40.0,No-acquisition / no-distortion
rho0p9_seed19_width512_constant,0.9495,0.02200000000000002,0.0,40.0,No-acquisition / no-distortion
rho0p9_seed19_width512_cosine,0.95575,0.015499999999999958,0.0,40.0,No-acquisition / no-distortion
rho0p9_seed19_width64_constant,0.9625,0.00924999999999998,0.0,40.0,No-acquisition / no-distortion
rho0p9_seed19_width64_cosine,0.9625,0.00924999999999998,0.0,40.0,No-acquisition / no-distortion
rho0p9_seed19_width8_constant,0.965,0.008750000000000036,0.0010000000000000009,40.0,No-acquisition / no-distortion
rho0p9_seed19_width8_cosine,0.9675,0.006249999999999978,0.00024999999999997247,40.0,No-acquisition / no-distortion
