rho_train,dataset_seed,reference_fit_id,bridge_fit_id,reference_fidelity,mlpl_fidelity,delta_fidelity_ref_minus_mlpl,delta_fidelity_mlpl_minus_ref,reference_d3,mlpl_d3,delta_d3_ref_minus_mlpl,reference_ood_gap,mlpl_ood_gap,delta_ood_gap_ref_minus_mlpl,reference_iid_accuracy,mlpl_iid_accuracy
0.0,0,rho0_seed00_width64_constant,rho0_seed00_mlp_l,0.9615,0.96,0.0015000000000000568,-0.0015000000000000568,0.020666666666666667,0.021333333333333333,-0.0006666666666666661,0.012250000000000039,0.005500000000000033,0.006750000000000006,0.92,0.912
0.0,1,rho0_seed01_width64_constant,rho0_seed01_mlp_l,0.984,0.9505,0.033499999999999974,-0.033499999999999974,0.032,0.06466666666666666,-0.03266666666666666,-0.010666666666666741,-0.007000000000000006,-0.0036666666666667347,0.9026666666666666,0.8873333333333333
0.0,2,rho0_seed02_width64_constant,rho0_seed02_mlp_l,0.98625,0.94775,0.03849999999999998,-0.03849999999999998,0.021333333333333333,0.029,-0.007666666666666669,0.009666666666666629,0.021416666666666667,-0.011750000000000038,0.9206666666666666,0.9073333333333333
0.0,3,rho0_seed03_width64_constant,rho0_seed03_mlp_l,0.97425,0.98225,-0.008000000000000007,0.008000000000000007,0.024,0.021333333333333333,0.002666666666666668,-0.00633333333333333,-0.00466666666666668,-0.0016666666666666496,0.9013333333333333,0.9043333333333333
0.0,4,rho0_seed04_width64_constant,rho0_seed04_mlp_l,0.9865,0.991,-0.0044999999999999485,0.0044999999999999485,0.022333333333333334,0.009333333333333334,0.013,0.013083333333333363,0.015250000000000041,-0.002166666666666678,0.917,0.918
0.0,5,rho0_seed05_width64_constant,rho0_seed05_mlp_l,0.98425,0.9805,0.00374999999999992,-0.00374999999999992,0.021333333333333333,0.022333333333333334,-0.0010000000000000009,-0.0013333333333334085,-0.004083333333333383,0.0027499999999999747,0.9156666666666666,0.9086666666666666
0.0,6,rho0_seed06_width64_constant,rho0_seed06_mlp_l,0.98375,0.97325,0.010500000000000065,-0.010500000000000065,0.025,0.015333333333333332,0.009666666666666669,0.004000000000000031,0.0017500000000000293,0.002250000000000002,0.9103333333333333,0.9083333333333333
0.0,7,rho0_seed07_width64_constant,rho0_seed07_mlp_l,0.9825,0.98775,-0.005249999999999977,0.005249999999999977,0.025666666666666667,0.023333333333333334,0.002333333333333333,0.010249999999999954,0.0030000000000000027,0.007249999999999951,0.9136666666666666,0.9123333333333333
0.0,8,rho0_seed08_width64_constant,rho0_seed08_mlp_l,0.98225,0.981,0.0012499999999999734,-0.0012499999999999734,0.023,0.012,0.011,-0.002749999999999947,-0.0012500000000000011,-0.0014999999999999458,0.91,0.9113333333333333
0.0,9,rho0_seed09_width64_constant,rho0_seed09_mlp_l,0.98825,0.997,-0.008750000000000036,0.008750000000000036,0.028,0.016666666666666666,0.011333333333333334,0.003833333333333383,0.0030000000000000304,0.0008333333333333526,0.909,0.913
0.0,10,rho0_seed10_width64_constant,rho0_seed10_mlp_l,0.9835,0.97225,0.011250000000000093,-0.011250000000000093,0.022,0.02266666666666667,-0.0006666666666666696,-0.0036666666666666237,-0.0010833333333333806,-0.002583333333333243,0.908,0.9076666666666666
0.0,11,rho0_seed11_width64_constant,rho0_seed11_mlp_l,0.97725,0.97975,-0.0025000000000000577,0.0025000000000000577,0.02266666666666667,0.012666666666666666,0.010000000000000002,-8.333333333332416e-05,0.00025000000000005573,-0.0003333333333333799,0.9083333333333333,0.905
0.0,12,rho0_seed12_width64_constant,rho0_seed12_mlp_l,0.98425,0.9825,0.0017499999999999183,-0.0017499999999999183,0.028666666666666667,0.025333333333333333,0.003333333333333334,-0.008666666666666684,-0.007333333333333303,-0.0013333333333333808,0.9023333333333333,0.905
0.0,13,rho0_seed13_width64_constant,rho0_seed13_mlp_l,0.983,0.98725,-0.004249999999999976,0.004249999999999976,0.024666666666666667,0.01,0.014666666666666666,-0.01066666666666663,-0.009750000000000036,-0.0009166666666665935,0.898,0.9046666666666666
0.0,14,rho0_seed14_width64_constant,rho0_seed14_mlp_l,0.98275,0.9775,0.005249999999999977,-0.005249999999999977,0.023333333333333334,0.009333333333333334,0.014,-0.003916666666666624,-0.0024166666666666503,-0.0014999999999999736,0.908,0.911
0.0,15,rho0_seed15_width64_constant,rho0_seed15_mlp_l,0.982,0.99025,-0.00824999999999998,0.00824999999999998,0.018333333333333333,0.01633333333333333,0.0020000000000000018,0.005916666666666737,0.01125000000000001,-0.005333333333333273,0.916,0.92
0.0,16,rho0_seed16_width64_constant,rho0_seed16_mlp_l,0.9855,0.9855,0.0,0.0,0.03,0.017666666666666667,0.012333333333333332,-0.006916666666666654,-0.0014166666666666772,-0.005499999999999977,0.901,0.9033333333333333
0.0,17,rho0_seed17_width64_constant,rho0_seed17_mlp_l,0.9855,0.98875,-0.003249999999999975,0.003249999999999975,0.02266666666666667,0.017333333333333333,0.005333333333333336,0.0018333333333332702,0.0060833333333333295,-0.004250000000000059,0.9106666666666666,0.9146666666666666
0.0,18,rho0_seed18_width64_constant,rho0_seed18_mlp_l,0.9855,0.98075,0.004750000000000032,-0.004750000000000032,0.019,0.011,0.008,0.00983333333333336,0.006000000000000061,0.0038333333333332997,0.916,0.915
0.0,19,rho0_seed19_width64_constant,rho0_seed19_mlp_l,0.98025,0.972,0.00824999999999998,-0.00824999999999998,0.024666666666666667,0.022,0.002666666666666668,0.004666666666666708,0.010833333333333278,-0.00616666666666657,0.915,0.9096666666666666
0.9,0,rho0p9_seed00_width64_constant,rho0p9_seed00_mlp_l,0.96225,0.96325,-0.0010000000000000009,0.0010000000000000009,0.742,0.5606666666666666,0.18133333333333335,0.43166666666666664,0.32880000000000004,0.1028666666666666,0.993,0.9896666666666667
0.9,1,rho0p9_seed01_width64_constant,rho0p9_seed01_mlp_l,0.9275,0.9735,-0.04600000000000004,0.04600000000000004,0.7553333333333333,0.481,0.2743333333333333,0.44846666666666674,0.29066666666666663,0.1578000000000001,0.9886666666666667,0.9883333333333333
0.9,2,rho0p9_seed02_width64_constant,rho0p9_seed02_mlp_l,0.9585,0.9455,0.013000000000000012,-0.013000000000000012,0.755,0.4673333333333333,0.2876666666666667,0.4613333333333333,0.3037333333333333,0.15760000000000002,0.9946666666666667,0.99
0.9,3,rho0p9_seed03_width64_constant,rho0p9_seed03_mlp_l,0.95975,0.974,-0.014249999999999985,0.014249999999999985,0.721,0.621,0.09999999999999998,0.4315333333333333,0.37746666666666656,0.05406666666666676,0.993,0.9903333333333333
0.9,4,rho0p9_seed04_width64_constant,rho0p9_seed04_mlp_l,0.971,0.97675,-0.005750000000000033,0.005750000000000033,0.7453333333333333,0.5166666666666667,0.22866666666666657,0.4434,0.3234,0.12,0.9943333333333333,0.9936666666666667
0.9,5,rho0p9_seed05_width64_constant,rho0p9_seed05_mlp_l,0.958,0.96,-0.0020000000000000018,0.0020000000000000018,0.7346666666666667,0.538,0.19666666666666666,0.43479999999999996,0.3270666666666666,0.10773333333333335,0.9926666666666667,0.9903333333333333
0.9,6,rho0p9_seed06_width64_constant,rho0p9_seed06_mlp_l,0.9725,0.971,0.0015000000000000568,-0.0015000000000000568,0.75,0.446,0.304,0.4338,0.26966666666666667,0.16413333333333335,0.9956666666666667,0.9906666666666667
0.9,7,rho0p9_seed07_width64_constant,rho0p9_seed07_mlp_l,0.98875,0.93775,0.051000000000000045,-0.051000000000000045,0.7123333333333334,0.503,0.20933333333333337,0.4262,0.3144,0.11180000000000001,0.995,0.989
0.9,8,rho0p9_seed08_width64_constant,rho0p9_seed08_mlp_l,0.97175,0.95425,0.01749999999999996,-0.01749999999999996,0.702,0.617,0.08499999999999996,0.4206,0.373,0.047599999999999976,0.9943333333333333,0.9923333333333333
0.9,9,rho0p9_seed09_width64_constant,rho0p9_seed09_mlp_l,0.97425,0.94775,0.026499999999999968,-0.026499999999999968,0.7346666666666667,0.7473333333333333,-0.012666666666666604,0.4320666666666667,0.4390666666666666,-0.006999999999999895,0.993,0.9933333333333333
0.9,10,rho0p9_seed10_width64_constant,rho0p9_seed10_mlp_l,0.9585,0.91975,0.03875000000000006,-0.03875000000000006,0.766,0.5033333333333333,0.2626666666666667,0.4528,0.313,0.13979999999999998,0.9943333333333333,0.984
0.9,11,rho0p9_seed11_width64_constant,rho0p9_seed11_mlp_l,0.97275,0.9415,0.03125,-0.03125,0.7066666666666667,0.5343333333333333,0.17233333333333334,0.4221333333333333,0.3275999999999999,0.09453333333333341,0.9943333333333333,0.9903333333333333
0.9,12,rho0p9_seed12_width64_constant,rho0p9_seed12_mlp_l,0.98025,0.986,-0.005750000000000033,0.005750000000000033,0.7666666666666667,0.5856666666666667,0.18100000000000005,0.4471333333333334,0.3476,0.09953333333333336,0.9923333333333333,0.9913333333333333
0.9,13,rho0p9_seed13_width64_constant,rho0p9_seed13_mlp_l,0.97225,0.97075,0.0014999999999999458,-0.0014999999999999458,0.7606666666666667,0.44266666666666665,0.31800000000000006,0.4438,0.2768666666666667,0.16693333333333327,0.9943333333333333,0.9906666666666667
0.9,14,rho0p9_seed14_width64_constant,rho0p9_seed14_mlp_l,0.96675,0.95775,0.009000000000000008,-0.009000000000000008,0.7193333333333334,0.6946666666666667,0.024666666666666726,0.4364,0.41946666666666665,0.016933333333333356,0.9923333333333333,0.993
0.9,15,rho0p9_seed15_width64_constant,rho0p9_seed15_mlp_l,0.98725,0.979,0.00824999999999998,-0.00824999999999998,0.746,0.6133333333333333,0.1326666666666667,0.44799999999999995,0.3763333333333333,0.07166666666666666,0.9943333333333333,0.9933333333333333
0.9,16,rho0p9_seed16_width64_constant,rho0p9_seed16_mlp_l,0.97925,0.96075,0.01849999999999996,-0.01849999999999996,0.721,0.596,0.125,0.4273999999999999,0.3562,0.07119999999999987,0.9953333333333333,0.993
0.9,17,rho0p9_seed17_width64_constant,rho0p9_seed17_mlp_l,0.95725,0.97075,-0.013499999999999956,0.013499999999999956,0.734,0.6836666666666666,0.05033333333333334,0.43439999999999995,0.40246666666666664,0.031933333333333314,0.993,0.9936666666666667
0.9,18,rho0p9_seed18_width64_constant,rho0p9_seed18_mlp_l,0.98175,0.97575,0.006000000000000005,-0.006000000000000005,0.78,0.551,0.22899999999999998,0.4734666666666666,0.34306666666666663,0.13039999999999996,0.994,0.9933333333333333
0.9,19,rho0p9_seed19_width64_constant,rho0p9_seed19_mlp_l,0.9625,0.966,-0.0034999999999999476,0.0034999999999999476,0.8096666666666666,0.5026666666666667,0.30699999999999994,0.4686,0.3025999999999999,0.1660000000000001,0.9933333333333333,0.9913333333333333
