fit_id,status,bridge_prereg_frozen_sha,phase2_prereg_frozen_sha,rho_train,dataset_seed,learner,feature_order,bridge_init_seed,n_train,n_iid_test,n_probe,early_stopping,max_iter,n_iter,converged_before_max_iter,loss_curve_length,best_validation_score,validation_score_length,warning_messages,scaler_train_mean,scaler_train_scale,fit_seconds,terminal_fidelity,terminal_d3,terminal_iid_accuracy,final_ood_gap,ood
rho0p9_seed00_mlp_l,SUCCESS,664d02a9f1c928713169866b2f5b3225b3554435,654e72b39310847b0d369796c31825e379aaf909,0.9,0,phase1_mlp_l,"['x1', 'x2', 'x3', 'x_spurious', 'z']",2027451170,5000,3000,4000,True,250,27,True,27,0.988,27,[],"[-0.007213310997373465, 0.016241048245067186, 0.0025949799255607486, -0.010919320761219868, 0.009182924356052046]","[0.9980599120097241, 0.9988972049713533, 0.9875576851708666, 1.000675055820874, 0.9744003715390501]",0.3508295999999973,0.96325,0.5606666666666666,0.9896666666666667,0.32880000000000004,"[{'rho_ood': -0.9, 'accuracy': 0.43366666666666664, 'ood_gap': 0.556}, {'rho_ood': -0.6, 'accuracy': 0.595, 'ood_gap': 0.3946666666666667}, {'rho_ood': -0.3, 'accuracy': 0.6786666666666666, 'ood_gap': 0.31100000000000005}, {'rho_ood': 0.0, 'accuracy': 0.7636666666666667, 'ood_gap': 0.22599999999999998}, {'rho_ood': 0.3, 'accuracy': 0.8333333333333334, 'ood_gap': 0.15633333333333332}]"
rho0p9_seed01_mlp_l,SUCCESS,664d02a9f1c928713169866b2f5b3225b3554435,654e72b39310847b0d369796c31825e379aaf909,0.9,1,phase1_mlp_l,"['x1', 'x2', 'x3', 'x_spurious', 'z']",2497586180,5000,3000,4000,True,250,32,True,32,0.994,32,[],"[0.010074984499377373, -0.011091868992560979, -0.009420033174659982, 0.001140134761500805, 0.008909534179472893]","[0.9952261669681483, 1.007028055970519, 1.0072184089025287, 1.0004101795106166, 0.9989786556071927]",0.4978306999983033,0.9735,0.481,0.9883333333333333,0.29066666666666663,"[{'rho_ood': -0.9, 'accuracy': 0.5296666666666666, 'ood_gap': 0.45866666666666667}, {'rho_ood': -0.6, 'accuracy': 0.6336666666666667, 'ood_gap': 0.3546666666666666}, {'rho_ood': -0.3, 'accuracy': 0.7013333333333334, 'ood_gap': 0.2869999999999999}, {'rho_ood': 0.0, 'accuracy': 0.777, 'ood_gap': 0.21133333333333326}, {'rho_ood': 0.3, 'accuracy': 0.8466666666666667, 'ood_gap': 0.1416666666666666}]"
rho0p9_seed02_mlp_l,SUCCESS,664d02a9f1c928713169866b2f5b3225b3554435,654e72b39310847b0d369796c31825e379aaf909,0.9,2,phase1_mlp_l,"['x1', 'x2', 'x3', 'x_spurious', 'z']",1794064377,5000,3000,4000,True,250,24,True,24,0.99,24,[],"[-0.02179302403034995, -0.008967382436831154, -0.026406237870163808, -0.028627990678758222, 0.014946186808061396]","[1.0090625241676983, 1.0061868725431578, 1.0076951631655962, 1.0055782867372849, 1.0055253790252974]",0.3640741999988677,0.9455,0.4673333333333333,0.99,0.3037333333333333,"[{'rho_ood': -0.9, 'accuracy': 0.5106666666666667, 'ood_gap': 0.4793333333333333}, {'rho_ood': -0.6, 'accuracy': 0.618, 'ood_gap': 0.372}, {'rho_ood': -0.3, 'accuracy': 0.685, 'ood_gap': 0.30499999999999994}, {'rho_ood': 0.0, 'accuracy': 0.7746666666666666, 'ood_gap': 0.21533333333333338}, {'rho_ood': 0.3, 'accuracy': 0.843, 'ood_gap': 0.14700000000000002}]"
rho0p9_seed03_mlp_l,SUCCESS,664d02a9f1c928713169866b2f5b3225b3554435,654e72b39310847b0d369796c31825e379aaf909,0.9,3,phase1_mlp_l,"['x1', 'x2', 'x3', 'x_spurious', 'z']",752827249,5000,3000,4000,True,250,39,True,39,0.99,39,[],"[0.007221256148371197, 0.0045849494923696395, 0.0073283203790897285, -0.01232720311107636, 0.031227104799506702]","[0.9838751354349272, 0.984657901183686, 0.9893178952990195, 0.9987071948858073, 1.0096114186378444]",0.4906745000043884,0.974,0.621,0.9903333333333333,0.37746666666666656,"[{'rho_ood': -0.9, 'accuracy': 0.36833333333333335, 'ood_gap': 0.6219999999999999}, {'rho_ood': -0.6, 'accuracy': 0.529, 'ood_gap': 0.46133333333333326}, {'rho_ood': -0.3, 'accuracy': 0.6406666666666667, 'ood_gap': 0.34966666666666657}, {'rho_ood': 0.0, 'accuracy': 0.7226666666666667, 'ood_gap': 0.2676666666666666}, {'rho_ood': 0.3, 'accuracy': 0.8036666666666666, 'ood_gap': 0.18666666666666665}]"
rho0p9_seed04_mlp_l,SUCCESS,664d02a9f1c928713169866b2f5b3225b3554435,654e72b39310847b0d369796c31825e379aaf909,0.9,4,phase1_mlp_l,"['x1', 'x2', 'x3', 'x_spurious', 'z']",4223650265,5000,3000,4000,True,250,46,True,46,0.988,46,[],"[0.01404696318639842, 0.026646514386348498, 0.0006262430142858591, -0.0028152425197811976, -0.01577898795720106]","[1.0049230505485562, 1.017524398242309, 0.9961012663305969, 1.014520089443708, 0.9894130378036711]",0.5877932000003057,0.97675,0.5166666666666667,0.9936666666666667,0.3234,"[{'rho_ood': -0.9, 'accuracy': 0.47633333333333333, 'ood_gap': 0.5173333333333334}, {'rho_ood': -0.6, 'accuracy': 0.5906666666666667, 'ood_gap': 0.403}, {'rho_ood': -0.3, 'accuracy': 0.6806666666666666, 'ood_gap': 0.31300000000000006}, {'rho_ood': 0.0, 'accuracy': 0.763, 'ood_gap': 0.2306666666666667}, {'rho_ood': 0.3, 'accuracy': 0.8406666666666667, 'ood_gap': 0.15300000000000002}]"
rho0p9_seed05_mlp_l,SUCCESS,664d02a9f1c928713169866b2f5b3225b3554435,654e72b39310847b0d369796c31825e379aaf909,0.9,5,phase1_mlp_l,"['x1', 'x2', 'x3', 'x_spurious', 'z']",2626500816,5000,3000,4000,True,250,35,True,35,0.996,35,[],"[-0.010988990814160651, 0.005443055950789608, -0.02192403180498186, -0.011614298914743183, 0.0035087211600819033]","[1.0005186985508256, 1.0076696426621568, 0.9835978586621759, 0.9926678076287054, 1.0072170671003169]",0.5450014000016381,0.96,0.538,0.9903333333333333,0.3270666666666666,"[{'rho_ood': -0.9, 'accuracy': 0.45866666666666667, 'ood_gap': 0.5316666666666666}, {'rho_ood': -0.6, 'accuracy': 0.5803333333333334, 'ood_gap': 0.4099999999999999}, {'rho_ood': -0.3, 'accuracy': 0.6816666666666666, 'ood_gap': 0.30866666666666664}, {'rho_ood': 0.0, 'accuracy': 0.76, 'ood_gap': 0.23033333333333328}, {'rho_ood': 0.3, 'accuracy': 0.8356666666666667, 'ood_gap': 0.15466666666666662}]"
rho0p9_seed06_mlp_l,SUCCESS,664d02a9f1c928713169866b2f5b3225b3554435,654e72b39310847b0d369796c31825e379aaf909,0.9,6,phase1_mlp_l,"['x1', 'x2', 'x3', 'x_spurious', 'z']",3843617798,5000,3000,4000,True,250,32,True,32,0.998,32,[],"[0.007727734883283182, -0.010119347946633685, -0.014035633071157813, 0.003998897134054999, -0.002402975041360533]","[0.9908252735430353, 1.0211408821234151, 1.000222686472314, 1.0049129532608072, 1.0067873681276451]",0.4938062000001082,0.971,0.446,0.9906666666666667,0.26966666666666667,"[{'rho_ood': -0.9, 'accuracy': 0.553, 'ood_gap': 0.43766666666666665}, {'rho_ood': -0.6, 'accuracy': 0.646, 'ood_gap': 0.3446666666666667}, {'rho_ood': -0.3, 'accuracy': 0.7283333333333334, 'ood_gap': 0.2623333333333333}, {'rho_ood': 0.0, 'accuracy': 0.806, 'ood_gap': 0.18466666666666665}, {'rho_ood': 0.3, 'accuracy': 0.8716666666666667, 'ood_gap': 0.119}]"
rho0p9_seed07_mlp_l,SUCCESS,664d02a9f1c928713169866b2f5b3225b3554435,654e72b39310847b0d369796c31825e379aaf909,0.9,7,phase1_mlp_l,"['x1', 'x2', 'x3', 'x_spurious', 'z']",3748602754,5000,3000,4000,True,250,23,True,23,0.99,23,[],"[0.019196105758636457, -0.008478933029727085, 0.006627843678507296, -0.00500600171812477, -0.008393812446572103]","[1.0122590593568712, 0.9918555374817947, 0.9962931550949713, 0.9907893704627885, 1.0074936430542798]",0.3477017999975942,0.93775,0.503,0.989,0.3144,"[{'rho_ood': -0.9, 'accuracy': 0.48333333333333334, 'ood_gap': 0.5056666666666667}, {'rho_ood': -0.6, 'accuracy': 0.605, 'ood_gap': 0.384}, {'rho_ood': -0.3, 'accuracy': 0.6706666666666666, 'ood_gap': 0.31833333333333336}, {'rho_ood': 0.0, 'accuracy': 0.77, 'ood_gap': 0.21899999999999997}, {'rho_ood': 0.3, 'accuracy': 0.844, 'ood_gap': 0.14500000000000002}]"
rho0p9_seed08_mlp_l,SUCCESS,664d02a9f1c928713169866b2f5b3225b3554435,654e72b39310847b0d369796c31825e379aaf909,0.9,8,phase1_mlp_l,"['x1', 'x2', 'x3', 'x_spurious', 'z']",3470733562,5000,3000,4000,True,250,26,True,26,0.998,26,[],"[0.010940908033843332, -0.0017913256772523732, 0.011274922603671257, 0.025100904867958126, -0.018873440201340783]","[1.0088396834591729, 0.983970241547682, 0.995026430594147, 0.9963502852653608, 0.9885043133592373]",0.35888379999960307,0.95425,0.617,0.9923333333333333,0.373,"[{'rho_ood': -0.9, 'accuracy': 0.39, 'ood_gap': 0.6023333333333333}, {'rho_ood': -0.6, 'accuracy': 0.5386666666666666, 'ood_gap': 0.45366666666666666}, {'rho_ood': -0.3, 'accuracy': 0.6313333333333333, 'ood_gap': 0.361}, {'rho_ood': 0.0, 'accuracy': 0.718, 'ood_gap': 0.2743333333333333}, {'rho_ood': 0.3, 'accuracy': 0.8186666666666667, 'ood_gap': 0.17366666666666664}]"
rho0p9_seed09_mlp_l,SUCCESS,664d02a9f1c928713169866b2f5b3225b3554435,654e72b39310847b0d369796c31825e379aaf909,0.9,9,phase1_mlp_l,"['x1', 'x2', 'x3', 'x_spurious', 'z']",2306204703,5000,3000,4000,True,250,23,True,23,0.998,23,[],"[0.014885955888889689, -0.00804752388245845, 0.00403035506308899, 0.026349502711079453, 0.02858654361497559]","[0.9934568670337314, 0.9935261048919592, 1.0126491969911648, 0.999267644867162, 0.9966705192593341]",0.3541352999964147,0.94775,0.7473333333333333,0.9933333333333333,0.4390666666666666,"[{'rho_ood': -0.9, 'accuracy': 0.25466666666666665, 'ood_gap': 0.7386666666666666}, {'rho_ood': -0.6, 'accuracy': 0.4786666666666667, 'ood_gap': 0.5146666666666666}, {'rho_ood': -0.3, 'accuracy': 0.5763333333333334, 'ood_gap': 0.4169999999999999}, {'rho_ood': 0.0, 'accuracy': 0.6816666666666666, 'ood_gap': 0.31166666666666665}, {'rho_ood': 0.3, 'accuracy': 0.78, 'ood_gap': 0.21333333333333326}]"
rho0p9_seed10_mlp_l,SUCCESS,664d02a9f1c928713169866b2f5b3225b3554435,654e72b39310847b0d369796c31825e379aaf909,0.9,10,phase1_mlp_l,"['x1', 'x2', 'x3', 'x_spurious', 'z']",2907898173,5000,3000,4000,True,250,22,True,22,0.994,22,[],"[-0.007039454157930722, 0.008870086130144693, 0.016974709450567702, -0.0013344841808641853, -0.030312266945266664]","[1.0104411808904679, 0.9812878001750891, 1.0074636557759182, 1.015677712913882, 1.0207739670735618]",0.30136599999968894,0.91975,0.5033333333333333,0.984,0.313,"[{'rho_ood': -0.9, 'accuracy': 0.48333333333333334, 'ood_gap': 0.5006666666666666}, {'rho_ood': -0.6, 'accuracy': 0.6053333333333333, 'ood_gap': 0.3786666666666667}, {'rho_ood': -0.3, 'accuracy': 0.676, 'ood_gap': 0.30799999999999994}, {'rho_ood': 0.0, 'accuracy': 0.755, 'ood_gap': 0.22899999999999998}, {'rho_ood': 0.3, 'accuracy': 0.8353333333333334, 'ood_gap': 0.1486666666666666}]"
rho0p9_seed11_mlp_l,SUCCESS,664d02a9f1c928713169866b2f5b3225b3554435,654e72b39310847b0d369796c31825e379aaf909,0.9,11,phase1_mlp_l,"['x1', 'x2', 'x3', 'x_spurious', 'z']",3570973504,5000,3000,4000,True,250,27,True,27,0.986,27,[],"[-0.034753938673394574, -0.015331879696886312, -0.007873376260311048, 0.003183320497773947, 0.012812730386698485]","[0.984344483796224, 0.9944032659547464, 1.004451387470028, 0.9934317763026637, 1.0069427394526922]",0.439122399999178,0.9415,0.5343333333333333,0.9903333333333333,0.3275999999999999,"[{'rho_ood': -0.9, 'accuracy': 0.4573333333333333, 'ood_gap': 0.5329999999999999}, {'rho_ood': -0.6, 'accuracy': 0.594, 'ood_gap': 0.3963333333333333}, {'rho_ood': -0.3, 'accuracy': 0.6796666666666666, 'ood_gap': 0.31066666666666665}, {'rho_ood': 0.0, 'accuracy': 0.7353333333333333, 'ood_gap': 0.255}, {'rho_ood': 0.3, 'accuracy': 0.8473333333333334, 'ood_gap': 0.1429999999999999}]"
rho0p9_seed12_mlp_l,SUCCESS,664d02a9f1c928713169866b2f5b3225b3554435,654e72b39310847b0d369796c31825e379aaf909,0.9,12,phase1_mlp_l,"['x1', 'x2', 'x3', 'x_spurious', 'z']",719487448,5000,3000,4000,True,250,46,True,46,0.996,46,[],"[-0.0021163586205450026, -0.014750160793492667, -0.005020457745728535, 0.005838437705924525, 0.021375051240945128]","[0.9996941865055985, 1.0081102782161098, 1.0043031232266524, 0.9883862993688859, 0.998707990593839]",0.6471594000031473,0.986,0.5856666666666667,0.9913333333333333,0.3476,"[{'rho_ood': -0.9, 'accuracy': 0.42933333333333334, 'ood_gap': 0.5619999999999999}, {'rho_ood': -0.6, 'accuracy': 0.566, 'ood_gap': 0.42533333333333334}, {'rho_ood': -0.3, 'accuracy': 0.6573333333333333, 'ood_gap': 0.33399999999999996}, {'rho_ood': 0.0, 'accuracy': 0.7443333333333333, 'ood_gap': 0.247}, {'rho_ood': 0.3, 'accuracy': 0.8216666666666667, 'ood_gap': 0.16966666666666663}]"
rho0p9_seed13_mlp_l,SUCCESS,664d02a9f1c928713169866b2f5b3225b3554435,654e72b39310847b0d369796c31825e379aaf909,0.9,13,phase1_mlp_l,"['x1', 'x2', 'x3', 'x_spurious', 'z']",1419056244,5000,3000,4000,True,250,37,True,37,0.99,37,[],"[-0.001712570014188033, -0.001551485939676982, -0.027850087312993644, -0.013574542074962852, -0.01826903461959628]","[1.0048441714787728, 0.9895573863351661, 1.0075349272079352, 1.0080235537526618, 0.9940464934751839]",0.5354899000012665,0.97075,0.44266666666666665,0.9906666666666667,0.2768666666666667,"[{'rho_ood': -0.9, 'accuracy': 0.542, 'ood_gap': 0.44866666666666666}, {'rho_ood': -0.6, 'accuracy': 0.6656666666666666, 'ood_gap': 0.32500000000000007}, {'rho_ood': -0.3, 'accuracy': 0.713, 'ood_gap': 0.27766666666666673}, {'rho_ood': 0.0, 'accuracy': 0.7883333333333333, 'ood_gap': 0.20233333333333337}, {'rho_ood': 0.3, 'accuracy': 0.86, 'ood_gap': 0.1306666666666667}]"
rho0p9_seed14_mlp_l,SUCCESS,664d02a9f1c928713169866b2f5b3225b3554435,654e72b39310847b0d369796c31825e379aaf909,0.9,14,phase1_mlp_l,"['x1', 'x2', 'x3', 'x_spurious', 'z']",328770632,5000,3000,4000,True,250,35,True,35,0.992,35,[],"[0.0066649956352482775, -0.009486034941169121, -0.009341217076536807, 0.003051298789532255, 0.0022575060094401594]","[1.002922176823312, 0.9803459057223831, 0.9861087125692821, 0.9977503746319065, 0.9832137663155808]",0.48169380000035744,0.95775,0.6946666666666667,0.993,0.41946666666666665,"[{'rho_ood': -0.9, 'accuracy': 0.30033333333333334, 'ood_gap': 0.6926666666666667}, {'rho_ood': -0.6, 'accuracy': 0.49, 'ood_gap': 0.503}, {'rho_ood': -0.3, 'accuracy': 0.5946666666666667, 'ood_gap': 0.3983333333333333}, {'rho_ood': 0.0, 'accuracy': 0.697, 'ood_gap': 0.29600000000000004}, {'rho_ood': 0.3, 'accuracy': 0.7856666666666666, 'ood_gap': 0.20733333333333337}]"
rho0p9_seed15_mlp_l,SUCCESS,664d02a9f1c928713169866b2f5b3225b3554435,654e72b39310847b0d369796c31825e379aaf909,0.9,15,phase1_mlp_l,"['x1', 'x2', 'x3', 'x_spurious', 'z']",1912561143,5000,3000,4000,True,250,45,True,45,0.994,45,[],"[-0.023286338251056988, 0.008886324042163898, -0.013040217290247869, -0.031122261848963887, 0.000365581050064705]","[0.9840200769162248, 1.0086692409312201, 0.993654542003, 0.99652358398866, 1.0058124332662897]",0.606478400004562,0.979,0.6133333333333333,0.9933333333333333,0.3763333333333333,"[{'rho_ood': -0.9, 'accuracy': 0.3596666666666667, 'ood_gap': 0.6336666666666666}, {'rho_ood': -0.6, 'accuracy': 0.5273333333333333, 'ood_gap': 0.46599999999999997}, {'rho_ood': -0.3, 'accuracy': 0.6506666666666666, 'ood_gap': 0.3426666666666667}, {'rho_ood': 0.0, 'accuracy': 0.7353333333333333, 'ood_gap': 0.258}, {'rho_ood': 0.3, 'accuracy': 0.812, 'ood_gap': 0.18133333333333324}]"
rho0p9_seed16_mlp_l,SUCCESS,664d02a9f1c928713169866b2f5b3225b3554435,654e72b39310847b0d369796c31825e379aaf909,0.9,16,phase1_mlp_l,"['x1', 'x2', 'x3', 'x_spurious', 'z']",229764214,5000,3000,4000,True,250,33,True,33,0.998,33,[],"[0.02118158008081334, 0.0013620495802217874, -0.011711374598139028, 0.009842624865421918, -0.013078534898568273]","[1.005027205357785, 0.9906043731334622, 0.9896629705467228, 1.0063558544281577, 0.9928353448613176]",0.46735110000008717,0.96075,0.596,0.993,0.3562,"[{'rho_ood': -0.9, 'accuracy': 0.4046666666666667, 'ood_gap': 0.5883333333333334}, {'rho_ood': -0.6, 'accuracy': 0.5666666666666667, 'ood_gap': 0.42633333333333334}, {'rho_ood': -0.3, 'accuracy': 0.649, 'ood_gap': 0.344}, {'rho_ood': 0.0, 'accuracy': 0.7403333333333333, 'ood_gap': 0.2526666666666667}, {'rho_ood': 0.3, 'accuracy': 0.8233333333333334, 'ood_gap': 0.16966666666666663}]"
rho0p9_seed17_mlp_l,SUCCESS,664d02a9f1c928713169866b2f5b3225b3554435,654e72b39310847b0d369796c31825e379aaf909,0.9,17,phase1_mlp_l,"['x1', 'x2', 'x3', 'x_spurious', 'z']",935951624,5000,3000,4000,True,250,43,True,43,0.996,43,[],"[0.008888699697422533, -0.006839169756840717, -0.006472951500278428, 0.00934098219387598, 0.01193363049486525]","[0.9995627613884559, 0.9895330540776267, 0.9996471361906283, 1.001517008225085, 1.014825174328738]",0.5891870000050403,0.97075,0.6836666666666666,0.9936666666666667,0.40246666666666664,"[{'rho_ood': -0.9, 'accuracy': 0.31666666666666665, 'ood_gap': 0.677}, {'rho_ood': -0.6, 'accuracy': 0.49633333333333335, 'ood_gap': 0.49733333333333335}, {'rho_ood': -0.3, 'accuracy': 0.6243333333333333, 'ood_gap': 0.3693333333333334}, {'rho_ood': 0.0, 'accuracy': 0.7133333333333334, 'ood_gap': 0.2803333333333333}, {'rho_ood': 0.3, 'accuracy': 0.8053333333333333, 'ood_gap': 0.18833333333333335}]"
rho0p9_seed18_mlp_l,SUCCESS,664d02a9f1c928713169866b2f5b3225b3554435,654e72b39310847b0d369796c31825e379aaf909,0.9,18,phase1_mlp_l,"['x1', 'x2', 'x3', 'x_spurious', 'z']",696406001,5000,3000,4000,True,250,36,True,36,0.994,36,[],"[-0.003582636879298916, 0.010738487114662094, 0.00811405342194426, 0.01219850220932513, 0.026154454304345813]","[0.9830605049152839, 0.991501174996082, 1.0117081908578571, 0.9927001850160491, 0.9963563115450871]",0.4951703999977326,0.97575,0.551,0.9933333333333333,0.34306666666666663,"[{'rho_ood': -0.9, 'accuracy': 0.43033333333333335, 'ood_gap': 0.563}, {'rho_ood': -0.6, 'accuracy': 0.5726666666666667, 'ood_gap': 0.42066666666666663}, {'rho_ood': -0.3, 'accuracy': 0.6726666666666666, 'ood_gap': 0.32066666666666666}, {'rho_ood': 0.0, 'accuracy': 0.757, 'ood_gap': 0.23633333333333328}, {'rho_ood': 0.3, 'accuracy': 0.8186666666666667, 'ood_gap': 0.17466666666666664}]"
rho0p9_seed19_mlp_l,SUCCESS,664d02a9f1c928713169866b2f5b3225b3554435,654e72b39310847b0d369796c31825e379aaf909,0.9,19,phase1_mlp_l,"['x1', 'x2', 'x3', 'x_spurious', 'z']",3066913897,5000,3000,4000,True,250,26,True,26,0.996,26,[],"[-0.007892004875260615, 0.01533389640958547, 0.042981954230081554, 0.006628579152817556, 0.005645576207717957]","[1.020574851193291, 1.0017328393229734, 0.9989596217566046, 1.0059044098772538, 1.005991951891078]",0.35289799999736715,0.966,0.5026666666666667,0.9913333333333333,0.3025999999999999,"[{'rho_ood': -0.9, 'accuracy': 0.514, 'ood_gap': 0.4773333333333333}, {'rho_ood': -0.6, 'accuracy': 0.611, 'ood_gap': 0.3803333333333333}, {'rho_ood': -0.3, 'accuracy': 0.6923333333333334, 'ood_gap': 0.29899999999999993}, {'rho_ood': 0.0, 'accuracy': 0.779, 'ood_gap': 0.21233333333333326}, {'rho_ood': 0.3, 'accuracy': 0.8473333333333334, 'ood_gap': 0.1439999999999999}]"
rho0_seed00_mlp_l,SUCCESS,664d02a9f1c928713169866b2f5b3225b3554435,654e72b39310847b0d369796c31825e379aaf909,0.0,0,phase1_mlp_l,"['x1', 'x2', 'x3', 'x_spurious', 'z']",150851015,5000,3000,4000,True,250,36,True,36,0.918,36,[],"[-0.007213310997373465, 0.016241048245067186, 0.0025949799255607486, -0.01596577679675893, 0.009182924356052046]","[0.9980599120097241, 0.9988972049713533, 0.9875576851708666, 1.0179530297265469, 0.9744003715390501]",0.48092889999679755,0.96,0.021333333333333333,0.912,0.005500000000000033,"[{'rho_ood': -0.9, 'accuracy': 0.9023333333333333, 'ood_gap': 0.009666666666666712}, {'rho_ood': -0.6, 'accuracy': 0.908, 'ood_gap': 0.0040000000000000036}, {'rho_ood': -0.3, 'accuracy': 0.9133333333333333, 'ood_gap': -0.0013333333333332975}, {'rho_ood': 0.3, 'accuracy': 0.9023333333333333, 'ood_gap': 0.009666666666666712}]"
rho0_seed01_mlp_l,SUCCESS,664d02a9f1c928713169866b2f5b3225b3554435,654e72b39310847b0d369796c31825e379aaf909,0.0,1,phase1_mlp_l,"['x1', 'x2', 'x3', 'x_spurious', 'z']",3012692797,5000,3000,4000,True,250,21,True,21,0.892,21,[],"[0.010074984499377373, -0.011091868992560979, -0.009420033174659982, 0.006745131739880558, 0.008909534179472893]","[0.9952261669681483, 1.007028055970519, 1.0072184089025287, 1.0116793768524905, 0.9989786556071927]",0.28892590000032214,0.9505,0.06466666666666666,0.8873333333333333,-0.007000000000000006,"[{'rho_ood': -0.9, 'accuracy': 0.9016666666666666, 'ood_gap': -0.014333333333333309}, {'rho_ood': -0.6, 'accuracy': 0.9, 'ood_gap': -0.012666666666666715}, {'rho_ood': -0.3, 'accuracy': 0.8966666666666666, 'ood_gap': -0.009333333333333305}, {'rho_ood': 0.3, 'accuracy': 0.879, 'ood_gap': 0.008333333333333304}]"
rho0_seed02_mlp_l,SUCCESS,664d02a9f1c928713169866b2f5b3225b3554435,654e72b39310847b0d369796c31825e379aaf909,0.0,2,phase1_mlp_l,"['x1', 'x2', 'x3', 'x_spurious', 'z']",851333945,5000,3000,4000,True,250,28,True,28,0.882,28,[],"[-0.02179302403034995, -0.008967382436831154, -0.026406237870163808, -0.0029089701210834903, 0.014946186808061396]","[1.0090625241676983, 1.0061868725431578, 1.0076951631655962, 0.9958457311701799, 1.0055253790252974]",0.3960767000025953,0.94775,0.029,0.9073333333333333,0.021416666666666667,"[{'rho_ood': -0.9, 'accuracy': 0.875, 'ood_gap': 0.032333333333333325}, {'rho_ood': -0.6, 'accuracy': 0.878, 'ood_gap': 0.029333333333333322}, {'rho_ood': -0.3, 'accuracy': 0.8923333333333333, 'ood_gap': 0.015000000000000013}, {'rho_ood': 0.3, 'accuracy': 0.8983333333333333, 'ood_gap': 0.009000000000000008}]"
rho0_seed03_mlp_l,SUCCESS,664d02a9f1c928713169866b2f5b3225b3554435,654e72b39310847b0d369796c31825e379aaf909,0.0,3,phase1_mlp_l,"['x1', 'x2', 'x3', 'x_spurious', 'z']",780784672,5000,3000,4000,True,250,35,True,35,0.904,35,[],"[0.007221256148371197, 0.0045849494923696395, 0.0073283203790897285, -0.020021577063650323, 0.031227104799506702]","[0.9838751354349272, 0.984657901183686, 0.9893178952990195, 0.9896834512206011, 1.0096114186378444]",0.46511289999762084,0.98225,0.021333333333333333,0.9043333333333333,-0.00466666666666668,"[{'rho_ood': -0.9, 'accuracy': 0.912, 'ood_gap': -0.0076666666666667105}, {'rho_ood': -0.6, 'accuracy': 0.9173333333333333, 'ood_gap': -0.013000000000000012}, {'rho_ood': -0.3, 'accuracy': 0.899, 'ood_gap': 0.005333333333333301}, {'rho_ood': 0.3, 'accuracy': 0.9076666666666666, 'ood_gap': -0.0033333333333332993}]"
rho0_seed04_mlp_l,SUCCESS,664d02a9f1c928713169866b2f5b3225b3554435,654e72b39310847b0d369796c31825e379aaf909,0.0,4,phase1_mlp_l,"['x1', 'x2', 'x3', 'x_spurious', 'z']",3625525513,5000,3000,4000,True,250,46,True,46,0.914,46,[],"[0.01404696318639842, 0.026646514386348498, 0.0006262430142858591, 0.003452150416216142, -0.01577898795720106]","[1.0049230505485562, 1.017524398242309, 0.9961012663305969, 1.006150293007876, 0.9894130378036711]",0.5413281000001007,0.991,0.009333333333333334,0.918,0.015250000000000041,"[{'rho_ood': -0.9, 'accuracy': 0.9016666666666666, 'ood_gap': 0.016333333333333422}, {'rho_ood': -0.6, 'accuracy': 0.8953333333333333, 'ood_gap': 0.022666666666666724}, {'rho_ood': -0.3, 'accuracy': 0.901, 'ood_gap': 0.017000000000000015}, {'rho_ood': 0.3, 'accuracy': 0.913, 'ood_gap': 0.0050000000000000044}]"
rho0_seed05_mlp_l,SUCCESS,664d02a9f1c928713169866b2f5b3225b3554435,654e72b39310847b0d369796c31825e379aaf909,0.0,5,phase1_mlp_l,"['x1', 'x2', 'x3', 'x_spurious', 'z']",2659672263,5000,3000,4000,True,250,32,True,32,0.902,32,[],"[-0.010988990814160651, 0.005443055950789608, -0.02192403180498186, 0.004739043304314095, 0.0035087211600819033]","[1.0005186985508256, 1.0076696426621568, 0.9835978586621759, 1.000284223063795, 1.0072170671003169]",0.44823599999654107,0.9805,0.022333333333333334,0.9086666666666666,-0.004083333333333383,"[{'rho_ood': -0.9, 'accuracy': 0.923, 'ood_gap': -0.01433333333333342}, {'rho_ood': -0.6, 'accuracy': 0.9133333333333333, 'ood_gap': -0.004666666666666708}, {'rho_ood': -0.3, 'accuracy': 0.9123333333333333, 'ood_gap': -0.003666666666666707}, {'rho_ood': 0.3, 'accuracy': 0.9023333333333333, 'ood_gap': 0.006333333333333302}]"
rho0_seed06_mlp_l,SUCCESS,664d02a9f1c928713169866b2f5b3225b3554435,654e72b39310847b0d369796c31825e379aaf909,0.0,6,phase1_mlp_l,"['x1', 'x2', 'x3', 'x_spurious', 'z']",1086948462,5000,3000,4000,True,250,30,True,30,0.908,30,[],"[0.007727734883283182, -0.010119347946633685, -0.014035633071157813, 0.021562548835831474, -0.002402975041360533]","[0.9908252735430353, 1.0211408821234151, 1.000222686472314, 1.0087978203676584, 1.0067873681276451]",0.4358541999972658,0.97325,0.015333333333333332,0.9083333333333333,0.0017500000000000293,"[{'rho_ood': -0.9, 'accuracy': 0.9076666666666666, 'ood_gap': 0.0006666666666667043}, {'rho_ood': -0.6, 'accuracy': 0.8933333333333333, 'ood_gap': 0.015000000000000013}, {'rho_ood': -0.3, 'accuracy': 0.9096666666666666, 'ood_gap': -0.0013333333333332975}, {'rho_ood': 0.3, 'accuracy': 0.9156666666666666, 'ood_gap': -0.007333333333333303}]"
rho0_seed07_mlp_l,SUCCESS,664d02a9f1c928713169866b2f5b3225b3554435,654e72b39310847b0d369796c31825e379aaf909,0.0,7,phase1_mlp_l,"['x1', 'x2', 'x3', 'x_spurious', 'z']",2325092991,5000,3000,4000,True,250,41,True,41,0.914,41,[],"[0.019196105758636457, -0.008478933029727085, 0.006627843678507296, -0.009006865653406802, -0.008393812446572103]","[1.0122590593568712, 0.9918555374817947, 0.9962931550949713, 1.0112695611362947, 1.0074936430542798]",0.5698250999994343,0.98775,0.023333333333333334,0.9123333333333333,0.0030000000000000027,"[{'rho_ood': -0.9, 'accuracy': 0.9063333333333333, 'ood_gap': 0.006000000000000005}, {'rho_ood': -0.6, 'accuracy': 0.9143333333333333, 'ood_gap': -0.0020000000000000018}, {'rho_ood': -0.3, 'accuracy': 0.9113333333333333, 'ood_gap': 0.0010000000000000009}, {'rho_ood': 0.3, 'accuracy': 0.9053333333333333, 'ood_gap': 0.007000000000000006}]"
rho0_seed08_mlp_l,SUCCESS,664d02a9f1c928713169866b2f5b3225b3554435,654e72b39310847b0d369796c31825e379aaf909,0.0,8,phase1_mlp_l,"['x1', 'x2', 'x3', 'x_spurious', 'z']",940581583,5000,3000,4000,True,250,43,True,43,0.928,43,[],"[0.010940908033843332, -0.0017913256772523732, 0.011274922603671257, 0.019594179582012667, -0.018873440201340783]","[1.0088396834591729, 0.983970241547682, 0.995026430594147, 1.0141994572177613, 0.9885043133592373]",0.6028660000010859,0.981,0.012,0.9113333333333333,-0.0012500000000000011,"[{'rho_ood': -0.9, 'accuracy': 0.9223333333333333, 'ood_gap': -0.01100000000000001}, {'rho_ood': -0.6, 'accuracy': 0.9093333333333333, 'ood_gap': 0.0020000000000000018}, {'rho_ood': -0.3, 'accuracy': 0.9156666666666666, 'ood_gap': -0.0043333333333333}, {'rho_ood': 0.3, 'accuracy': 0.903, 'ood_gap': 0.008333333333333304}]"
rho0_seed09_mlp_l,SUCCESS,664d02a9f1c928713169866b2f5b3225b3554435,654e72b39310847b0d369796c31825e379aaf909,0.0,9,phase1_mlp_l,"['x1', 'x2', 'x3', 'x_spurious', 'z']",4147847216,5000,3000,4000,True,250,45,True,45,0.924,45,[],"[0.014885955888889689, -0.00804752388245845, 0.00403035506308899, 0.028239935980439633, 0.02858654361497559]","[0.9934568670337314, 0.9935261048919592, 1.0126491969911648, 1.0014221963551397, 0.9966705192593341]",0.5997185999949579,0.997,0.016666666666666666,0.913,0.0030000000000000304,"[{'rho_ood': -0.9, 'accuracy': 0.9093333333333333, 'ood_gap': 0.003666666666666707}, {'rho_ood': -0.6, 'accuracy': 0.918, 'ood_gap': -0.0050000000000000044}, {'rho_ood': -0.3, 'accuracy': 0.8966666666666666, 'ood_gap': 0.016333333333333422}, {'rho_ood': 0.3, 'accuracy': 0.916, 'ood_gap': -0.0030000000000000027}]"
rho0_seed10_mlp_l,SUCCESS,664d02a9f1c928713169866b2f5b3225b3554435,654e72b39310847b0d369796c31825e379aaf909,0.0,10,phase1_mlp_l,"['x1', 'x2', 'x3', 'x_spurious', 'z']",923489746,5000,3000,4000,True,250,29,True,29,0.894,29,[],"[-0.007039454157930722, 0.008870086130144693, 0.016974709450567702, -0.0005838267511140681, -0.030312266945266664]","[1.0104411808904679, 0.9812878001750891, 1.0074636557759182, 1.0135990992673607, 1.0207739670735618]",0.4211938000007649,0.97225,0.02266666666666667,0.9076666666666666,-0.0010833333333333806,"[{'rho_ood': -0.9, 'accuracy': 0.9063333333333333, 'ood_gap': 0.0013333333333332975}, {'rho_ood': -0.6, 'accuracy': 0.903, 'ood_gap': 0.004666666666666597}, {'rho_ood': -0.3, 'accuracy': 0.911, 'ood_gap': -0.0033333333333334103}, {'rho_ood': 0.3, 'accuracy': 0.9146666666666666, 'ood_gap': -0.007000000000000006}]"
rho0_seed11_mlp_l,SUCCESS,664d02a9f1c928713169866b2f5b3225b3554435,654e72b39310847b0d369796c31825e379aaf909,0.0,11,phase1_mlp_l,"['x1', 'x2', 'x3', 'x_spurious', 'z']",3533497510,5000,3000,4000,True,250,26,True,26,0.936,26,[],"[-0.034753938673394574, -0.015331879696886312, -0.007873376260311048, 0.012258417933024242, 0.012812730386698485]","[0.984344483796224, 0.9944032659547464, 1.004451387470028, 0.99589666152357, 1.0069427394526922]",0.3802298000009614,0.97975,0.012666666666666666,0.905,0.00025000000000005573,"[{'rho_ood': -0.9, 'accuracy': 0.9016666666666666, 'ood_gap': 0.0033333333333334103}, {'rho_ood': -0.6, 'accuracy': 0.904, 'ood_gap': 0.0010000000000000009}, {'rho_ood': -0.3, 'accuracy': 0.8996666666666666, 'ood_gap': 0.005333333333333412}, {'rho_ood': 0.3, 'accuracy': 0.9136666666666666, 'ood_gap': -0.0086666666666666}]"
rho0_seed12_mlp_l,SUCCESS,664d02a9f1c928713169866b2f5b3225b3554435,654e72b39310847b0d369796c31825e379aaf909,0.0,12,phase1_mlp_l,"['x1', 'x2', 'x3', 'x_spurious', 'z']",1204173549,5000,3000,4000,True,250,32,True,32,0.918,32,[],"[-0.0021163586205450026, -0.014750160793492667, -0.005020457745728535, 0.00017994843867799162, 0.021375051240945128]","[0.9996941865055985, 1.0081102782161098, 1.0043031232266524, 0.9795703580058782, 0.998707990593839]",0.46443330000329297,0.9825,0.025333333333333333,0.905,-0.007333333333333303,"[{'rho_ood': -0.9, 'accuracy': 0.918, 'ood_gap': -0.013000000000000012}, {'rho_ood': -0.6, 'accuracy': 0.9026666666666666, 'ood_gap': 0.0023333333333334094}, {'rho_ood': -0.3, 'accuracy': 0.916, 'ood_gap': -0.01100000000000001}, {'rho_ood': 0.3, 'accuracy': 0.9126666666666666, 'ood_gap': -0.0076666666666665995}]"
rho0_seed13_mlp_l,SUCCESS,664d02a9f1c928713169866b2f5b3225b3554435,654e72b39310847b0d369796c31825e379aaf909,0.0,13,phase1_mlp_l,"['x1', 'x2', 'x3', 'x_spurious', 'z']",4240177117,5000,3000,4000,True,250,29,True,29,0.916,29,[],"[-0.001712570014188033, -0.001551485939676982, -0.027850087312993644, -0.013798305840229742, -0.01826903461959628]","[1.0048441714787728, 0.9895573863351661, 1.0075349272079352, 1.0037507320515966, 0.9940464934751839]",0.459712000003492,0.98725,0.01,0.9046666666666666,-0.009750000000000036,"[{'rho_ood': -0.9, 'accuracy': 0.9156666666666666, 'ood_gap': -0.01100000000000001}, {'rho_ood': -0.6, 'accuracy': 0.9093333333333333, 'ood_gap': -0.004666666666666708}, {'rho_ood': -0.3, 'accuracy': 0.917, 'ood_gap': -0.012333333333333418}, {'rho_ood': 0.3, 'accuracy': 0.9156666666666666, 'ood_gap': -0.01100000000000001}]"
rho0_seed14_mlp_l,SUCCESS,664d02a9f1c928713169866b2f5b3225b3554435,654e72b39310847b0d369796c31825e379aaf909,0.0,14,phase1_mlp_l,"['x1', 'x2', 'x3', 'x_spurious', 'z']",1620148121,5000,3000,4000,True,250,48,True,48,0.91,48,[],"[0.0066649956352482775, -0.009486034941169121, -0.009341217076536807, -0.004562393476487324, 0.0022575060094401594]","[1.002922176823312, 0.9803459057223831, 0.9861087125692821, 0.9822969585753262, 0.9832137663155808]",0.6369840999977896,0.9775,0.009333333333333334,0.911,-0.0024166666666666503,"[{'rho_ood': -0.9, 'accuracy': 0.917, 'ood_gap': -0.006000000000000005}, {'rho_ood': -0.6, 'accuracy': 0.9103333333333333, 'ood_gap': 0.0006666666666667043}, {'rho_ood': -0.3, 'accuracy': 0.9113333333333333, 'ood_gap': -0.0003333333333332966}, {'rho_ood': 0.3, 'accuracy': 0.915, 'ood_gap': -0.0040000000000000036}]"
rho0_seed15_mlp_l,SUCCESS,664d02a9f1c928713169866b2f5b3225b3554435,654e72b39310847b0d369796c31825e379aaf909,0.0,15,phase1_mlp_l,"['x1', 'x2', 'x3', 'x_spurious', 'z']",2473565220,5000,3000,4000,True,250,31,True,31,0.932,31,[],"[-0.023286338251056988, 0.008886324042163898, -0.013040217290247869, 0.0004536424303415771, 0.000365581050064705]","[0.9840200769162248, 1.0086692409312201, 0.993654542003, 0.9956221173131681, 1.0058124332662897]",0.46414359999471344,0.99025,0.01633333333333333,0.92,0.01125000000000001,"[{'rho_ood': -0.9, 'accuracy': 0.899, 'ood_gap': 0.02100000000000002}, {'rho_ood': -0.6, 'accuracy': 0.912, 'ood_gap': 0.008000000000000007}, {'rho_ood': -0.3, 'accuracy': 0.911, 'ood_gap': 0.009000000000000008}, {'rho_ood': 0.3, 'accuracy': 0.913, 'ood_gap': 0.007000000000000006}]"
rho0_seed16_mlp_l,SUCCESS,664d02a9f1c928713169866b2f5b3225b3554435,654e72b39310847b0d369796c31825e379aaf909,0.0,16,phase1_mlp_l,"['x1', 'x2', 'x3', 'x_spurious', 'z']",1092600334,5000,3000,4000,True,250,33,True,33,0.922,33,[],"[0.02118158008081334, 0.0013620495802217874, -0.011711374598139028, -0.004674059116688656, -0.013078534898568273]","[1.005027205357785, 0.9906043731334622, 0.9896629705467228, 0.9916121182959341, 0.9928353448613176]",0.4701606000016909,0.9855,0.017666666666666667,0.9033333333333333,-0.0014166666666666772,"[{'rho_ood': -0.9, 'accuracy': 0.904, 'ood_gap': -0.0006666666666667043}, {'rho_ood': -0.6, 'accuracy': 0.906, 'ood_gap': -0.002666666666666706}, {'rho_ood': -0.3, 'accuracy': 0.8983333333333333, 'ood_gap': 0.0050000000000000044}, {'rho_ood': 0.3, 'accuracy': 0.9106666666666666, 'ood_gap': -0.007333333333333303}]"
rho0_seed17_mlp_l,SUCCESS,664d02a9f1c928713169866b2f5b3225b3554435,654e72b39310847b0d369796c31825e379aaf909,0.0,17,phase1_mlp_l,"['x1', 'x2', 'x3', 'x_spurious', 'z']",3880758341,5000,3000,4000,True,250,38,True,38,0.898,38,[],"[0.008888699697422533, -0.006839169756840717, -0.006472951500278428, 0.011518923147590811, 0.01193363049486525]","[0.9995627613884559, 0.9895330540776267, 0.9996471361906283, 0.9969083052282063, 1.014825174328738]",0.5025295999948867,0.98875,0.017333333333333333,0.9146666666666666,0.0060833333333333295,"[{'rho_ood': -0.9, 'accuracy': 0.9076666666666666, 'ood_gap': 0.007000000000000006}, {'rho_ood': -0.6, 'accuracy': 0.9086666666666666, 'ood_gap': 0.006000000000000005}, {'rho_ood': -0.3, 'accuracy': 0.9106666666666666, 'ood_gap': 0.0040000000000000036}, {'rho_ood': 0.3, 'accuracy': 0.9073333333333333, 'ood_gap': 0.007333333333333303}]"
rho0_seed18_mlp_l,SUCCESS,664d02a9f1c928713169866b2f5b3225b3554435,654e72b39310847b0d369796c31825e379aaf909,0.0,18,phase1_mlp_l,"['x1', 'x2', 'x3', 'x_spurious', 'z']",2911095587,5000,3000,4000,True,250,36,True,36,0.892,36,[],"[-0.003582636879298916, 0.010738487114662094, 0.00811405342194426, 0.021378110229267753, 0.026154454304345813]","[0.9830605049152839, 0.991501174996082, 1.0117081908578571, 1.0088207413107588, 0.9963563115450871]",0.5360438999996404,0.98075,0.011,0.915,0.006000000000000061,"[{'rho_ood': -0.9, 'accuracy': 0.9056666666666666, 'ood_gap': 0.009333333333333416}, {'rho_ood': -0.6, 'accuracy': 0.909, 'ood_gap': 0.006000000000000005}, {'rho_ood': -0.3, 'accuracy': 0.9166666666666666, 'ood_gap': -0.0016666666666665941}, {'rho_ood': 0.3, 'accuracy': 0.9046666666666666, 'ood_gap': 0.010333333333333417}]"
rho0_seed19_mlp_l,SUCCESS,664d02a9f1c928713169866b2f5b3225b3554435,654e72b39310847b0d369796c31825e379aaf909,0.0,19,phase1_mlp_l,"['x1', 'x2', 'x3', 'x_spurious', 'z']",3895365104,5000,3000,4000,True,250,29,True,29,0.91,29,[],"[-0.007892004875260615, 0.01533389640958547, 0.042981954230081554, -0.0013109293300529827, 0.005645576207717957]","[1.020574851193291, 1.0017328393229734, 0.9989596217566046, 1.010629098055627, 1.005991951891078]",0.4181211999966763,0.972,0.022,0.9096666666666666,0.010833333333333278,"[{'rho_ood': -0.9, 'accuracy': 0.897, 'ood_gap': 0.012666666666666604}, {'rho_ood': -0.6, 'accuracy': 0.893, 'ood_gap': 0.016666666666666607}, {'rho_ood': -0.3, 'accuracy': 0.8916666666666667, 'ood_gap': 0.017999999999999905}, {'rho_ood': 0.3, 'accuracy': 0.9136666666666666, 'ood_gap': -0.0040000000000000036}]"
