experiment_id,run_id,fit_id,config_id,config_hash,family,capacity_tier,capacity_tier_score,regularization_tier,regularization_flexibility_score,hyperparameters_json,rho_train,seed,row_id,status,failure_type,failure_message,environment_type,rho_environment,evaluation_seconds,accuracy,balanced_accuracy,roc_auc,brier_score,log_loss,iid_accuracy,average_ood_accuracy,worst_ood_accuracy,ood_gap,environment_delta,capacity_proxy_name,learned_capacity_primary,empirical_capacity_index,structural_parameter_count,effective_degrees_of_freedom,kernel_effective_rank,support_vector_fraction,tree_total_leaves,tree_mean_depth,boosting_total_leaves,boosting_iterations,mlp_parameter_count,optimization_iterations,converged,fit_seconds,warning_count
PHASE1-FAMILY-CAPACITY,PHASE1-FAMILY-CAPACITY-smoke-fef9a5cb6b20,4ac6f3b3855c965302698bc1332802bf96f734542a9fce1537f963cd8420a9fa,LR-L,1d2a1642b5cc9ffeec4e67e117c0a2ab4fd6a563b127af2c2fb9c9262e90d737,logistic_regression,low,0.0,strong,0.0,"{""C"":0.03,""max_iter"":1500,""solver"":""lbfgs""}",0.0,0,3747d102ecdff0185c7e40f2cef6337bfdee7e80813dc54507d8064cb23639de,success,,,iid_test,0.0,0.00879180000629276,0.878,0.8778311324529812,0.9596638655462185,0.09888059343718238,0.33184893172297497,0.878,0.896,0.896,-0.018000000000000016,0.0,effective_degrees_of_freedom,3.6616015918078926,0.3333333333333333,6.0,3.6616015918078926,,,,,,,,6.0,1.0,0.02845120005076751,0
PHASE1-FAMILY-CAPACITY,PHASE1-FAMILY-CAPACITY-smoke-fef9a5cb6b20,4ac6f3b3855c965302698bc1332802bf96f734542a9fce1537f963cd8420a9fa,LR-L,1d2a1642b5cc9ffeec4e67e117c0a2ab4fd6a563b127af2c2fb9c9262e90d737,logistic_regression,low,0.0,strong,0.0,"{""C"":0.03,""max_iter"":1500,""solver"":""lbfgs""}",0.0,0,6c44962150673ac6c70eec9ff170392c630986537d004bee660aac24a32a41f9,success,,,ood,-0.9,0.009199899970553815,0.896,0.8967301622903283,0.9718835610951794,0.0922444265907143,0.3196065497674965,0.878,0.896,0.896,-0.018000000000000016,-0.018000000000000016,effective_degrees_of_freedom,3.6616015918078926,0.3333333333333333,6.0,3.6616015918078926,,,,,,,,6.0,1.0,0.02845120005076751,0
PHASE1-FAMILY-CAPACITY,PHASE1-FAMILY-CAPACITY-smoke-fef9a5cb6b20,8373c5a267d3091d35ca82c03c71f38e28e4efdd04cbe1672a1226fb42251343,LR-M,2f0277ba6749dc50e77a697ebcae33e3932a27b63e857544fc1ec7f72f723bce,logistic_regression,medium,0.5,medium,0.5,"{""C"":1.0,""max_iter"":1500,""solver"":""lbfgs""}",0.0,0,506f85278243b3fa721f97a0b2f012aad3d161989b09944b34187d16a61007f6,success,,,iid_test,0.0,0.008167100022546947,0.882,0.8817527010804322,0.9597599039615846,0.08314141935967366,0.25353299183188,0.882,0.902,0.902,-0.020000000000000018,0.0,effective_degrees_of_freedom,4.784703280586709,0.6666666666666666,6.0,4.784703280586709,,,,,,,,10.0,1.0,0.007837900018785149,0
PHASE1-FAMILY-CAPACITY,PHASE1-FAMILY-CAPACITY-smoke-fef9a5cb6b20,8373c5a267d3091d35ca82c03c71f38e28e4efdd04cbe1672a1226fb42251343,LR-M,2f0277ba6749dc50e77a697ebcae33e3932a27b63e857544fc1ec7f72f723bce,logistic_regression,medium,0.5,medium,0.5,"{""C"":1.0,""max_iter"":1500,""solver"":""lbfgs""}",0.0,0,ddc128072b764ca049df6adc234d19b30b31bf15b9f4cfbebf16070a5c17eb3b,success,,,ood,-0.9,0.00784810003824532,0.902,0.9026658549480127,0.9735016581489611,0.06728014236940418,0.21275010073319608,0.882,0.902,0.902,-0.020000000000000018,-0.020000000000000018,effective_degrees_of_freedom,4.784703280586709,0.6666666666666666,6.0,4.784703280586709,,,,,,,,10.0,1.0,0.007837900018785149,0
PHASE1-FAMILY-CAPACITY,PHASE1-FAMILY-CAPACITY-smoke-fef9a5cb6b20,c3f0f24fe589750fcb2bd14d6e8b28a7c2315e6deea0719278c4255ccd3edc78,LR-H,7b1c2ec5fbbfbbdee64cc420019e5c8a9abaac2c5fc3f68515c1e2c1fa714d43,logistic_regression,high,1.0,weak,1.0,"{""C"":30.0,""max_iter"":1500,""solver"":""lbfgs""}",0.0,0,d364a37f59d596610f68731f43983556f7c93955e4d2f54828b1c1190806b372,success,,,iid_test,0.0,0.007962899981066585,0.88,0.8797919167667066,0.9597438975590236,0.0848620720531572,0.25695137569919213,0.88,0.902,0.902,-0.02200000000000002,0.0,effective_degrees_of_freedom,4.988371416562031,1.0,6.0,4.988371416562031,,,,,,,,10.0,1.0,0.006427299987990409,0
PHASE1-FAMILY-CAPACITY,PHASE1-FAMILY-CAPACITY-smoke-fef9a5cb6b20,c3f0f24fe589750fcb2bd14d6e8b28a7c2315e6deea0719278c4255ccd3edc78,LR-H,7b1c2ec5fbbfbbdee64cc420019e5c8a9abaac2c5fc3f68515c1e2c1fa714d43,logistic_regression,high,1.0,weak,1.0,"{""C"":30.0,""max_iter"":1500,""solver"":""lbfgs""}",0.0,0,fc11b8e8e968f9a7f260d4c4052768f6f67fbd7f2d27c4f050278ad24b2fb6ea,success,,,ood,-0.9,0.007355599955189973,0.902,0.9028100418141912,0.9738220734071357,0.06668985809070296,0.20718702535947653,0.88,0.902,0.902,-0.02200000000000002,-0.02200000000000002,effective_degrees_of_freedom,4.988371416562031,1.0,6.0,4.988371416562031,,,,,,,,10.0,1.0,0.006427299987990409,0
PHASE1-FAMILY-CAPACITY,PHASE1-FAMILY-CAPACITY-smoke-fef9a5cb6b20,9e5fb0989ec7eacbffd7ad39f46ebd9f45ebb8a90d98d2e182e043d43c6c569a,SVM-L,3fbd371b0e2cef95735dd4da149551608834096e78275a14901c17ac75cb096e,rbf_svm,low,0.0,medium,0.5,"{""C"":1.0,""cache_size"":1000,""calibration_cv"":3,""gamma"":0.05}",0.0,0,82b4de0e1bebfc68f9b281f467a0d97e54926a8cd4c4bf311a008b9e585ec576,success,,,iid_test,0.0,0.02302570000756532,0.876,0.8759503801520608,0.9598559423769508,0.08459479623989564,0.26114881708600124,0.876,0.89,0.89,-0.014000000000000012,0.0,kernel_effective_rank,2.3376769287450934,0.3333333333333333,1494.0,,2.3376769287450934,0.3557142857142857,,,,,,,1.0,0.03277649998199195,0
PHASE1-FAMILY-CAPACITY,PHASE1-FAMILY-CAPACITY-smoke-fef9a5cb6b20,9e5fb0989ec7eacbffd7ad39f46ebd9f45ebb8a90d98d2e182e043d43c6c569a,SVM-L,3fbd371b0e2cef95735dd4da149551608834096e78275a14901c17ac75cb096e,rbf_svm,low,0.0,medium,0.5,"{""C"":1.0,""cache_size"":1000,""calibration_cv"":3,""gamma"":0.05}",0.0,0,65b98cb1d7949c46986ec4d39dcd008532b7c13c5b632a297d239bdb229ecd4c,success,,,ood,-0.9,0.02232039999216795,0.89,0.8906502827664653,0.9682468479148978,0.07434111398285789,0.2286813959260662,0.876,0.89,0.89,-0.014000000000000012,-0.014000000000000012,kernel_effective_rank,2.3376769287450934,0.3333333333333333,1494.0,,2.3376769287450934,0.3557142857142857,,,,,,,1.0,0.03277649998199195,0
PHASE1-FAMILY-CAPACITY,PHASE1-FAMILY-CAPACITY-smoke-fef9a5cb6b20,954e9b1966e2a266b6c3641f13cc409e7c85bdf8e3b1d18114fd464cec52a32b,SVM-M,9db1d2bf313ca7ba2163130db40ea44518e99de2cc5a6c1b05d6c5c600e866d4,rbf_svm,medium,0.5,weak,1.0,"{""C"":10.0,""cache_size"":1000,""calibration_cv"":3,""gamma"":""scale""}",0.0,0,0c982f2f3c3c761b0ee3e7c9a6cec2a656aba44522a5196e893f375c86612d66,success,,,iid_test,0.0,0.018356400018092245,0.862,0.8617446978791516,0.9517086834733893,0.09075099047850595,0.2837723073456741,0.862,0.876,0.876,-0.014000000000000012,0.0,kernel_effective_rank,11.129915990335663,0.6666666666666666,1116.0,,11.129915990335663,0.26571428571428574,,,,,,,1.0,0.03671209997264668,0
PHASE1-FAMILY-CAPACITY,PHASE1-FAMILY-CAPACITY-smoke-fef9a5cb6b20,954e9b1966e2a266b6c3641f13cc409e7c85bdf8e3b1d18114fd464cec52a32b,SVM-M,9db1d2bf313ca7ba2163130db40ea44518e99de2cc5a6c1b05d6c5c600e866d4,rbf_svm,medium,0.5,weak,1.0,"{""C"":10.0,""cache_size"":1000,""calibration_cv"":3,""gamma"":""scale""}",0.0,0,15996b8df8d5168496af3abeaab2668de584848945334fa8f16085b47997e2d7,success,,,ood,-0.9,0.0175539999618195,0.876,0.8775693298514875,0.957320687611144,0.08648890581795401,0.26643128764982105,0.862,0.876,0.876,-0.014000000000000012,-0.014000000000000012,kernel_effective_rank,11.129915990335663,0.6666666666666666,1116.0,,11.129915990335663,0.26571428571428574,,,,,,,1.0,0.03671209997264668,0
PHASE1-FAMILY-CAPACITY,PHASE1-FAMILY-CAPACITY-smoke-fef9a5cb6b20,6609457c1ad3ebe9100e2d40bc97a1c64b9e9009a1c6f0dcdb0af4262a316f4d,SVM-H,405d3f89ec540b5d9527e4410c3337cad0e3f8b2cd09be2fa431cfc7a19bc06a,rbf_svm,high,1.0,strong,0.0,"{""C"":0.3,""cache_size"":1000,""calibration_cv"":3,""gamma"":1.0}",0.0,0,d3822c26e9e10f0d8af365222ebcf5db0ade5869e27df76cffccb7d9f91d7ede,success,,,iid_test,0.0,0.046379600011277944,0.89,0.8898359343737495,0.9406642657062825,0.09354160954056252,0.3170582417958659,0.89,0.874,0.874,0.016000000000000014,0.0,kernel_effective_rank,173.50483178364516,1.0,3300.0,,173.50483178364516,0.7857142857142857,,,,,,,1.0,0.050167999987024814,0
PHASE1-FAMILY-CAPACITY,PHASE1-FAMILY-CAPACITY-smoke-fef9a5cb6b20,6609457c1ad3ebe9100e2d40bc97a1c64b9e9009a1c6f0dcdb0af4262a316f4d,SVM-H,405d3f89ec540b5d9527e4410c3337cad0e3f8b2cd09be2fa431cfc7a19bc06a,rbf_svm,high,1.0,strong,0.0,"{""C"":0.3,""cache_size"":1000,""calibration_cv"":3,""gamma"":1.0}",0.0,0,0b3132198c934939b3351b638fc5d8588f66216791bd23829ccea89dda13f987,success,,,ood,-0.9,0.04756520001683384,0.874,0.8750620804562713,0.9446162226245215,0.09481710330874576,0.30512365026833654,0.89,0.874,0.874,0.016000000000000014,0.016000000000000014,kernel_effective_rank,173.50483178364516,1.0,3300.0,,173.50483178364516,0.7857142857142857,,,,,,,1.0,0.050167999987024814,0
PHASE1-FAMILY-CAPACITY,PHASE1-FAMILY-CAPACITY-smoke-fef9a5cb6b20,e4d35367e5ec1c97b9c061bd6e212092cf33e0324e69a10f92e671d55e802cfc,RF-L,c0f016366401e1557f071472bcb386b5eb2aff8542b2c2766d492e6f207fd133,random_forest,low,0.0,weak,1.0,"{""max_depth"":4,""max_features"":""sqrt"",""min_samples_leaf"":1,""n_estimators"":200,""n_jobs"":-1}",0.0,0,648996709d13c3765fd4cb8f3d040e078fe1f33d23a582c1cb8d5217f88d9815,success,,,iid_test,0.0,0.16352429997641593,0.85,0.8501400560224089,0.9340856342537015,0.11300213278169305,0.36957191246982907,0.85,0.864,0.864,-0.014000000000000012,0.0,tree_total_leaves,2913.0,0.3333333333333333,5626.0,,,,2913.0,4.0,,,,,1.0,0.36406309995800257,0
PHASE1-FAMILY-CAPACITY,PHASE1-FAMILY-CAPACITY-smoke-fef9a5cb6b20,e4d35367e5ec1c97b9c061bd6e212092cf33e0324e69a10f92e671d55e802cfc,RF-L,c0f016366401e1557f071472bcb386b5eb2aff8542b2c2766d492e6f207fd133,random_forest,low,0.0,weak,1.0,"{""max_depth"":4,""max_features"":""sqrt"",""min_samples_leaf"":1,""n_estimators"":200,""n_jobs"":-1}",0.0,0,5ab2919ee6fd6a32abbfe964e72610170d0cb6958a38776886c99abddb652d3a,success,,,ood,-0.9,0.1787862999481149,0.864,0.863967702141976,0.9514090260978227,0.10285155525643977,0.3467022956242672,0.85,0.864,0.864,-0.014000000000000012,-0.014000000000000012,tree_total_leaves,2913.0,0.3333333333333333,5626.0,,,,2913.0,4.0,,,,,1.0,0.36406309995800257,0
PHASE1-FAMILY-CAPACITY,PHASE1-FAMILY-CAPACITY-smoke-fef9a5cb6b20,db0088b8d6c9ca5892faeecde69ac5f7f6d1393aaa62043f5c21e75e852652ce,RF-M,5a017704fedc5eeaa5bfa51b469c2790db92ae9033f8403d454222bd9ca5b60a,random_forest,medium,0.5,strong,0.0,"{""max_depth"":10,""max_features"":""sqrt"",""min_samples_leaf"":10,""n_estimators"":250,""n_jobs"":-1}",0.0,0,df20cb56c8fb68fadd395c3f19a0eba83dc3b0cd37d2619f02741c9654f3b16e,success,,,iid_test,0.0,0.1340648999903351,0.848,0.847859143657463,0.9360544217687075,0.10539754189244714,0.3387491195581201,0.848,0.878,0.878,-0.030000000000000027,0.0,tree_total_leaves,6377.0,0.6666666666666666,12504.0,,,,6377.0,7.16,,,,,1.0,0.6211987999849953,0
PHASE1-FAMILY-CAPACITY,PHASE1-FAMILY-CAPACITY-smoke-fef9a5cb6b20,db0088b8d6c9ca5892faeecde69ac5f7f6d1393aaa62043f5c21e75e852652ce,RF-M,5a017704fedc5eeaa5bfa51b469c2790db92ae9033f8403d454222bd9ca5b60a,random_forest,medium,0.5,strong,0.0,"{""max_depth"":10,""max_features"":""sqrt"",""min_samples_leaf"":10,""n_estimators"":250,""n_jobs"":-1}",0.0,0,a54d6ab1d667a884eee430ae7ab11de7995adbb1fcd8385ad298d722daad82ea,success,,,ood,-0.9,0.12035529996501282,0.878,0.8784905237187395,0.9552860507217354,0.09390197503129866,0.3102793288719382,0.848,0.878,0.878,-0.030000000000000027,-0.030000000000000027,tree_total_leaves,6377.0,0.6666666666666666,12504.0,,,,6377.0,7.16,,,,,1.0,0.6211987999849953,0
PHASE1-FAMILY-CAPACITY,PHASE1-FAMILY-CAPACITY-smoke-fef9a5cb6b20,892a6bd6d27e7f4dd3467461da4145e2d6e6c3e579242adac1f93e8f5ea4d0e6,RF-H,7ff7f8153ba561892eb3cfceb961e6a4c2bf8946870c60775c3bfce39fbaf2f9,random_forest,high,1.0,medium,0.5,"{""max_depth"":null,""max_features"":""sqrt"",""min_samples_leaf"":2,""n_estimators"":300,""n_jobs"":-1}",0.0,0,4c39134139c8f233488b28bae93803fa0f19dfbeaac9cdeab3e81578f2311ab6,success,,,iid_test,0.0,0.22673229995416477,0.856,0.8561024409763905,0.941656662665066,0.09719888310969038,0.31205700863376884,0.856,0.888,0.888,-0.03200000000000003,0.0,tree_total_leaves,17944.0,1.0,35588.0,,,,17944.0,10.626666666666667,,,,,1.0,0.7049885000451468,0
PHASE1-FAMILY-CAPACITY,PHASE1-FAMILY-CAPACITY-smoke-fef9a5cb6b20,892a6bd6d27e7f4dd3467461da4145e2d6e6c3e579242adac1f93e8f5ea4d0e6,RF-H,7ff7f8153ba561892eb3cfceb961e6a4c2bf8946870c60775c3bfce39fbaf2f9,random_forest,high,1.0,medium,0.5,"{""max_depth"":null,""max_features"":""sqrt"",""min_samples_leaf"":2,""n_estimators"":300,""n_jobs"":-1}",0.0,0,e289d675936f71da4ce7cb1e647db6c20504dc0a6ed18d7be0648031b556c951,success,,,ood,-0.9,0.22971449996111915,0.888,0.8885755939697848,0.9584100994889376,0.08537833781627754,0.2782487557054344,0.856,0.888,0.888,-0.03200000000000003,-0.03200000000000003,tree_total_leaves,17944.0,1.0,35588.0,,,,17944.0,10.626666666666667,,,,,1.0,0.7049885000451468,0
PHASE1-FAMILY-CAPACITY,PHASE1-FAMILY-CAPACITY-smoke-fef9a5cb6b20,66ecd613b378089eac04a3666df3435be322a6d0956676a8f4b8b1301c676761,HGB-L,67769b8c901577287f7c69e46ea16a110fbcab250556e6c9ee68848fdafe1020,gradient_boosting,low,0.0,strong,0.0,"{""early_stopping"":false,""l2_regularization"":1.0,""learning_rate"":0.08,""max_iter"":100,""max_leaf_nodes"":7}",0.0,0,38f21d916d321f214184d553706a5ae957958b41af47fe11a4706ce5251b5084,success,,,iid_test,0.0,0.031945599999744445,0.854,0.8537414965986394,0.9434493797519008,0.10178764222141096,0.3149083380339796,0.854,0.88,0.88,-0.026000000000000023,0.0,boosting_total_leaves,700.0,0.3333333333333333,1300.0,,,,,,700.0,100.0,,100.0,1.0,1.2055571000091732,1
PHASE1-FAMILY-CAPACITY,PHASE1-FAMILY-CAPACITY-smoke-fef9a5cb6b20,66ecd613b378089eac04a3666df3435be322a6d0956676a8f4b8b1301c676761,HGB-L,67769b8c901577287f7c69e46ea16a110fbcab250556e6c9ee68848fdafe1020,gradient_boosting,low,0.0,strong,0.0,"{""early_stopping"":false,""l2_regularization"":1.0,""learning_rate"":0.08,""max_iter"":100,""max_leaf_nodes"":7}",0.0,0,4284cb0bef9d393f0d53385edb209d1d9aafeb0f8b463ed3941bfe4dc99e5d2b,success,,,ood,-0.9,0.0218180000083521,0.88,0.88056521251542,0.9632323491244654,0.08065563124705628,0.25154659398802093,0.854,0.88,0.88,-0.026000000000000023,-0.026000000000000023,boosting_total_leaves,700.0,0.3333333333333333,1300.0,,,,,,700.0,100.0,,100.0,1.0,1.2055571000091732,1
PHASE1-FAMILY-CAPACITY,PHASE1-FAMILY-CAPACITY-smoke-fef9a5cb6b20,535174b4e6edb08549c26f1d9ddf89f7243cc4aa9b9cd2bcfa90fd01bcd8c782,HGB-M,2d985fd608b45e3358b349990cabdc1f6ba1762a96e3f4ecf6a7596687075e1f,gradient_boosting,medium,0.5,weak,1.0,"{""early_stopping"":false,""l2_regularization"":0.01,""learning_rate"":0.08,""max_iter"":200,""max_leaf_nodes"":31}",0.0,0,901452ad07f2c7a559727504debfd1b3ec644031176f9da01ec251489db44fdb,success,,,iid_test,0.0,0.04318440001225099,0.852,0.8516206482593037,0.9390956382553021,0.12359072020642485,0.5440234753504114,0.852,0.864,0.864,-0.01200000000000001,0.0,boosting_total_leaves,4832.0,0.6666666666666666,9464.0,,,,,,4832.0,200.0,,200.0,1.0,2.325780799961649,0
PHASE1-FAMILY-CAPACITY,PHASE1-FAMILY-CAPACITY-smoke-fef9a5cb6b20,535174b4e6edb08549c26f1d9ddf89f7243cc4aa9b9cd2bcfa90fd01bcd8c782,HGB-M,2d985fd608b45e3358b349990cabdc1f6ba1762a96e3f4ecf6a7596687075e1f,gradient_boosting,medium,0.5,weak,1.0,"{""early_stopping"":false,""l2_regularization"":0.01,""learning_rate"":0.08,""max_iter"":200,""max_leaf_nodes"":31}",0.0,0,f53171d78adfb6d3c83575276fa0a5559400c8acd8c623bc32f1ef497a5f6ea1,success,,,ood,-0.9,0.07006749999709427,0.864,0.8652653839375831,0.9435588522725452,0.11688166395301897,0.4973482120980689,0.852,0.864,0.864,-0.01200000000000001,-0.01200000000000001,boosting_total_leaves,4832.0,0.6666666666666666,9464.0,,,,,,4832.0,200.0,,200.0,1.0,2.325780799961649,0
PHASE1-FAMILY-CAPACITY,PHASE1-FAMILY-CAPACITY-smoke-fef9a5cb6b20,57f5e93139ef41e487160b0ce661a6cea45fb183f0530facdf109d47dead617f,HGB-H,e48f60055c364417c78405d739a17860d6e752f2fc096ea1f14f2b30f76dde1e,gradient_boosting,high,1.0,medium,0.5,"{""early_stopping"":false,""l2_regularization"":0.1,""learning_rate"":0.05,""max_iter"":300,""max_leaf_nodes"":63}",0.0,0,aa5ee9c23a4d56d51fe31b273703e6649c7dc6b750afd300e0828ed4c428eef7,success,,,iid_test,0.0,0.07073289999971166,0.85,0.8495798319327732,0.936390556222489,0.12270460118578586,0.49796478803994526,0.85,0.858,0.858,-0.008000000000000007,0.0,boosting_total_leaves,6837.0,1.0,13374.0,,,,,,6837.0,300.0,,300.0,1.0,1.7808420999790542,0
PHASE1-FAMILY-CAPACITY,PHASE1-FAMILY-CAPACITY-smoke-fef9a5cb6b20,57f5e93139ef41e487160b0ce661a6cea45fb183f0530facdf109d47dead617f,HGB-H,e48f60055c364417c78405d739a17860d6e752f2fc096ea1f14f2b30f76dde1e,gradient_boosting,high,1.0,medium,0.5,"{""early_stopping"":false,""l2_regularization"":0.1,""learning_rate"":0.05,""max_iter"":300,""max_leaf_nodes"":63}",0.0,0,c18ae83026c0f0f0672afa966146d1db706d738b9589385436549de5cceed679,success,,,ood,-0.9,0.06064159999368712,0.858,0.8591855044137202,0.9439753921081722,0.11383432909834224,0.4381410452718881,0.85,0.858,0.858,-0.008000000000000007,-0.008000000000000007,boosting_total_leaves,6837.0,1.0,13374.0,,,,,,6837.0,300.0,,300.0,1.0,1.7808420999790542,0
PHASE1-FAMILY-CAPACITY,PHASE1-FAMILY-CAPACITY-smoke-fef9a5cb6b20,778f57d7f83d2c9f086b84f67ea8e120d8ae65f95a570bef6b43fc3a7bccacca,MLP-L,cf054be6f8198498238d75783b4261fc719b2300545c3ec57821015192487ce8,mlp,low,0.0,weak,1.0,"{""alpha"":0.0001,""early_stopping"":true,""hidden_layer_sizes"":[16],""learning_rate_init"":0.001,""max_iter"":250}",0.0,0,9f26f564fda7962f67bc8b1d9f2c8744a5c3f6606d9e916bce1ea24af70341a9,success,,,iid_test,0.0,0.012873200001195073,0.868,0.868187274909964,0.950124049619848,0.10394288411173627,0.34431704158291077,0.868,0.918,0.918,-0.050000000000000044,0.0,mlp_parameter_count,113.0,0.3333333333333333,113.0,,,,,,,,113.0,81.0,1.0,0.2505551999784075,0
PHASE1-FAMILY-CAPACITY,PHASE1-FAMILY-CAPACITY-smoke-fef9a5cb6b20,778f57d7f83d2c9f086b84f67ea8e120d8ae65f95a570bef6b43fc3a7bccacca,MLP-L,cf054be6f8198498238d75783b4261fc719b2300545c3ec57821015192487ce8,mlp,low,0.0,weak,1.0,"{""alpha"":0.0001,""early_stopping"":true,""hidden_layer_sizes"":[16],""learning_rate_init"":0.001,""max_iter"":250}",0.0,0,8b1312a8d0116d23e6b2ad896e9da4c3cfdb7a1103c7e61150b54f1a32208450,success,,,ood,-0.9,0.013019200006965548,0.918,0.9183982441243852,0.9788045306717507,0.08551030254096054,0.30363695983967226,0.868,0.918,0.918,-0.050000000000000044,-0.050000000000000044,mlp_parameter_count,113.0,0.3333333333333333,113.0,,,,,,,,113.0,81.0,1.0,0.2505551999784075,0
PHASE1-FAMILY-CAPACITY,PHASE1-FAMILY-CAPACITY-smoke-fef9a5cb6b20,149f03370703e31d1151337722b5026927cc7ed839007ec02d90019e7ecf7628,MLP-M,22caf9c6783beb7ef5313eeda008a6c74091af4d4ec3b2f9a80c796f31fc80c5,mlp,medium,0.5,medium,0.5,"{""alpha"":0.001,""early_stopping"":true,""hidden_layer_sizes"":[64,64],""learning_rate_init"":0.001,""max_iter"":300}",0.0,0,595565f0fb86a64e2b409ec6590e5a478cbcb13915e2669916ce74f30c58e193,success,,,iid_test,0.0,0.010889599972870201,0.87,0.8708683473389356,0.9409683873549419,0.14631826356798314,0.4673448759623404,0.87,0.898,0.898,-0.028000000000000025,0.0,mlp_parameter_count,4609.0,0.6666666666666666,4609.0,,,,,,,,4609.0,18.0,1.0,0.09561000001849607,0
PHASE1-FAMILY-CAPACITY,PHASE1-FAMILY-CAPACITY-smoke-fef9a5cb6b20,149f03370703e31d1151337722b5026927cc7ed839007ec02d90019e7ecf7628,MLP-M,22caf9c6783beb7ef5313eeda008a6c74091af4d4ec3b2f9a80c796f31fc80c5,mlp,medium,0.5,medium,0.5,"{""alpha"":0.001,""early_stopping"":true,""hidden_layer_sizes"":[64,64],""learning_rate_init"":0.001,""max_iter"":300}",0.0,0,26437a32f25347db617a12f753e2e3c262f0f8563006f94d2e3a37b60106c127,success,,,ood,-0.9,0.00954900000942871,0.898,0.8977955430237587,0.9678463288421795,0.13667409797820546,0.44764793672197595,0.87,0.898,0.898,-0.028000000000000025,-0.028000000000000025,mlp_parameter_count,4609.0,0.6666666666666666,4609.0,,,,,,,,4609.0,18.0,1.0,0.09561000001849607,0
PHASE1-FAMILY-CAPACITY,PHASE1-FAMILY-CAPACITY-smoke-fef9a5cb6b20,cc3f8bf9b4787c40ce3ed63b494c8660d7fe2e253494e9fd12c1f567a3f35c60,MLP-H,5d197816eeb622fc60ae6d2ceb820addf08e9a7cafa95fd016fcc47c1733d867,mlp,high,1.0,strong,0.0,"{""alpha"":0.01,""early_stopping"":true,""hidden_layer_sizes"":[128,128,64],""learning_rate_init"":0.001,""max_iter"":350}",0.0,0,d5a66cc565414a7c95ed609af7f1f72615fea91dae07afd88f7676efd431d976,success,,,iid_test,0.0,0.011303499981295317,0.866,0.8660664265706283,0.9573269307723089,0.08933226115491304,0.2951134102953355,0.866,0.902,0.902,-0.03600000000000003,0.0,mlp_parameter_count,25601.0,1.0,25601.0,,,,,,,,25601.0,18.0,1.0,0.23822169995401055,0
PHASE1-FAMILY-CAPACITY,PHASE1-FAMILY-CAPACITY-smoke-fef9a5cb6b20,cc3f8bf9b4787c40ce3ed63b494c8660d7fe2e253494e9fd12c1f567a3f35c60,MLP-H,5d197816eeb622fc60ae6d2ceb820addf08e9a7cafa95fd016fcc47c1733d867,mlp,high,1.0,strong,0.0,"{""alpha"":0.01,""early_stopping"":true,""hidden_layer_sizes"":[128,128,64],""learning_rate_init"":0.001,""max_iter"":350}",0.0,0,a681573c94ff32a438f87538a198459bef2688ad5c444839dd922dfc28c49c50,success,,,ood,-0.9,0.011017000011634082,0.902,0.9022332943494769,0.9745750492638459,0.07537329529149078,0.26454406179443896,0.866,0.902,0.902,-0.03600000000000003,-0.03600000000000003,mlp_parameter_count,25601.0,1.0,25601.0,,,,,,,,25601.0,18.0,1.0,0.23822169995401055,0
PHASE1-FAMILY-CAPACITY,PHASE1-FAMILY-CAPACITY-smoke-fef9a5cb6b20,6edc8574714650e68f9d776e0158c1426a12072569942a380e90d277122520ab,LR-L,1d2a1642b5cc9ffeec4e67e117c0a2ab4fd6a563b127af2c2fb9c9262e90d737,logistic_regression,low,0.0,strong,0.0,"{""C"":0.03,""max_iter"":1500,""solver"":""lbfgs""}",0.9,0,057d7f8730cdd1a13f8798092c8304417576b6c262531ba3962867ebde953302,success,,,iid_test,0.9,0.008989800000563264,0.99,0.9899559823929571,0.9990396158463385,0.027165007709176337,0.14244004234630875,0.99,0.496,0.276,0.494,0.0,effective_degrees_of_freedom,3.0034791843647968,0.3333333333333333,6.0,3.0034791843647968,,,,,,,,6.0,1.0,0.006652900017797947,0
PHASE1-FAMILY-CAPACITY,PHASE1-FAMILY-CAPACITY-smoke-fef9a5cb6b20,6edc8574714650e68f9d776e0158c1426a12072569942a380e90d277122520ab,LR-L,1d2a1642b5cc9ffeec4e67e117c0a2ab4fd6a563b127af2c2fb9c9262e90d737,logistic_regression,low,0.0,strong,0.0,"{""C"":0.03,""max_iter"":1500,""solver"":""lbfgs""}",0.9,0,bb224c54ebfd251abf0e7d5e01fe7213327f91533a40eb27fe52e80f1d7e33da,success,,,ood,0.0,0.008958399994298816,0.716,0.7166599759132879,0.7793336009634686,0.19757675928871646,0.5916228803237601,0.99,0.496,0.276,0.494,0.274,effective_degrees_of_freedom,3.0034791843647968,0.3333333333333333,6.0,3.0034791843647968,,,,,,,,6.0,1.0,0.006652900017797947,0
PHASE1-FAMILY-CAPACITY,PHASE1-FAMILY-CAPACITY-smoke-fef9a5cb6b20,6edc8574714650e68f9d776e0158c1426a12072569942a380e90d277122520ab,LR-L,1d2a1642b5cc9ffeec4e67e117c0a2ab4fd6a563b127af2c2fb9c9262e90d737,logistic_regression,low,0.0,strong,0.0,"{""C"":0.03,""max_iter"":1500,""solver"":""lbfgs""}",0.9,0,4cc72a86ce502469e4acee9f38b856985e49d4a06c6003498959b9287de4c855,success,,,ood,-0.9,0.007071800006087869,0.276,0.2757814127108733,0.21570355180313683,0.41777126080956545,1.1147484443939983,0.99,0.496,0.276,0.494,0.714,effective_degrees_of_freedom,3.0034791843647968,0.3333333333333333,6.0,3.0034791843647968,,,,,,,,6.0,1.0,0.006652900017797947,0
PHASE1-FAMILY-CAPACITY,PHASE1-FAMILY-CAPACITY-smoke-fef9a5cb6b20,23885eaccbdca8672c53033872b497afefd1670602298310ef76f00aefa54d48,LR-M,2f0277ba6749dc50e77a697ebcae33e3932a27b63e857544fc1ec7f72f723bce,logistic_regression,medium,0.5,medium,0.5,"{""C"":1.0,""max_iter"":1500,""solver"":""lbfgs""}",0.9,0,4506bb3673e730a4835d816c4da4e1de31b6d20c601ea84e5205202884404b31,success,,,iid_test,0.9,0.006365400040522218,0.992,0.9919967987194878,0.9990556222488995,0.009629067368133298,0.040902620312594326,0.992,0.48,0.258,0.512,0.0,effective_degrees_of_freedom,4.304566945184333,0.6666666666666666,6.0,4.304566945184333,,,,,,,,10.0,1.0,0.007308000000193715,0
PHASE1-FAMILY-CAPACITY,PHASE1-FAMILY-CAPACITY-smoke-fef9a5cb6b20,23885eaccbdca8672c53033872b497afefd1670602298310ef76f00aefa54d48,LR-M,2f0277ba6749dc50e77a697ebcae33e3932a27b63e857544fc1ec7f72f723bce,logistic_regression,medium,0.5,medium,0.5,"{""C"":1.0,""max_iter"":1500,""solver"":""lbfgs""}",0.9,0,72bc77a1416fab3201446b41bade80982c25dcdca4e9002dd78689290e00efca,success,,,ood,0.0,0.00841549999313429,0.702,0.7032115616218386,0.7726214371738258,0.2448686331498217,1.0288064940472283,0.992,0.48,0.258,0.512,0.29000000000000004,effective_degrees_of_freedom,4.304566945184333,0.6666666666666666,6.0,4.304566945184333,,,,,,,,10.0,1.0,0.007308000000193715,0
PHASE1-FAMILY-CAPACITY,PHASE1-FAMILY-CAPACITY-smoke-fef9a5cb6b20,23885eaccbdca8672c53033872b497afefd1670602298310ef76f00aefa54d48,LR-M,2f0277ba6749dc50e77a697ebcae33e3932a27b63e857544fc1ec7f72f723bce,logistic_regression,medium,0.5,medium,0.5,"{""C"":1.0,""max_iter"":1500,""solver"":""lbfgs""}",0.9,0,d4785280af0cd14caf056ce0a3ecc509bf866527e9e3328a1ac1b9be450e0d7c,success,,,ood,-0.9,0.006642499996814877,0.258,0.25754177413928453,0.195837805796312,0.591014817268214,2.2722782481328685,0.992,0.48,0.258,0.512,0.734,effective_degrees_of_freedom,4.304566945184333,0.6666666666666666,6.0,4.304566945184333,,,,,,,,10.0,1.0,0.007308000000193715,0
PHASE1-FAMILY-CAPACITY,PHASE1-FAMILY-CAPACITY-smoke-fef9a5cb6b20,12e1e10750f6443df4ba57dd1d0342220f56c7a4eaca03c8c09c2911f9df77cd,LR-H,7b1c2ec5fbbfbbdee64cc420019e5c8a9abaac2c5fc3f68515c1e2c1fa714d43,logistic_regression,high,1.0,weak,1.0,"{""C"":30.0,""max_iter"":1500,""solver"":""lbfgs""}",0.9,0,55306afb03454caca94f7abc87b8cc788a5e948ae5509527bfbcc93b2590f286,success,,,iid_test,0.9,0.006243199983146042,0.992,0.9919967987194878,0.9990716286514606,0.008510961636438068,0.037243497962932824,0.992,0.472,0.246,0.52,0.0,effective_degrees_of_freedom,4.8351038957621935,1.0,6.0,4.8351038957621935,,,,,,,,13.0,1.0,0.00741100002778694,0
PHASE1-FAMILY-CAPACITY,PHASE1-FAMILY-CAPACITY-smoke-fef9a5cb6b20,12e1e10750f6443df4ba57dd1d0342220f56c7a4eaca03c8c09c2911f9df77cd,LR-H,7b1c2ec5fbbfbbdee64cc420019e5c8a9abaac2c5fc3f68515c1e2c1fa714d43,logistic_regression,high,1.0,weak,1.0,"{""C"":30.0,""max_iter"":1500,""solver"":""lbfgs""}",0.9,0,c6aa4dac4708985ffcb6bc9b7edab7e5732c2a924f81404510f686294b32599a,success,,,ood,0.0,0.007680499984417111,0.698,0.6996788438378161,0.771304696908872,0.27175279780900097,1.8191891310021182,0.992,0.472,0.246,0.52,0.29400000000000004,effective_degrees_of_freedom,4.8351038957621935,1.0,6.0,4.8351038957621935,,,,,,,,13.0,1.0,0.00741100002778694,0
PHASE1-FAMILY-CAPACITY,PHASE1-FAMILY-CAPACITY-smoke-fef9a5cb6b20,12e1e10750f6443df4ba57dd1d0342220f56c7a4eaca03c8c09c2911f9df77cd,LR-H,7b1c2ec5fbbfbbdee64cc420019e5c8a9abaac2c5fc3f68515c1e2c1fa714d43,logistic_regression,high,1.0,weak,1.0,"{""C"":30.0,""max_iter"":1500,""solver"":""lbfgs""}",0.9,0,7b29cb5d2fbf3b431d924538a403f6015716979f200f96078722db398356bea0,success,,,ood,-0.9,0.006361500010825694,0.246,0.24509364135920153,0.19412358416507794,0.6614726881449483,4.091301350723152,0.992,0.472,0.246,0.52,0.746,effective_degrees_of_freedom,4.8351038957621935,1.0,6.0,4.8351038957621935,,,,,,,,13.0,1.0,0.00741100002778694,0
PHASE1-FAMILY-CAPACITY,PHASE1-FAMILY-CAPACITY-smoke-fef9a5cb6b20,b108e57c64fe55c310f07c6aa52f7067a707d1644060ae39668725b2f45f2c6e,SVM-L,3fbd371b0e2cef95735dd4da149551608834096e78275a14901c17ac75cb096e,rbf_svm,low,0.0,medium,0.5,"{""C"":1.0,""cache_size"":1000,""calibration_cv"":3,""gamma"":0.05}",0.9,0,2e2b67fa81697808d8988a4263bef6e2a6adc0cc2ad53ec113ae486285a1aa0e,success,,,iid_test,0.9,0.019482100033201277,0.988,0.9879951980792316,0.9986714685874349,0.0103418822262052,0.04125183550021273,0.988,0.492,0.282,0.496,0.0,kernel_effective_rank,2.316370234223592,0.3333333333333333,492.0,,2.316370234223592,0.11714285714285715,,,,,,,1.0,0.023204000026453286,0
PHASE1-FAMILY-CAPACITY,PHASE1-FAMILY-CAPACITY-smoke-fef9a5cb6b20,b108e57c64fe55c310f07c6aa52f7067a707d1644060ae39668725b2f45f2c6e,SVM-L,3fbd371b0e2cef95735dd4da149551608834096e78275a14901c17ac75cb096e,rbf_svm,low,0.0,medium,0.5,"{""C"":1.0,""cache_size"":1000,""calibration_cv"":3,""gamma"":0.05}",0.9,0,2dcb1150314b87ffb9034e7c24d64e1b284bc740475ea45ad8a962757848d849,success,,,ood,0.0,0.01546950003830716,0.702,0.7029706945002008,0.7758972300281012,0.25932891129163427,1.2973034534456358,0.988,0.492,0.282,0.496,0.28600000000000003,kernel_effective_rank,2.316370234223592,0.3333333333333333,492.0,,2.316370234223592,0.11714285714285715,,,,,,,1.0,0.023204000026453286,0
PHASE1-FAMILY-CAPACITY,PHASE1-FAMILY-CAPACITY-smoke-fef9a5cb6b20,b108e57c64fe55c310f07c6aa52f7067a707d1644060ae39668725b2f45f2c6e,SVM-L,3fbd371b0e2cef95735dd4da149551608834096e78275a14901c17ac75cb096e,rbf_svm,low,0.0,medium,0.5,"{""C"":1.0,""cache_size"":1000,""calibration_cv"":3,""gamma"":0.05}",0.9,0,a4ce36b7f19a2e8afffb45d8f7a9233be0297016eabca769bda42d5951030348,success,,,ood,-0.9,0.017711899999994785,0.282,0.28085198417148627,0.19554943206395492,0.6231363738293573,2.971599728763744,0.988,0.492,0.282,0.496,0.706,kernel_effective_rank,2.316370234223592,0.3333333333333333,492.0,,2.316370234223592,0.11714285714285715,,,,,,,1.0,0.023204000026453286,0
PHASE1-FAMILY-CAPACITY,PHASE1-FAMILY-CAPACITY-smoke-fef9a5cb6b20,c3f7cf1c73050a432357d7f61aa930d761b917ae298a7835c58a130f9388b024,SVM-M,9db1d2bf313ca7ba2163130db40ea44518e99de2cc5a6c1b05d6c5c600e866d4,rbf_svm,medium,0.5,weak,1.0,"{""C"":10.0,""cache_size"":1000,""calibration_cv"":3,""gamma"":""scale""}",0.9,0,c025d8385ea0dcf0ed733aa481e9871502a74cb018f0e771a6a85b60c6323b00,success,,,iid_test,0.9,0.012552499945741147,0.98,0.9799919967987194,0.9984313725490196,0.014855551500132461,0.05157798990839403,0.98,0.51,0.322,0.47,0.0,kernel_effective_rank,10.099380240007049,0.6666666666666666,306.0,,10.099380240007049,0.07285714285714286,,,,,,,1.0,0.023285300005227327,0
PHASE1-FAMILY-CAPACITY,PHASE1-FAMILY-CAPACITY-smoke-fef9a5cb6b20,c3f7cf1c73050a432357d7f61aa930d761b917ae298a7835c58a130f9388b024,SVM-M,9db1d2bf313ca7ba2163130db40ea44518e99de2cc5a6c1b05d6c5c600e866d4,rbf_svm,medium,0.5,weak,1.0,"{""C"":10.0,""cache_size"":1000,""calibration_cv"":3,""gamma"":""scale""}",0.9,0,be5acdd1a4701dffc7e19ae2f8aadb264ea1d50c408d5338fb045efe630b4de2,success,,,ood,0.0,0.01319369999691844,0.698,0.7001605780810919,0.7733440385387396,0.2645056190449618,1.3515103388001728,0.98,0.51,0.322,0.47,0.28200000000000003,kernel_effective_rank,10.099380240007049,0.6666666666666666,306.0,,10.099380240007049,0.07285714285714286,,,,,,,1.0,0.023285300005227327,0
PHASE1-FAMILY-CAPACITY,PHASE1-FAMILY-CAPACITY-smoke-fef9a5cb6b20,c3f7cf1c73050a432357d7f61aa930d761b917ae298a7835c58a130f9388b024,SVM-M,9db1d2bf313ca7ba2163130db40ea44518e99de2cc5a6c1b05d6c5c600e866d4,rbf_svm,medium,0.5,weak,1.0,"{""C"":10.0,""cache_size"":1000,""calibration_cv"":3,""gamma"":""scale""}",0.9,0,cdcbc515a7e39e4e77684a98c825dbe9acfbb61698248f390e6c31a2bf1090bc,success,,,ood,-0.9,0.011874799965880811,0.322,0.3190294621829891,0.2132844166039187,0.6083267948022136,3.198542720665804,0.98,0.51,0.322,0.47,0.6579999999999999,kernel_effective_rank,10.099380240007049,0.6666666666666666,306.0,,10.099380240007049,0.07285714285714286,,,,,,,1.0,0.023285300005227327,0
PHASE1-FAMILY-CAPACITY,PHASE1-FAMILY-CAPACITY-smoke-fef9a5cb6b20,9421d4bb569b5752652554b900d14310f1f833fe3e4f32d2a1c2f186a6ebc4f8,SVM-H,405d3f89ec540b5d9527e4410c3337cad0e3f8b2cd09be2fa431cfc7a19bc06a,rbf_svm,high,1.0,strong,0.0,"{""C"":0.3,""cache_size"":1000,""calibration_cv"":3,""gamma"":1.0}",0.9,0,9b5424ff2e618747975efa15f0102d79ab9f6c38f086189c72139f0a30815430,success,,,iid_test,0.9,0.04544680000981316,0.986,0.9860344137655062,0.9951020408163265,0.014894050698966314,0.07747771218932448,0.986,0.488,0.27,0.498,0.0,kernel_effective_rank,131.74116058700494,1.0,2316.0,,131.74116058700494,0.5514285714285714,,,,,,,1.0,0.055666100000962615,0
PHASE1-FAMILY-CAPACITY,PHASE1-FAMILY-CAPACITY-smoke-fef9a5cb6b20,9421d4bb569b5752652554b900d14310f1f833fe3e4f32d2a1c2f186a6ebc4f8,SVM-H,405d3f89ec540b5d9527e4410c3337cad0e3f8b2cd09be2fa431cfc7a19bc06a,rbf_svm,high,1.0,strong,0.0,"{""C"":0.3,""cache_size"":1000,""calibration_cv"":3,""gamma"":1.0}",0.9,0,6807c43331bda1a87e66f6a8735a46a60772b44c758dc484bed23803377c0ae5,success,,,ood,0.0,0.04150580003624782,0.706,0.706985146527499,0.7772942593336011,0.25628107546477774,1.315724408786195,0.986,0.488,0.27,0.498,0.28,kernel_effective_rank,131.74116058700494,1.0,2316.0,,131.74116058700494,0.5514285714285714,,,,,,,1.0,0.055666100000962615,0
PHASE1-FAMILY-CAPACITY,PHASE1-FAMILY-CAPACITY-smoke-fef9a5cb6b20,9421d4bb569b5752652554b900d14310f1f833fe3e4f32d2a1c2f186a6ebc4f8,SVM-H,405d3f89ec540b5d9527e4410c3337cad0e3f8b2cd09be2fa431cfc7a19bc06a,rbf_svm,high,1.0,strong,0.0,"{""C"":0.3,""cache_size"":1000,""calibration_cv"":3,""gamma"":1.0}",0.9,0,fdd4d5551871cb2947a4c9997b575a8e83da8545ca981be5049432ad90c13d11,success,,,ood,-0.9,0.04227289999835193,0.27,0.26926897258847465,0.17635655809929668,0.6150403505420212,3.407653791149737,0.986,0.488,0.27,0.498,0.716,kernel_effective_rank,131.74116058700494,1.0,2316.0,,131.74116058700494,0.5514285714285714,,,,,,,1.0,0.055666100000962615,0
PHASE1-FAMILY-CAPACITY,PHASE1-FAMILY-CAPACITY-smoke-fef9a5cb6b20,63d3be9a0e1c7de5250f70175f88c5d788c6aaf62b70c69e711f1a35a3695b8c,RF-L,c0f016366401e1557f071472bcb386b5eb2aff8542b2c2766d492e6f207fd133,random_forest,low,0.0,weak,1.0,"{""max_depth"":4,""max_features"":""sqrt"",""min_samples_leaf"":1,""n_estimators"":200,""n_jobs"":-1}",0.9,0,119d2e1ef4bb411145b3637185959ffb1e3a717a34b0dca41e2bdd3fefe0c04c,success,,,iid_test,0.9,0.18238429998746142,0.974,0.9741896758703481,0.9969907963185274,0.018762606732941996,0.08479514040816756,0.974,0.28300000000000003,0.034,0.691,0.0,tree_total_leaves,2196.0,0.3333333333333333,4192.0,,,,2196.0,4.0,,,,,1.0,0.5385404999833554,0
PHASE1-FAMILY-CAPACITY,PHASE1-FAMILY-CAPACITY-smoke-fef9a5cb6b20,63d3be9a0e1c7de5250f70175f88c5d788c6aaf62b70c69e711f1a35a3695b8c,RF-L,c0f016366401e1557f071472bcb386b5eb2aff8542b2c2766d492e6f207fd133,random_forest,low,0.0,weak,1.0,"{""max_depth"":4,""max_features"":""sqrt"",""min_samples_leaf"":1,""n_estimators"":200,""n_jobs"":-1}",0.9,0,2bd0e1646b06cd24fe9d370fdc2396139df1959e8b763981d03d04d9cb41ddf1,success,,,ood,0.0,0.18570639996323735,0.532,0.5341629867523083,0.718426334805299,0.3188496303455915,0.9042895518477495,0.974,0.28300000000000003,0.034,0.691,0.44199999999999995,tree_total_leaves,2196.0,0.3333333333333333,4192.0,,,,2196.0,4.0,,,,,1.0,0.5385404999833554,0
PHASE1-FAMILY-CAPACITY,PHASE1-FAMILY-CAPACITY-smoke-fef9a5cb6b20,63d3be9a0e1c7de5250f70175f88c5d788c6aaf62b70c69e711f1a35a3695b8c,RF-L,c0f016366401e1557f071472bcb386b5eb2aff8542b2c2766d492e6f207fd133,random_forest,low,0.0,weak,1.0,"{""max_depth"":4,""max_features"":""sqrt"",""min_samples_leaf"":1,""n_estimators"":200,""n_jobs"":-1}",0.9,0,e11d94c569c1a4b1fc44f2d485bb69c0905052e3919c8b34bafed3961c7e84df,success,,,ood,-0.9,0.1532469999510795,0.034,0.033395280283247085,0.02704304778993575,0.6826325077382969,1.8771882556102266,0.974,0.28300000000000003,0.034,0.691,0.94,tree_total_leaves,2196.0,0.3333333333333333,4192.0,,,,2196.0,4.0,,,,,1.0,0.5385404999833554,0
PHASE1-FAMILY-CAPACITY,PHASE1-FAMILY-CAPACITY-smoke-fef9a5cb6b20,fe434513f0dcbafafc8021a2da4e45efad1385a5fb26e7fe4040e93d5d00b456,RF-M,5a017704fedc5eeaa5bfa51b469c2790db92ae9033f8403d454222bd9ca5b60a,random_forest,medium,0.5,strong,0.0,"{""max_depth"":10,""max_features"":""sqrt"",""min_samples_leaf"":10,""n_estimators"":250,""n_jobs"":-1}",0.9,0,444ba533661952450931ec455c3628e62fb233a4bbadf9ba6156dbc4567eb60a,success,,,iid_test,0.9,0.17052200000034645,0.972,0.9722288915566226,0.9973269307723089,0.020134938408191166,0.08617722202398424,0.972,0.272,0.024,0.7,0.0,tree_total_leaves,2625.0,0.6666666666666666,5000.0,,,,2625.0,4.352,,,,,1.0,0.596093500033021,0
PHASE1-FAMILY-CAPACITY,PHASE1-FAMILY-CAPACITY-smoke-fef9a5cb6b20,fe434513f0dcbafafc8021a2da4e45efad1385a5fb26e7fe4040e93d5d00b456,RF-M,5a017704fedc5eeaa5bfa51b469c2790db92ae9033f8403d454222bd9ca5b60a,random_forest,medium,0.5,strong,0.0,"{""max_depth"":10,""max_features"":""sqrt"",""min_samples_leaf"":10,""n_estimators"":250,""n_jobs"":-1}",0.9,0,3f4b621405566d43f49345a03921a65d0b0459f65e061064ba13ba007a572fef,success,,,ood,0.0,0.1550627999822609,0.52,0.5228422320353272,0.7118105178643116,0.3254471493989891,0.9030225923425449,0.972,0.272,0.024,0.7,0.45199999999999996,tree_total_leaves,2625.0,0.6666666666666666,5000.0,,,,2625.0,4.352,,,,,1.0,0.596093500033021,0
PHASE1-FAMILY-CAPACITY,PHASE1-FAMILY-CAPACITY-smoke-fef9a5cb6b20,fe434513f0dcbafafc8021a2da4e45efad1385a5fb26e7fe4040e93d5d00b456,RF-M,5a017704fedc5eeaa5bfa51b469c2790db92ae9033f8403d454222bd9ca5b60a,random_forest,medium,0.5,strong,0.0,"{""max_depth"":10,""max_features"":""sqrt"",""min_samples_leaf"":10,""n_estimators"":250,""n_jobs"":-1}",0.9,0,b7531c2bc7c17268ed6b32d07960db2e8b300d133f4788469c91fde3dd4a83de,success,,,ood,-0.9,0.17014770000241697,0.024,0.0234543968983803,0.02108332398788828,0.6863753428139837,1.8629814883469653,0.972,0.272,0.024,0.7,0.948,tree_total_leaves,2625.0,0.6666666666666666,5000.0,,,,2625.0,4.352,,,,,1.0,0.596093500033021,0
PHASE1-FAMILY-CAPACITY,PHASE1-FAMILY-CAPACITY-smoke-fef9a5cb6b20,da0a73f9c9ea19aacb56e17e428a971785241425ed51ce04c42968427934c466,RF-H,7ff7f8153ba561892eb3cfceb961e6a4c2bf8946870c60775c3bfce39fbaf2f9,random_forest,high,1.0,medium,0.5,"{""max_depth"":null,""max_features"":""sqrt"",""min_samples_leaf"":2,""n_estimators"":300,""n_jobs"":-1}",0.9,0,534d2a1b20cad3b3aef1d25816399ed748d464a3683212809b43b5e7df4c8f24,success,,,iid_test,0.9,0.163380500045605,0.972,0.9722288915566226,0.9972949179671868,0.01792655726734624,0.06812021765786244,0.972,0.28300000000000003,0.032,0.689,0.0,tree_total_leaves,4750.0,1.0,9200.0,,,,4750.0,5.8933333333333335,,,,,1.0,0.7130899999756366,0
PHASE1-FAMILY-CAPACITY,PHASE1-FAMILY-CAPACITY-smoke-fef9a5cb6b20,da0a73f9c9ea19aacb56e17e428a971785241425ed51ce04c42968427934c466,RF-H,7ff7f8153ba561892eb3cfceb961e6a4c2bf8946870c60775c3bfce39fbaf2f9,random_forest,high,1.0,medium,0.5,"{""max_depth"":null,""max_features"":""sqrt"",""min_samples_leaf"":2,""n_estimators"":300,""n_jobs"":-1}",0.9,0,866c8ad55d56e6dbf2c7c2bef390094b27d48d40c3fbead5da69d0caa16d17c8,success,,,ood,0.0,0.1991301000234671,0.534,0.5362906463267765,0.7179044560417502,0.3362604417022655,1.0666113453387447,0.972,0.28300000000000003,0.032,0.689,0.43799999999999994,tree_total_leaves,4750.0,1.0,9200.0,,,,4750.0,5.8933333333333335,,,,,1.0,0.7130899999756366,0
PHASE1-FAMILY-CAPACITY,PHASE1-FAMILY-CAPACITY-smoke-fef9a5cb6b20,da0a73f9c9ea19aacb56e17e428a971785241425ed51ce04c42968427934c466,RF-H,7ff7f8153ba561892eb3cfceb961e6a4c2bf8946870c60775c3bfce39fbaf2f9,random_forest,high,1.0,medium,0.5,"{""max_depth"":null,""max_features"":""sqrt"",""min_samples_leaf"":2,""n_estimators"":300,""n_jobs"":-1}",0.9,0,5b90e699fa2d00c77145838e6e804a6b9ebaa8745963e5c399b5397862d557b7,success,,,ood,-0.9,0.21649429999524727,0.032,0.03146477835274516,0.023902978259824716,0.7348878029960001,2.2563040432268124,0.972,0.28300000000000003,0.032,0.689,0.94,tree_total_leaves,4750.0,1.0,9200.0,,,,4750.0,5.8933333333333335,,,,,1.0,0.7130899999756366,0
PHASE1-FAMILY-CAPACITY,PHASE1-FAMILY-CAPACITY-smoke-fef9a5cb6b20,192827def4c056a6f63749c6f83917a1dad5f49a787b6fcc6cc8ce08b18b7859,HGB-L,67769b8c901577287f7c69e46ea16a110fbcab250556e6c9ee68848fdafe1020,gradient_boosting,low,0.0,strong,0.0,"{""early_stopping"":false,""l2_regularization"":1.0,""learning_rate"":0.08,""max_iter"":100,""max_leaf_nodes"":7}",0.9,0,45f78b19c1a03d35bb89b739c18fdb38e089b6031afd8cf60e9c28dd8e14535d,success,,,iid_test,0.9,0.026675699977204204,0.98,0.9800720288115246,0.997310924369748,0.01572360474271884,0.06340226884811012,0.98,0.322,0.054,0.6579999999999999,0.0,boosting_total_leaves,590.0,0.3333333333333333,1080.0,,,,,,590.0,100.0,,100.0,1.0,0.3955746000283398,0
PHASE1-FAMILY-CAPACITY,PHASE1-FAMILY-CAPACITY-smoke-fef9a5cb6b20,192827def4c056a6f63749c6f83917a1dad5f49a787b6fcc6cc8ce08b18b7859,HGB-L,67769b8c901577287f7c69e46ea16a110fbcab250556e6c9ee68848fdafe1020,gradient_boosting,low,0.0,strong,0.0,"{""early_stopping"":false,""l2_regularization"":1.0,""learning_rate"":0.08,""max_iter"":100,""max_leaf_nodes"":7}",0.9,0,8d524bd731f74194f8ea2b685742d6b97e4163411809a08909b9a2be7ee3101d,success,,,ood,0.0,0.029702600033488125,0.59,0.5912886391007628,0.6663508631071859,0.3905081700651458,1.998536800545763,0.98,0.322,0.054,0.6579999999999999,0.39,boosting_total_leaves,590.0,0.3333333333333333,1080.0,,,,,,590.0,100.0,,100.0,1.0,0.3955746000283398,0
PHASE1-FAMILY-CAPACITY,PHASE1-FAMILY-CAPACITY-smoke-fef9a5cb6b20,192827def4c056a6f63749c6f83917a1dad5f49a787b6fcc6cc8ce08b18b7859,HGB-L,67769b8c901577287f7c69e46ea16a110fbcab250556e6c9ee68848fdafe1020,gradient_boosting,low,0.0,strong,0.0,"{""early_stopping"":false,""l2_regularization"":1.0,""learning_rate"":0.08,""max_iter"":100,""max_leaf_nodes"":7}",0.9,0,0a044e7c764f7553a3c3b1129a3af07523013fb16a58b8328b0faa8a2e4088dc,success,,,ood,-0.9,0.027868499979376793,0.054,0.05370960765151636,0.01230394591390441,0.9143179481138312,4.763082567164713,0.98,0.322,0.054,0.6579999999999999,0.9259999999999999,boosting_total_leaves,590.0,0.3333333333333333,1080.0,,,,,,590.0,100.0,,100.0,1.0,0.3955746000283398,0
PHASE1-FAMILY-CAPACITY,PHASE1-FAMILY-CAPACITY-smoke-fef9a5cb6b20,9fadda0903414af7da9ce4c916788d371968b53df1898e657ed203b59614569c,HGB-M,2d985fd608b45e3358b349990cabdc1f6ba1762a96e3f4ecf6a7596687075e1f,gradient_boosting,medium,0.5,weak,1.0,"{""early_stopping"":false,""l2_regularization"":0.01,""learning_rate"":0.08,""max_iter"":200,""max_leaf_nodes"":31}",0.9,0,3c01304853af4f84bffb4a90dbe93e581e877b82895d76351fd737b5949dc4d6,success,,,iid_test,0.9,0.032392900029662997,0.982,0.98203281312525,0.9979031612645058,0.016237609264684164,0.1039460990117077,0.982,0.32599999999999996,0.062,0.656,0.0,boosting_total_leaves,1585.0,0.6666666666666666,2970.0,,,,,,1585.0,200.0,,200.0,1.0,0.7087528000120074,0
PHASE1-FAMILY-CAPACITY,PHASE1-FAMILY-CAPACITY-smoke-fef9a5cb6b20,9fadda0903414af7da9ce4c916788d371968b53df1898e657ed203b59614569c,HGB-M,2d985fd608b45e3358b349990cabdc1f6ba1762a96e3f4ecf6a7596687075e1f,gradient_boosting,medium,0.5,weak,1.0,"{""early_stopping"":false,""l2_regularization"":0.01,""learning_rate"":0.08,""max_iter"":200,""max_leaf_nodes"":31}",0.9,0,f560cfd95f1cce4e82449f5e72d39a93b60df6577b05848116caee9df737723d,success,,,ood,0.0,0.044675800018012524,0.59,0.5920112404656764,0.69442794058611,0.39615889240837465,3.465131422447197,0.982,0.32599999999999996,0.062,0.656,0.392,boosting_total_leaves,1585.0,0.6666666666666666,2970.0,,,,,,1585.0,200.0,,200.0,1.0,0.7087528000120074,0
PHASE1-FAMILY-CAPACITY,PHASE1-FAMILY-CAPACITY-smoke-fef9a5cb6b20,9fadda0903414af7da9ce4c916788d371968b53df1898e657ed203b59614569c,HGB-M,2d985fd608b45e3358b349990cabdc1f6ba1762a96e3f4ecf6a7596687075e1f,gradient_boosting,medium,0.5,weak,1.0,"{""early_stopping"":false,""l2_regularization"":0.01,""learning_rate"":0.08,""max_iter"":200,""max_leaf_nodes"":31}",0.9,0,6b16ebd3d00be894c98d9f512b82470a989d084c71bc10b37f18eb1edc67f153,success,,,ood,-0.9,0.03234979999251664,0.062,0.06128742850734552,0.02827664653390792,0.9262654470684534,8.405584911590791,0.982,0.32599999999999996,0.062,0.656,0.9199999999999999,boosting_total_leaves,1585.0,0.6666666666666666,2970.0,,,,,,1585.0,200.0,,200.0,1.0,0.7087528000120074,0
PHASE1-FAMILY-CAPACITY,PHASE1-FAMILY-CAPACITY-smoke-fef9a5cb6b20,9e36c5cecc1fc71cdf3c9b9e9236836df31029bbe514c45d9b18eb8579471d14,HGB-H,e48f60055c364417c78405d739a17860d6e752f2fc096ea1f14f2b30f76dde1e,gradient_boosting,high,1.0,medium,0.5,"{""early_stopping"":false,""l2_regularization"":0.1,""learning_rate"":0.05,""max_iter"":300,""max_leaf_nodes"":63}",0.9,0,4d0ad8c0b993f6960b156e04194ec6c0bcd23019acfcbee1f82690a699a704ff,success,,,iid_test,0.9,0.06940249999752268,0.98,0.9800720288115246,0.9977430972388955,0.017318065256520222,0.09391038206583124,0.98,0.32199999999999995,0.06,0.658,0.0,boosting_total_leaves,2171.0,1.0,4042.0,,,,,,2171.0,300.0,,300.0,1.0,0.8311087000183761,0
PHASE1-FAMILY-CAPACITY,PHASE1-FAMILY-CAPACITY-smoke-fef9a5cb6b20,9e36c5cecc1fc71cdf3c9b9e9236836df31029bbe514c45d9b18eb8579471d14,HGB-H,e48f60055c364417c78405d739a17860d6e752f2fc096ea1f14f2b30f76dde1e,gradient_boosting,high,1.0,medium,0.5,"{""early_stopping"":false,""l2_regularization"":0.1,""learning_rate"":0.05,""max_iter"":300,""max_leaf_nodes"":63}",0.9,0,9387069870f00b9f07e2fb38cbf122304058e6ab0c78eb78c0791149df37ce65,success,,,ood,0.0,0.10000139998737723,0.584,0.5863508631071859,0.6816860698514652,0.39944386383649394,2.9447042703814854,0.98,0.32199999999999995,0.06,0.658,0.396,boosting_total_leaves,2171.0,1.0,4042.0,,,,,,2171.0,300.0,,300.0,1.0,0.8311087000183761,0
PHASE1-FAMILY-CAPACITY,PHASE1-FAMILY-CAPACITY-smoke-fef9a5cb6b20,9e36c5cecc1fc71cdf3c9b9e9236836df31029bbe514c45d9b18eb8579471d14,HGB-H,e48f60055c364417c78405d739a17860d6e752f2fc096ea1f14f2b30f76dde1e,gradient_boosting,high,1.0,medium,0.5,"{""early_stopping"":false,""l2_regularization"":0.1,""learning_rate"":0.05,""max_iter"":300,""max_leaf_nodes"":63}",0.9,0,7005ef0af28548d0fe9d3b18b9200535c5935f124705756332cf8e270022fde4,success,,,ood,-0.9,0.06784920004429296,0.06,0.05935692657684359,0.024623912590717546,0.9261565756418156,7.001307960670768,0.98,0.32199999999999995,0.06,0.658,0.9199999999999999,boosting_total_leaves,2171.0,1.0,4042.0,,,,,,2171.0,300.0,,300.0,1.0,0.8311087000183761,0
PHASE1-FAMILY-CAPACITY,PHASE1-FAMILY-CAPACITY-smoke-fef9a5cb6b20,684de1e151a1dc4ca816d7084f253161e4118a537d73c8ae9294870fb31d11f9,MLP-L,cf054be6f8198498238d75783b4261fc719b2300545c3ec57821015192487ce8,mlp,low,0.0,weak,1.0,"{""alpha"":0.0001,""early_stopping"":true,""hidden_layer_sizes"":[16],""learning_rate_init"":0.001,""max_iter"":250}",0.9,0,7e8f7cbde96167d0e26904c2ec71e2150573dcfe4a98a5d5e8269ab5bd6b85ea,success,,,iid_test,0.9,0.01802960003260523,0.952,0.9522208883553421,0.9937414965986395,0.08710067533613872,0.3245947601968077,0.952,0.591,0.462,0.361,0.0,mlp_parameter_count,113.0,0.3333333333333333,113.0,,,,,,,,113.0,50.0,1.0,0.22322770004393533,0
PHASE1-FAMILY-CAPACITY,PHASE1-FAMILY-CAPACITY-smoke-fef9a5cb6b20,684de1e151a1dc4ca816d7084f253161e4118a537d73c8ae9294870fb31d11f9,MLP-L,cf054be6f8198498238d75783b4261fc719b2300545c3ec57821015192487ce8,mlp,low,0.0,weak,1.0,"{""alpha"":0.0001,""early_stopping"":true,""hidden_layer_sizes"":[16],""learning_rate_init"":0.001,""max_iter"":250}",0.9,0,2d77c89bd4e32996be238aa337dbc6873a874fef3f3360ae89c7bcefbc64783f,success,,,ood,0.0,0.014008999976795167,0.72,0.720915295062224,0.8158169409875552,0.1795122031494123,0.5343342611783951,0.952,0.591,0.462,0.361,0.23199999999999998,mlp_parameter_count,113.0,0.3333333333333333,113.0,,,,,,,,113.0,50.0,1.0,0.22322770004393533,0
PHASE1-FAMILY-CAPACITY,PHASE1-FAMILY-CAPACITY-smoke-fef9a5cb6b20,684de1e151a1dc4ca816d7084f253161e4118a537d73c8ae9294870fb31d11f9,MLP-L,cf054be6f8198498238d75783b4261fc719b2300545c3ec57821015192487ce8,mlp,low,0.0,weak,1.0,"{""alpha"":0.0001,""early_stopping"":true,""hidden_layer_sizes"":[16],""learning_rate_init"":0.001,""max_iter"":250}",0.9,0,1ecea9ae959050d18959334551058a1f90b0a186fbbf055cf83e46746a86ad5b,success,,,ood,-0.9,0.015163299976848066,0.462,0.4619506880917669,0.46251942517502687,0.2814390195731138,0.7618211929523108,0.952,0.591,0.462,0.361,0.48999999999999994,mlp_parameter_count,113.0,0.3333333333333333,113.0,,,,,,,,113.0,50.0,1.0,0.22322770004393533,0
PHASE1-FAMILY-CAPACITY,PHASE1-FAMILY-CAPACITY-smoke-fef9a5cb6b20,a39038626060f45cf6902ca78e7a3fb59f4e145538802bc5ce142d55035389de,MLP-M,22caf9c6783beb7ef5313eeda008a6c74091af4d4ec3b2f9a80c796f31fc80c5,mlp,medium,0.5,medium,0.5,"{""alpha"":0.001,""early_stopping"":true,""hidden_layer_sizes"":[64,64],""learning_rate_init"":0.001,""max_iter"":300}",0.9,0,e66bb379bc05091d4c78dd0ee0d982ad52e2f17b6dbf45a53d63b6a6ae9e53b2,success,,,iid_test,0.9,0.021308099967427552,0.984,0.9841536614645858,0.9974389755902361,0.03917287517342657,0.1869367535833714,0.984,0.459,0.238,0.5249999999999999,0.0,mlp_parameter_count,4609.0,0.6666666666666666,4609.0,,,,,,,,4609.0,21.0,1.0,0.17515099997399375,0
PHASE1-FAMILY-CAPACITY,PHASE1-FAMILY-CAPACITY-smoke-fef9a5cb6b20,a39038626060f45cf6902ca78e7a3fb59f4e145538802bc5ce142d55035389de,MLP-M,22caf9c6783beb7ef5313eeda008a6c74091af4d4ec3b2f9a80c796f31fc80c5,mlp,medium,0.5,medium,0.5,"{""alpha"":0.001,""early_stopping"":true,""hidden_layer_sizes"":[64,64],""learning_rate_init"":0.001,""max_iter"":300}",0.9,0,9c7aaf7047a336e9063023846be27963053d227e0d730ce3f29546974b272522,success,,,ood,0.0,0.028986799996346235,0.68,0.6841429144921718,0.7464953833801686,0.21907627121399195,0.6415363999350137,0.984,0.459,0.238,0.5249999999999999,0.30399999999999994,mlp_parameter_count,4609.0,0.6666666666666666,4609.0,,,,,,,,4609.0,21.0,1.0,0.17515099997399375,0
PHASE1-FAMILY-CAPACITY,PHASE1-FAMILY-CAPACITY-smoke-fef9a5cb6b20,a39038626060f45cf6902ca78e7a3fb59f4e145538802bc5ce142d55035389de,MLP-M,22caf9c6783beb7ef5313eeda008a6c74091af4d4ec3b2f9a80c796f31fc80c5,mlp,medium,0.5,medium,0.5,"{""alpha"":0.001,""early_stopping"":true,""hidden_layer_sizes"":[64,64],""learning_rate_init"":0.001,""max_iter"":300}",0.9,0,0445a5a3a7e0943ef1ce2240fbcbe495c5a54f0220fdf378812845cb4d822074,success,,,ood,-0.9,0.029166399966925383,0.238,0.23261346705330108,0.14244060302151587,0.4434307837865912,1.1764219756587169,0.984,0.459,0.238,0.5249999999999999,0.746,mlp_parameter_count,4609.0,0.6666666666666666,4609.0,,,,,,,,4609.0,21.0,1.0,0.17515099997399375,0
PHASE1-FAMILY-CAPACITY,PHASE1-FAMILY-CAPACITY-smoke-fef9a5cb6b20,b1d7d2b8a410ddd0b07d84e61661d4e609e3c55df026190907270e1119838e07,MLP-H,5d197816eeb622fc60ae6d2ceb820addf08e9a7cafa95fd016fcc47c1733d867,mlp,high,1.0,strong,0.0,"{""alpha"":0.01,""early_stopping"":true,""hidden_layer_sizes"":[128,128,64],""learning_rate_init"":0.001,""max_iter"":350}",0.9,0,36137ef3db0b8d0cb41f7e6e4c1d81a0cd377c63dc4a807358defc4bf70ec739,success,,,iid_test,0.9,0.01667109999107197,0.982,0.9817126850740296,0.9991836734693877,0.08281066590014961,0.32378327235363574,0.982,0.527,0.318,0.45499999999999996,0.0,mlp_parameter_count,25601.0,1.0,25601.0,,,,,,,,25601.0,15.0,1.0,0.307156800001394,0
PHASE1-FAMILY-CAPACITY,PHASE1-FAMILY-CAPACITY-smoke-fef9a5cb6b20,b1d7d2b8a410ddd0b07d84e61661d4e609e3c55df026190907270e1119838e07,MLP-H,5d197816eeb622fc60ae6d2ceb820addf08e9a7cafa95fd016fcc47c1733d867,mlp,high,1.0,strong,0.0,"{""alpha"":0.01,""early_stopping"":true,""hidden_layer_sizes"":[128,128,64],""learning_rate_init"":0.001,""max_iter"":350}",0.9,0,6a3cabe1a0d70c8081a84fe988b5db2fd0bcc6a7bc0504aa661dfa23708b5874,success,,,ood,0.0,0.015171999984886497,0.736,0.7319148936170212,0.7982818145323163,0.18786931586271044,0.5594693989968391,0.982,0.527,0.318,0.45499999999999996,0.246,mlp_parameter_count,25601.0,1.0,25601.0,,,,,,,,25601.0,15.0,1.0,0.307156800001394,0
PHASE1-FAMILY-CAPACITY,PHASE1-FAMILY-CAPACITY-smoke-fef9a5cb6b20,b1d7d2b8a410ddd0b07d84e61661d4e609e3c55df026190907270e1119838e07,MLP-H,5d197816eeb622fc60ae6d2ceb820addf08e9a7cafa95fd016fcc47c1733d867,mlp,high,1.0,strong,0.0,"{""alpha"":0.01,""early_stopping"":true,""hidden_layer_sizes"":[128,128,64],""learning_rate_init"":0.001,""max_iter"":350}",0.9,0,a95dee7316ccc3bee8001f88292bcb032a85edaf7b82992ab76d5a05760b97af,success,,,ood,-0.9,0.01590790000045672,0.318,0.32295454909562793,0.2762940771239526,0.32238701676568937,0.8503635935720469,0.982,0.527,0.318,0.45499999999999996,0.6639999999999999,mlp_parameter_count,25601.0,1.0,25601.0,,,,,,,,25601.0,15.0,1.0,0.307156800001394,0
