experiment_id,run_id,fit_id,config_id,config_hash,family,capacity_tier,capacity_tier_score,regularization_tier,regularization_flexibility_score,hyperparameters_json,rho_train,seed,status,failure_type,failure_message,fit_seconds,warning_count,warning_messages,validation_accuracy,validation_balanced_accuracy,validation_roc_auc,validation_brier_score,validation_log_loss,capacity_proxy_name,learned_capacity_primary,structural_parameter_count,effective_degrees_of_freedom,kernel_effective_rank,support_vector_fraction,tree_total_leaves,tree_mean_depth,boosting_total_leaves,boosting_iterations,mlp_parameter_count,optimization_iterations,converged,fitted_kernel_gamma,empirical_capacity_index
PHASE1-FAMILY-CAPACITY,PHASE1-FAMILY-CAPACITY-smoke-fef9a5cb6b20,4ac6f3b3855c965302698bc1332802bf96f734542a9fce1537f963cd8420a9fa,LR-L,1d2a1642b5cc9ffeec4e67e117c0a2ab4fd6a563b127af2c2fb9c9262e90d737,logistic_regression,low,0.0,strong,0.0,"{""C"":0.03,""max_iter"":1500,""solver"":""lbfgs""}",0.0,0,success,,,0.02845120005076751,0,,0.9314285714285714,0.931474914630943,0.983615707906488,0.08110207399378323,0.29331018429318284,effective_degrees_of_freedom,3.6616015918078926,6.0,3.6616015918078926,,,,,,,,6.0,1.0,,0.3333333333333333
PHASE1-FAMILY-CAPACITY,PHASE1-FAMILY-CAPACITY-smoke-fef9a5cb6b20,8373c5a267d3091d35ca82c03c71f38e28e4efdd04cbe1672a1226fb42251343,LR-M,2f0277ba6749dc50e77a697ebcae33e3932a27b63e857544fc1ec7f72f723bce,logistic_regression,medium,0.5,medium,0.5,"{""C"":1.0,""max_iter"":1500,""solver"":""lbfgs""}",0.0,0,success,,,0.007837900018785149,0,,0.9314285714285714,0.9310480693459418,0.9831560283687943,0.053346907140216025,0.1775641031208702,effective_degrees_of_freedom,4.784703280586709,6.0,4.784703280586709,,,,,,,,10.0,1.0,,0.6666666666666666
PHASE1-FAMILY-CAPACITY,PHASE1-FAMILY-CAPACITY-smoke-fef9a5cb6b20,c3f0f24fe589750fcb2bd14d6e8b28a7c2315e6deea0719278c4255ccd3edc78,LR-H,7b1c2ec5fbbfbbdee64cc420019e5c8a9abaac2c5fc3f68515c1e2c1fa714d43,logistic_regression,high,1.0,weak,1.0,"{""C"":30.0,""max_iter"":1500,""solver"":""lbfgs""}",0.0,0,success,,,0.006427299987990409,0,,0.9314285714285714,0.9310480693459418,0.9830246913580247,0.05221134637304841,0.17046463986737825,effective_degrees_of_freedom,4.988371416562031,6.0,4.988371416562031,,,,,,,,10.0,1.0,,1.0
PHASE1-FAMILY-CAPACITY,PHASE1-FAMILY-CAPACITY-smoke-fef9a5cb6b20,9e5fb0989ec7eacbffd7ad39f46ebd9f45ebb8a90d98d2e182e043d43c6c569a,SVM-L,3fbd371b0e2cef95735dd4da149551608834096e78275a14901c17ac75cb096e,rbf_svm,low,0.0,medium,0.5,"{""C"":1.0,""cache_size"":1000,""calibration_cv"":3,""gamma"":0.05}",0.0,0,success,,,0.03277649998199195,0,,0.9285714285714286,0.9279616495928553,0.9822038350407145,0.05402161470631244,0.1726491949691322,kernel_effective_rank,2.3376769287450934,1494.0,,2.3376769287450934,0.3557142857142857,,,,,,,1.0,0.05,0.3333333333333333
PHASE1-FAMILY-CAPACITY,PHASE1-FAMILY-CAPACITY-smoke-fef9a5cb6b20,954e9b1966e2a266b6c3641f13cc409e7c85bdf8e3b1d18114fd464cec52a32b,SVM-M,9db1d2bf313ca7ba2163130db40ea44518e99de2cc5a6c1b05d6c5c600e866d4,rbf_svm,medium,0.5,weak,1.0,"{""C"":10.0,""cache_size"":1000,""calibration_cv"":3,""gamma"":""scale""}",0.0,0,success,,,0.03671209997264668,0,,0.9171428571428571,0.9168965064355135,0.9786577357499343,0.05918146692673464,0.19355129261162785,kernel_effective_rank,11.129915990335663,1116.0,,11.129915990335663,0.26571428571428574,,,,,,,1.0,0.2,0.6666666666666666
PHASE1-FAMILY-CAPACITY,PHASE1-FAMILY-CAPACITY-smoke-fef9a5cb6b20,6609457c1ad3ebe9100e2d40bc97a1c64b9e9009a1c6f0dcdb0af4262a316f4d,SVM-H,405d3f89ec540b5d9527e4410c3337cad0e3f8b2cd09be2fa431cfc7a19bc06a,rbf_svm,high,1.0,strong,0.0,"{""C"":0.3,""cache_size"":1000,""calibration_cv"":3,""gamma"":1.0}",0.0,0,success,,,0.050167999987024814,0,,0.9085714285714286,0.9097714736012608,0.970449172576832,0.06732682839860896,0.22517987565962447,kernel_effective_rank,173.50483178364516,3300.0,,173.50483178364516,0.7857142857142857,,,,,,,1.0,1.0,1.0
PHASE1-FAMILY-CAPACITY,PHASE1-FAMILY-CAPACITY-smoke-fef9a5cb6b20,e4d35367e5ec1c97b9c061bd6e212092cf33e0324e69a10f92e671d55e802cfc,RF-L,c0f016366401e1557f071472bcb386b5eb2aff8542b2c2766d492e6f207fd133,random_forest,low,0.0,weak,1.0,"{""max_depth"":4,""max_features"":""sqrt"",""min_samples_leaf"":1,""n_estimators"":200,""n_jobs"":-1}",0.0,0,success,,,0.36406309995800257,0,,0.8742857142857143,0.8765760441292356,0.9579721565537168,0.09655527473164394,0.33070516989645343,tree_total_leaves,2913.0,5626.0,,,,2913.0,4.0,,,,,1.0,,0.3333333333333333
PHASE1-FAMILY-CAPACITY,PHASE1-FAMILY-CAPACITY-smoke-fef9a5cb6b20,db0088b8d6c9ca5892faeecde69ac5f7f6d1393aaa62043f5c21e75e852652ce,RF-M,5a017704fedc5eeaa5bfa51b469c2790db92ae9033f8403d454222bd9ca5b60a,random_forest,medium,0.5,strong,0.0,"{""max_depth"":10,""max_features"":""sqrt"",""min_samples_leaf"":10,""n_estimators"":250,""n_jobs"":-1}",0.0,0,success,,,0.6211987999849953,0,,0.8857142857142857,0.8872143420015761,0.9604018912529552,0.08727405131780151,0.2914703373627457,tree_total_leaves,6377.0,12504.0,,,,6377.0,7.16,,,,,1.0,,0.6666666666666666
PHASE1-FAMILY-CAPACITY,PHASE1-FAMILY-CAPACITY-smoke-fef9a5cb6b20,892a6bd6d27e7f4dd3467461da4145e2d6e6c3e579242adac1f93e8f5ea4d0e6,RF-H,7ff7f8153ba561892eb3cfceb961e6a4c2bf8946870c60775c3bfce39fbaf2f9,random_forest,high,1.0,medium,0.5,"{""max_depth"":null,""max_features"":""sqrt"",""min_samples_leaf"":2,""n_estimators"":300,""n_jobs"":-1}",0.0,0,success,,,0.7049885000451468,0,,0.9028571428571428,0.9031717888100868,0.9664433937483582,0.07571142498843218,0.2531366351847641,tree_total_leaves,17944.0,35588.0,,,,17944.0,10.626666666666667,,,,,1.0,,1.0
PHASE1-FAMILY-CAPACITY,PHASE1-FAMILY-CAPACITY-smoke-fef9a5cb6b20,66ecd613b378089eac04a3666df3435be322a6d0956676a8f4b8b1301c676761,HGB-L,67769b8c901577287f7c69e46ea16a110fbcab250556e6c9ee68848fdafe1020,gradient_boosting,low,0.0,strong,0.0,"{""early_stopping"":false,""l2_regularization"":1.0,""learning_rate"":0.08,""max_iter"":100,""max_leaf_nodes"":7}",0.0,0,success,,,1.2055571000091732,1,"Could not find the number of physical cores for the following reason:
[WinError 2] 系统找不到指定的文件。
Returning the number of logical cores instead. You can silence this warning by setting LOKY_MAX_CPU_COUNT to the number of cores you want to use.",0.9057142857142857,0.9062582085631731,0.9735027580772261,0.0654876174349928,0.21134641117049352,boosting_total_leaves,700.0,1300.0,,,,,,700.0,100.0,,100.0,1.0,,0.3333333333333333
PHASE1-FAMILY-CAPACITY,PHASE1-FAMILY-CAPACITY-smoke-fef9a5cb6b20,535174b4e6edb08549c26f1d9ddf89f7243cc4aa9b9cd2bcfa90fd01bcd8c782,HGB-M,2d985fd608b45e3358b349990cabdc1f6ba1762a96e3f4ecf6a7596687075e1f,gradient_boosting,medium,0.5,weak,1.0,"{""early_stopping"":false,""l2_regularization"":0.01,""learning_rate"":0.08,""max_iter"":200,""max_leaf_nodes"":31}",0.0,0,success,,,2.325780799961649,0,,0.8885714285714286,0.8877396900446546,0.9641778303125821,0.09034679914914374,0.3544016030499887,boosting_total_leaves,4832.0,9464.0,,,,,,4832.0,200.0,,200.0,1.0,,0.6666666666666666
PHASE1-FAMILY-CAPACITY,PHASE1-FAMILY-CAPACITY-smoke-fef9a5cb6b20,57f5e93139ef41e487160b0ce661a6cea45fb183f0530facdf109d47dead617f,HGB-H,e48f60055c364417c78405d739a17860d6e752f2fc096ea1f14f2b30f76dde1e,gradient_boosting,high,1.0,medium,0.5,"{""early_stopping"":false,""l2_regularization"":0.1,""learning_rate"":0.05,""max_iter"":300,""max_leaf_nodes"":63}",0.0,0,success,,,1.7808420999790542,0,,0.8914285714285715,0.8903992645127397,0.9668702390333596,0.0840959241335693,0.302406380350271,boosting_total_leaves,6837.0,13374.0,,,,,,6837.0,300.0,,300.0,1.0,,1.0
PHASE1-FAMILY-CAPACITY,PHASE1-FAMILY-CAPACITY-smoke-fef9a5cb6b20,778f57d7f83d2c9f086b84f67ea8e120d8ae65f95a570bef6b43fc3a7bccacca,MLP-L,cf054be6f8198498238d75783b4261fc719b2300545c3ec57821015192487ce8,mlp,low,0.0,weak,1.0,"{""alpha"":0.0001,""early_stopping"":true,""hidden_layer_sizes"":[16],""learning_rate_init"":0.001,""max_iter"":250}",0.0,0,success,,,0.2505551999784075,0,,0.8942857142857142,0.8939125295508275,0.963455476753349,0.0929451117384383,0.32193827150757676,mlp_parameter_count,113.0,113.0,,,,,,,,113.0,81.0,1.0,,0.3333333333333333
PHASE1-FAMILY-CAPACITY,PHASE1-FAMILY-CAPACITY-smoke-fef9a5cb6b20,149f03370703e31d1151337722b5026927cc7ed839007ec02d90019e7ecf7628,MLP-M,22caf9c6783beb7ef5313eeda008a6c74091af4d4ec3b2f9a80c796f31fc80c5,mlp,medium,0.5,medium,0.5,"{""alpha"":0.001,""early_stopping"":true,""hidden_layer_sizes"":[64,64],""learning_rate_init"":0.001,""max_iter"":300}",0.0,0,success,,,0.09561000001849607,0,,0.9028571428571428,0.9057328605200945,0.9741922773837667,0.13390641216763888,0.4416942557996236,mlp_parameter_count,4609.0,4609.0,,,,,,,,4609.0,18.0,1.0,,0.6666666666666666
PHASE1-FAMILY-CAPACITY,PHASE1-FAMILY-CAPACITY-smoke-fef9a5cb6b20,cc3f8bf9b4787c40ce3ed63b494c8660d7fe2e253494e9fd12c1f567a3f35c60,MLP-H,5d197816eeb622fc60ae6d2ceb820addf08e9a7cafa95fd016fcc47c1733d867,mlp,high,1.0,strong,0.0,"{""alpha"":0.01,""early_stopping"":true,""hidden_layer_sizes"":[128,128,64],""learning_rate_init"":0.001,""max_iter"":350}",0.0,0,success,,,0.23822169995401055,0,,0.92,0.9208366167586026,0.9803651168899395,0.06839127680216749,0.24737872525400248,mlp_parameter_count,25601.0,25601.0,,,,,,,,25601.0,18.0,1.0,,1.0
PHASE1-FAMILY-CAPACITY,PHASE1-FAMILY-CAPACITY-smoke-fef9a5cb6b20,6edc8574714650e68f9d776e0158c1426a12072569942a380e90d277122520ab,LR-L,1d2a1642b5cc9ffeec4e67e117c0a2ab4fd6a563b127af2c2fb9c9262e90d737,logistic_regression,low,0.0,strong,0.0,"{""C"":0.03,""max_iter"":1500,""solver"":""lbfgs""}",0.9,0,success,,,0.006652900017797947,0,,1.0,1.0,1.0,0.022172520705119488,0.13021461229512554,effective_degrees_of_freedom,3.0034791843647968,6.0,3.0034791843647968,,,,,,,,6.0,1.0,,0.3333333333333333
PHASE1-FAMILY-CAPACITY,PHASE1-FAMILY-CAPACITY-smoke-fef9a5cb6b20,23885eaccbdca8672c53033872b497afefd1670602298310ef76f00aefa54d48,LR-M,2f0277ba6749dc50e77a697ebcae33e3932a27b63e857544fc1ec7f72f723bce,logistic_regression,medium,0.5,medium,0.5,"{""C"":1.0,""max_iter"":1500,""solver"":""lbfgs""}",0.9,0,success,,,0.007308000000193715,0,,1.0,1.0,1.0,0.0038452947923429993,0.022573690693658964,effective_degrees_of_freedom,4.304566945184333,6.0,4.304566945184333,,,,,,,,10.0,1.0,,0.6666666666666666
PHASE1-FAMILY-CAPACITY,PHASE1-FAMILY-CAPACITY-smoke-fef9a5cb6b20,12e1e10750f6443df4ba57dd1d0342220f56c7a4eaca03c8c09c2911f9df77cd,LR-H,7b1c2ec5fbbfbbdee64cc420019e5c8a9abaac2c5fc3f68515c1e2c1fa714d43,logistic_regression,high,1.0,weak,1.0,"{""C"":30.0,""max_iter"":1500,""solver"":""lbfgs""}",0.9,0,success,,,0.00741100002778694,0,,1.0,1.0,1.0,0.0021440709642183368,0.009670621239524592,effective_degrees_of_freedom,4.8351038957621935,6.0,4.8351038957621935,,,,,,,,13.0,1.0,,1.0
PHASE1-FAMILY-CAPACITY,PHASE1-FAMILY-CAPACITY-smoke-fef9a5cb6b20,b108e57c64fe55c310f07c6aa52f7067a707d1644060ae39668725b2f45f2c6e,SVM-L,3fbd371b0e2cef95735dd4da149551608834096e78275a14901c17ac75cb096e,rbf_svm,low,0.0,medium,0.5,"{""C"":1.0,""cache_size"":1000,""calibration_cv"":3,""gamma"":0.05}",0.9,0,success,,,0.023204000026453286,0,,1.0,1.0,1.0,0.0020739467656800356,0.011600386843991364,kernel_effective_rank,2.316370234223592,492.0,,2.316370234223592,0.11714285714285715,,,,,,,1.0,0.05,0.3333333333333333
PHASE1-FAMILY-CAPACITY,PHASE1-FAMILY-CAPACITY-smoke-fef9a5cb6b20,c3f7cf1c73050a432357d7f61aa930d761b917ae298a7835c58a130f9388b024,SVM-M,9db1d2bf313ca7ba2163130db40ea44518e99de2cc5a6c1b05d6c5c600e866d4,rbf_svm,medium,0.5,weak,1.0,"{""C"":10.0,""cache_size"":1000,""calibration_cv"":3,""gamma"":""scale""}",0.9,0,success,,,0.023285300005227327,0,,0.9971428571428571,0.9969135802469136,0.9999671657473076,0.0037761992530758485,0.01563541086596552,kernel_effective_rank,10.099380240007049,306.0,,10.099380240007049,0.07285714285714286,,,,,,,1.0,0.2,0.6666666666666666
PHASE1-FAMILY-CAPACITY,PHASE1-FAMILY-CAPACITY-smoke-fef9a5cb6b20,9421d4bb569b5752652554b900d14310f1f833fe3e4f32d2a1c2f186a6ebc4f8,SVM-H,405d3f89ec540b5d9527e4410c3337cad0e3f8b2cd09be2fa431cfc7a19bc06a,rbf_svm,high,1.0,strong,0.0,"{""C"":0.3,""cache_size"":1000,""calibration_cv"":3,""gamma"":1.0}",0.9,0,success,,,0.055666100000962615,0,,1.0,1.0,1.0,0.0041387800990982685,0.018846472230819367,kernel_effective_rank,131.74116058700494,2316.0,,131.74116058700494,0.5514285714285714,,,,,,,1.0,1.0,1.0
PHASE1-FAMILY-CAPACITY,PHASE1-FAMILY-CAPACITY-smoke-fef9a5cb6b20,63d3be9a0e1c7de5250f70175f88c5d788c6aaf62b70c69e711f1a35a3695b8c,RF-L,c0f016366401e1557f071472bcb386b5eb2aff8542b2c2766d492e6f207fd133,random_forest,low,0.0,weak,1.0,"{""max_depth"":4,""max_features"":""sqrt"",""min_samples_leaf"":1,""n_estimators"":200,""n_jobs"":-1}",0.9,0,success,,,0.5385404999833554,0,,0.9914285714285714,0.9920212765957447,0.9997701602311531,0.008284260621844857,0.054330504211415435,tree_total_leaves,2196.0,4192.0,,,,2196.0,4.0,,,,,1.0,,0.3333333333333333
PHASE1-FAMILY-CAPACITY,PHASE1-FAMILY-CAPACITY-smoke-fef9a5cb6b20,fe434513f0dcbafafc8021a2da4e45efad1385a5fb26e7fe4040e93d5d00b456,RF-M,5a017704fedc5eeaa5bfa51b469c2790db92ae9033f8403d454222bd9ca5b60a,random_forest,medium,0.5,strong,0.0,"{""max_depth"":10,""max_features"":""sqrt"",""min_samples_leaf"":10,""n_estimators"":250,""n_jobs"":-1}",0.9,0,success,,,0.596093500033021,0,,0.9914285714285714,0.9920212765957447,0.9996388232203836,0.009116006328992286,0.05518997545629854,tree_total_leaves,2625.0,5000.0,,,,2625.0,4.352,,,,,1.0,,0.6666666666666666
PHASE1-FAMILY-CAPACITY,PHASE1-FAMILY-CAPACITY-smoke-fef9a5cb6b20,da0a73f9c9ea19aacb56e17e428a971785241425ed51ce04c42968427934c466,RF-H,7ff7f8153ba561892eb3cfceb961e6a4c2bf8946870c60775c3bfce39fbaf2f9,random_forest,high,1.0,medium,0.5,"{""max_depth"":null,""max_features"":""sqrt"",""min_samples_leaf"":2,""n_estimators"":300,""n_jobs"":-1}",0.9,0,success,,,0.7130899999756366,0,,0.9914285714285714,0.9920212765957447,0.9997373259784607,0.007289287614773422,0.035964161943204856,tree_total_leaves,4750.0,9200.0,,,,4750.0,5.8933333333333335,,,,,1.0,,1.0
PHASE1-FAMILY-CAPACITY,PHASE1-FAMILY-CAPACITY-smoke-fef9a5cb6b20,192827def4c056a6f63749c6f83917a1dad5f49a787b6fcc6cc8ce08b18b7859,HGB-L,67769b8c901577287f7c69e46ea16a110fbcab250556e6c9ee68848fdafe1020,gradient_boosting,low,0.0,strong,0.0,"{""early_stopping"":false,""l2_regularization"":1.0,""learning_rate"":0.08,""max_iter"":100,""max_leaf_nodes"":7}",0.9,0,success,,,0.3955746000283398,0,,0.9914285714285714,0.9920212765957447,0.9993104806934594,0.00532901210093222,0.026483397592260087,boosting_total_leaves,590.0,1080.0,,,,,,590.0,100.0,,100.0,1.0,,0.3333333333333333
PHASE1-FAMILY-CAPACITY,PHASE1-FAMILY-CAPACITY-smoke-fef9a5cb6b20,9fadda0903414af7da9ce4c916788d371968b53df1898e657ed203b59614569c,HGB-M,2d985fd608b45e3358b349990cabdc1f6ba1762a96e3f4ecf6a7596687075e1f,gradient_boosting,medium,0.5,weak,1.0,"{""early_stopping"":false,""l2_regularization"":0.01,""learning_rate"":0.08,""max_iter"":200,""max_leaf_nodes"":31}",0.9,0,success,,,0.7087528000120074,0,,0.9942857142857143,0.9946808510638299,0.9996716574730758,0.004659979270440809,0.029163140152501345,boosting_total_leaves,1585.0,2970.0,,,,,,1585.0,200.0,,200.0,1.0,,0.6666666666666666
PHASE1-FAMILY-CAPACITY,PHASE1-FAMILY-CAPACITY-smoke-fef9a5cb6b20,9e36c5cecc1fc71cdf3c9b9e9236836df31029bbe514c45d9b18eb8579471d14,HGB-H,e48f60055c364417c78405d739a17860d6e752f2fc096ea1f14f2b30f76dde1e,gradient_boosting,high,1.0,medium,0.5,"{""early_stopping"":false,""l2_regularization"":0.1,""learning_rate"":0.05,""max_iter"":300,""max_leaf_nodes"":63}",0.9,0,success,,,0.8311087000183761,0,,0.9914285714285714,0.9920212765957447,0.9996388232203834,0.006184241742101192,0.029644334819057018,boosting_total_leaves,2171.0,4042.0,,,,,,2171.0,300.0,,300.0,1.0,,1.0
PHASE1-FAMILY-CAPACITY,PHASE1-FAMILY-CAPACITY-smoke-fef9a5cb6b20,684de1e151a1dc4ca816d7084f253161e4118a537d73c8ae9294870fb31d11f9,MLP-L,cf054be6f8198498238d75783b4261fc719b2300545c3ec57821015192487ce8,mlp,low,0.0,weak,1.0,"{""alpha"":0.0001,""early_stopping"":true,""hidden_layer_sizes"":[16],""learning_rate_init"":0.001,""max_iter"":250}",0.9,0,success,,,0.22322770004393533,0,,0.9685714285714285,0.9686104544260572,0.9899527186761229,0.08875544890777984,0.33079857774827165,mlp_parameter_count,113.0,113.0,,,,,,,,113.0,50.0,1.0,,0.3333333333333333
PHASE1-FAMILY-CAPACITY,PHASE1-FAMILY-CAPACITY-smoke-fef9a5cb6b20,a39038626060f45cf6902ca78e7a3fb59f4e145538802bc5ce142d55035389de,MLP-M,22caf9c6783beb7ef5313eeda008a6c74091af4d4ec3b2f9a80c796f31fc80c5,mlp,medium,0.5,medium,0.5,"{""alpha"":0.001,""early_stopping"":true,""hidden_layer_sizes"":[64,64],""learning_rate_init"":0.001,""max_iter"":300}",0.9,0,success,,,0.17515099997399375,0,,0.9942857142857143,0.9946808510638299,0.9999343314946151,0.033050340148440806,0.17268907802721967,mlp_parameter_count,4609.0,4609.0,,,,,,,,4609.0,21.0,1.0,,0.6666666666666666
PHASE1-FAMILY-CAPACITY,PHASE1-FAMILY-CAPACITY-smoke-fef9a5cb6b20,b1d7d2b8a410ddd0b07d84e61661d4e609e3c55df026190907270e1119838e07,MLP-H,5d197816eeb622fc60ae6d2ceb820addf08e9a7cafa95fd016fcc47c1733d867,mlp,high,1.0,strong,0.0,"{""alpha"":0.01,""early_stopping"":true,""hidden_layer_sizes"":[128,128,64],""learning_rate_init"":0.001,""max_iter"":350}",0.9,0,success,,,0.307156800001394,0,,0.9942857142857143,0.9938271604938271,1.0,0.07654057379601474,0.3079528110908127,mlp_parameter_count,25601.0,25601.0,,,,,,,,25601.0,15.0,1.0,,1.0
