geometry,stable_coefficients,rho_train,seed,config_id,config_hash,family,capacity_tier,capacity_tier_score,boundary_fidelity,fit_seconds,warning_count,warning_messages
baseline,"[1.2, -1.0, 0.8]",0.0,0,LR-L,1d2a1642b5cc9ffeec4e67e117c0a2ab4fd6a563b127af2c2fb9c9262e90d737,logistic_regression,low,0.0,0.9816666666666667,0.01172410004073754,0,
baseline,"[1.2, -1.0, 0.8]",0.0,0,LR-M,2f0277ba6749dc50e77a697ebcae33e3932a27b63e857544fc1ec7f72f723bce,logistic_regression,medium,0.5,0.9958333333333333,0.012874399952124804,0,
baseline,"[1.2, -1.0, 0.8]",0.0,0,LR-H,7b1c2ec5fbbfbbdee64cc420019e5c8a9abaac2c5fc3f68515c1e2c1fa714d43,logistic_regression,high,1.0,0.995,0.014634199964348227,0,
baseline,"[1.2, -1.0, 0.8]",0.0,0,SVM-L,3fbd371b0e2cef95735dd4da149551608834096e78275a14901c17ac75cb096e,rbf_svm,low,0.0,0.9791666666666666,0.094613199995365,0,
baseline,"[1.2, -1.0, 0.8]",0.0,0,SVM-M,9db1d2bf313ca7ba2163130db40ea44518e99de2cc5a6c1b05d6c5c600e866d4,rbf_svm,medium,0.5,0.9875,0.07084830000530928,0,
baseline,"[1.2, -1.0, 0.8]",0.0,0,SVM-H,405d3f89ec540b5d9527e4410c3337cad0e3f8b2cd09be2fa431cfc7a19bc06a,rbf_svm,high,1.0,0.9475,0.18408869998529553,0,
baseline,"[1.2, -1.0, 0.8]",0.0,0,RF-L,c0f016366401e1557f071472bcb386b5eb2aff8542b2c2766d492e6f207fd133,random_forest,low,0.0,0.9216666666666666,0.6597529999562539,0,
baseline,"[1.2, -1.0, 0.8]",0.0,0,RF-M,5a017704fedc5eeaa5bfa51b469c2790db92ae9033f8403d454222bd9ca5b60a,random_forest,medium,0.5,0.9225,0.8099231999949552,0,
baseline,"[1.2, -1.0, 0.8]",0.0,0,RF-H,7ff7f8153ba561892eb3cfceb961e6a4c2bf8946870c60775c3bfce39fbaf2f9,random_forest,high,1.0,0.9383333333333334,0.8789546000189148,0,
baseline,"[1.2, -1.0, 0.8]",0.0,0,HGB-L,67769b8c901577287f7c69e46ea16a110fbcab250556e6c9ee68848fdafe1020,gradient_boosting,low,0.0,0.9566666666666667,0.19101960002444685,0,
baseline,"[1.2, -1.0, 0.8]",0.0,0,HGB-M,2d985fd608b45e3358b349990cabdc1f6ba1762a96e3f4ecf6a7596687075e1f,gradient_boosting,medium,0.5,0.9491666666666667,0.7896910000126809,0,
baseline,"[1.2, -1.0, 0.8]",0.0,0,HGB-H,e48f60055c364417c78405d739a17860d6e752f2fc096ea1f14f2b30f76dde1e,gradient_boosting,high,1.0,0.955,0.9424259000224993,0,
baseline,"[1.2, -1.0, 0.8]",0.0,0,MLP-L,cf054be6f8198498238d75783b4261fc719b2300545c3ec57821015192487ce8,mlp,low,0.0,0.9358333333333333,0.16315459995530546,0,
baseline,"[1.2, -1.0, 0.8]",0.0,0,MLP-M,22caf9c6783beb7ef5313eeda008a6c74091af4d4ec3b2f9a80c796f31fc80c5,mlp,medium,0.5,0.9525,0.09933459997409955,0,
baseline,"[1.2, -1.0, 0.8]",0.0,0,MLP-H,5d197816eeb622fc60ae6d2ceb820addf08e9a7cafa95fd016fcc47c1733d867,mlp,high,1.0,0.965,0.16009769996162504,0,
baseline,"[1.2, -1.0, 0.8]",0.9,0,LR-L,1d2a1642b5cc9ffeec4e67e117c0a2ab4fd6a563b127af2c2fb9c9262e90d737,logistic_regression,low,0.0,0.9766666666666667,0.007269900001119822,0,
baseline,"[1.2, -1.0, 0.8]",0.9,0,LR-M,2f0277ba6749dc50e77a697ebcae33e3932a27b63e857544fc1ec7f72f723bce,logistic_regression,medium,0.5,0.965,0.007224800006952137,0,
baseline,"[1.2, -1.0, 0.8]",0.9,0,LR-H,7b1c2ec5fbbfbbdee64cc420019e5c8a9abaac2c5fc3f68515c1e2c1fa714d43,logistic_regression,high,1.0,0.9658333333333333,0.00824970001121983,0,
baseline,"[1.2, -1.0, 0.8]",0.9,0,SVM-L,3fbd371b0e2cef95735dd4da149551608834096e78275a14901c17ac75cb096e,rbf_svm,low,0.0,0.9725,0.028592700022272766,0,
baseline,"[1.2, -1.0, 0.8]",0.9,0,SVM-M,9db1d2bf313ca7ba2163130db40ea44518e99de2cc5a6c1b05d6c5c600e866d4,rbf_svm,medium,0.5,0.9633333333333334,0.024657599977217615,0,
baseline,"[1.2, -1.0, 0.8]",0.9,0,SVM-H,405d3f89ec540b5d9527e4410c3337cad0e3f8b2cd09be2fa431cfc7a19bc06a,rbf_svm,high,1.0,0.9641666666666666,0.08349879999877885,0,
baseline,"[1.2, -1.0, 0.8]",0.9,0,RF-L,c0f016366401e1557f071472bcb386b5eb2aff8542b2c2766d492e6f207fd133,random_forest,low,0.0,0.7333333333333333,0.4025145000196062,0,
baseline,"[1.2, -1.0, 0.8]",0.9,0,RF-M,5a017704fedc5eeaa5bfa51b469c2790db92ae9033f8403d454222bd9ca5b60a,random_forest,medium,0.5,0.8083333333333333,0.4544127000262961,0,
baseline,"[1.2, -1.0, 0.8]",0.9,0,RF-H,7ff7f8153ba561892eb3cfceb961e6a4c2bf8946870c60775c3bfce39fbaf2f9,random_forest,high,1.0,0.8458333333333333,0.5632804000051692,0,
baseline,"[1.2, -1.0, 0.8]",0.9,0,HGB-L,67769b8c901577287f7c69e46ea16a110fbcab250556e6c9ee68848fdafe1020,gradient_boosting,low,0.0,0.8508333333333333,0.142839299980551,0,
baseline,"[1.2, -1.0, 0.8]",0.9,0,HGB-M,2d985fd608b45e3358b349990cabdc1f6ba1762a96e3f4ecf6a7596687075e1f,gradient_boosting,medium,0.5,0.8583333333333333,0.3269764999859035,0,
baseline,"[1.2, -1.0, 0.8]",0.9,0,HGB-H,e48f60055c364417c78405d739a17860d6e752f2fc096ea1f14f2b30f76dde1e,gradient_boosting,high,1.0,0.8575,0.4454855999792926,0,
baseline,"[1.2, -1.0, 0.8]",0.9,0,MLP-L,cf054be6f8198498238d75783b4261fc719b2300545c3ec57821015192487ce8,mlp,low,0.0,0.9241666666666667,0.17125399998622015,0,
baseline,"[1.2, -1.0, 0.8]",0.9,0,MLP-M,22caf9c6783beb7ef5313eeda008a6c74091af4d4ec3b2f9a80c796f31fc80c5,mlp,medium,0.5,0.8991666666666667,0.06961359997512773,0,
baseline,"[1.2, -1.0, 0.8]",0.9,0,MLP-H,5d197816eeb622fc60ae6d2ceb820addf08e9a7cafa95fd016fcc47c1733d867,mlp,high,1.0,0.8808333333333334,0.10356779996072873,0,
axis_aligned,"[1.7549928774784245, 0.0, 0.0]",0.0,0,LR-L,1d2a1642b5cc9ffeec4e67e117c0a2ab4fd6a563b127af2c2fb9c9262e90d737,logistic_regression,low,0.0,0.98,0.007071400003042072,0,
axis_aligned,"[1.7549928774784245, 0.0, 0.0]",0.0,0,LR-M,2f0277ba6749dc50e77a697ebcae33e3932a27b63e857544fc1ec7f72f723bce,logistic_regression,medium,0.5,0.995,0.007306499988771975,0,
axis_aligned,"[1.7549928774784245, 0.0, 0.0]",0.0,0,LR-H,7b1c2ec5fbbfbbdee64cc420019e5c8a9abaac2c5fc3f68515c1e2c1fa714d43,logistic_regression,high,1.0,0.9975,0.006430600013118237,0,
axis_aligned,"[1.7549928774784245, 0.0, 0.0]",0.0,0,SVM-L,3fbd371b0e2cef95735dd4da149551608834096e78275a14901c17ac75cb096e,rbf_svm,low,0.0,0.9775,0.055981900019105524,0,
axis_aligned,"[1.7549928774784245, 0.0, 0.0]",0.0,0,SVM-M,9db1d2bf313ca7ba2163130db40ea44518e99de2cc5a6c1b05d6c5c600e866d4,rbf_svm,medium,0.5,0.9891666666666666,0.03346810000948608,0,
axis_aligned,"[1.7549928774784245, 0.0, 0.0]",0.0,0,SVM-H,405d3f89ec540b5d9527e4410c3337cad0e3f8b2cd09be2fa431cfc7a19bc06a,rbf_svm,high,1.0,0.9775,0.08544970001094043,0,
axis_aligned,"[1.7549928774784245, 0.0, 0.0]",0.0,0,RF-L,c0f016366401e1557f071472bcb386b5eb2aff8542b2c2766d492e6f207fd133,random_forest,low,0.0,0.9983333333333333,0.3642948999768123,0,
axis_aligned,"[1.7549928774784245, 0.0, 0.0]",0.0,0,RF-M,5a017704fedc5eeaa5bfa51b469c2790db92ae9033f8403d454222bd9ca5b60a,random_forest,medium,0.5,0.9983333333333333,0.49395129998447374,0,
axis_aligned,"[1.7549928774784245, 0.0, 0.0]",0.0,0,RF-H,7ff7f8153ba561892eb3cfceb961e6a4c2bf8946870c60775c3bfce39fbaf2f9,random_forest,high,1.0,0.9983333333333333,0.561830100021325,0,
axis_aligned,"[1.7549928774784245, 0.0, 0.0]",0.0,0,HGB-L,67769b8c901577287f7c69e46ea16a110fbcab250556e6c9ee68848fdafe1020,gradient_boosting,low,0.0,1.0,0.0758600999834016,0,
axis_aligned,"[1.7549928774784245, 0.0, 0.0]",0.0,0,HGB-M,2d985fd608b45e3358b349990cabdc1f6ba1762a96e3f4ecf6a7596687075e1f,gradient_boosting,medium,0.5,1.0,0.1568932999507524,0,
axis_aligned,"[1.7549928774784245, 0.0, 0.0]",0.0,0,HGB-H,e48f60055c364417c78405d739a17860d6e752f2fc096ea1f14f2b30f76dde1e,gradient_boosting,high,1.0,1.0,0.22138150001410395,0,
axis_aligned,"[1.7549928774784245, 0.0, 0.0]",0.0,0,MLP-L,cf054be6f8198498238d75783b4261fc719b2300545c3ec57821015192487ce8,mlp,low,0.0,0.8425,0.1452976000146009,0,
axis_aligned,"[1.7549928774784245, 0.0, 0.0]",0.0,0,MLP-M,22caf9c6783beb7ef5313eeda008a6c74091af4d4ec3b2f9a80c796f31fc80c5,mlp,medium,0.5,0.9591666666666666,0.1029772000038065,0,
axis_aligned,"[1.7549928774784245, 0.0, 0.0]",0.0,0,MLP-H,5d197816eeb622fc60ae6d2ceb820addf08e9a7cafa95fd016fcc47c1733d867,mlp,high,1.0,0.9741666666666666,0.17581879999488592,0,
axis_aligned,"[1.7549928774784245, 0.0, 0.0]",0.9,0,LR-L,1d2a1642b5cc9ffeec4e67e117c0a2ab4fd6a563b127af2c2fb9c9262e90d737,logistic_regression,low,0.0,0.9808333333333333,0.00713390001328662,0,
axis_aligned,"[1.7549928774784245, 0.0, 0.0]",0.9,0,LR-M,2f0277ba6749dc50e77a697ebcae33e3932a27b63e857544fc1ec7f72f723bce,logistic_regression,medium,0.5,0.9825,0.007776300015393645,0,
axis_aligned,"[1.7549928774784245, 0.0, 0.0]",0.9,0,LR-H,7b1c2ec5fbbfbbdee64cc420019e5c8a9abaac2c5fc3f68515c1e2c1fa714d43,logistic_regression,high,1.0,0.9841666666666666,0.008435599971562624,0,
axis_aligned,"[1.7549928774784245, 0.0, 0.0]",0.9,0,SVM-L,3fbd371b0e2cef95735dd4da149551608834096e78275a14901c17ac75cb096e,rbf_svm,low,0.0,0.9833333333333333,0.03577959997346625,0,
axis_aligned,"[1.7549928774784245, 0.0, 0.0]",0.9,0,SVM-M,9db1d2bf313ca7ba2163130db40ea44518e99de2cc5a6c1b05d6c5c600e866d4,rbf_svm,medium,0.5,0.9583333333333334,0.030097800015937537,0,
axis_aligned,"[1.7549928774784245, 0.0, 0.0]",0.9,0,SVM-H,405d3f89ec540b5d9527e4410c3337cad0e3f8b2cd09be2fa431cfc7a19bc06a,rbf_svm,high,1.0,0.9725,0.08522950002225116,0,
axis_aligned,"[1.7549928774784245, 0.0, 0.0]",0.9,0,RF-L,c0f016366401e1557f071472bcb386b5eb2aff8542b2c2766d492e6f207fd133,random_forest,low,0.0,0.9983333333333333,0.35163019999163225,0,
axis_aligned,"[1.7549928774784245, 0.0, 0.0]",0.9,0,RF-M,5a017704fedc5eeaa5bfa51b469c2790db92ae9033f8403d454222bd9ca5b60a,random_forest,medium,0.5,0.9983333333333333,0.437795499979984,0,
axis_aligned,"[1.7549928774784245, 0.0, 0.0]",0.9,0,RF-H,7ff7f8153ba561892eb3cfceb961e6a4c2bf8946870c60775c3bfce39fbaf2f9,random_forest,high,1.0,0.9983333333333333,0.5533786999876611,0,
axis_aligned,"[1.7549928774784245, 0.0, 0.0]",0.9,0,HGB-L,67769b8c901577287f7c69e46ea16a110fbcab250556e6c9ee68848fdafe1020,gradient_boosting,low,0.0,1.0,0.06831150001380593,0,
axis_aligned,"[1.7549928774784245, 0.0, 0.0]",0.9,0,HGB-M,2d985fd608b45e3358b349990cabdc1f6ba1762a96e3f4ecf6a7596687075e1f,gradient_boosting,medium,0.5,1.0,0.13806549995206296,0,
axis_aligned,"[1.7549928774784245, 0.0, 0.0]",0.9,0,HGB-H,e48f60055c364417c78405d739a17860d6e752f2fc096ea1f14f2b30f76dde1e,gradient_boosting,high,1.0,1.0,0.1999482000246644,0,
axis_aligned,"[1.7549928774784245, 0.0, 0.0]",0.9,0,MLP-L,cf054be6f8198498238d75783b4261fc719b2300545c3ec57821015192487ce8,mlp,low,0.0,0.5958333333333333,0.11340360000031069,0,
axis_aligned,"[1.7549928774784245, 0.0, 0.0]",0.9,0,MLP-M,22caf9c6783beb7ef5313eeda008a6c74091af4d4ec3b2f9a80c796f31fc80c5,mlp,medium,0.5,0.9558333333333333,0.10808679996989667,0,
axis_aligned,"[1.7549928774784245, 0.0, 0.0]",0.9,0,MLP-H,5d197816eeb622fc60ae6d2ceb820addf08e9a7cafa95fd016fcc47c1733d867,mlp,high,1.0,0.9341666666666667,0.16723979997914284,0,
equal_oblique,"[1.0132456102380445, 1.0132456102380445, 1.0132456102380445]",0.0,0,LR-L,1d2a1642b5cc9ffeec4e67e117c0a2ab4fd6a563b127af2c2fb9c9262e90d737,logistic_regression,low,0.0,0.9675,0.007369700004346669,0,
equal_oblique,"[1.0132456102380445, 1.0132456102380445, 1.0132456102380445]",0.0,0,LR-M,2f0277ba6749dc50e77a697ebcae33e3932a27b63e857544fc1ec7f72f723bce,logistic_regression,medium,0.5,0.9908333333333333,0.008997199998702854,0,
equal_oblique,"[1.0132456102380445, 1.0132456102380445, 1.0132456102380445]",0.0,0,LR-H,7b1c2ec5fbbfbbdee64cc420019e5c8a9abaac2c5fc3f68515c1e2c1fa714d43,logistic_regression,high,1.0,0.9958333333333333,0.009788399969693273,0,
equal_oblique,"[1.0132456102380445, 1.0132456102380445, 1.0132456102380445]",0.0,0,SVM-L,3fbd371b0e2cef95735dd4da149551608834096e78275a14901c17ac75cb096e,rbf_svm,low,0.0,0.99,0.06079059996409342,0,
equal_oblique,"[1.0132456102380445, 1.0132456102380445, 1.0132456102380445]",0.0,0,SVM-M,9db1d2bf313ca7ba2163130db40ea44518e99de2cc5a6c1b05d6c5c600e866d4,rbf_svm,medium,0.5,0.9733333333333334,0.04437600000528619,0,
equal_oblique,"[1.0132456102380445, 1.0132456102380445, 1.0132456102380445]",0.0,0,SVM-H,405d3f89ec540b5d9527e4410c3337cad0e3f8b2cd09be2fa431cfc7a19bc06a,rbf_svm,high,1.0,0.9725,0.09065050003118813,0,
equal_oblique,"[1.0132456102380445, 1.0132456102380445, 1.0132456102380445]",0.0,0,RF-L,c0f016366401e1557f071472bcb386b5eb2aff8542b2c2766d492e6f207fd133,random_forest,low,0.0,0.9308333333333333,0.3998145000077784,0,
equal_oblique,"[1.0132456102380445, 1.0132456102380445, 1.0132456102380445]",0.0,0,RF-M,5a017704fedc5eeaa5bfa51b469c2790db92ae9033f8403d454222bd9ca5b60a,random_forest,medium,0.5,0.9341666666666667,0.5024817999801598,0,
equal_oblique,"[1.0132456102380445, 1.0132456102380445, 1.0132456102380445]",0.0,0,RF-H,7ff7f8153ba561892eb3cfceb961e6a4c2bf8946870c60775c3bfce39fbaf2f9,random_forest,high,1.0,0.9491666666666667,0.5769183000084013,0,
equal_oblique,"[1.0132456102380445, 1.0132456102380445, 1.0132456102380445]",0.0,0,HGB-L,67769b8c901577287f7c69e46ea16a110fbcab250556e6c9ee68848fdafe1020,gradient_boosting,low,0.0,0.9475,0.15055299998493865,0,
equal_oblique,"[1.0132456102380445, 1.0132456102380445, 1.0132456102380445]",0.0,0,HGB-M,2d985fd608b45e3358b349990cabdc1f6ba1762a96e3f4ecf6a7596687075e1f,gradient_boosting,medium,0.5,0.945,0.709174300020095,0,
equal_oblique,"[1.0132456102380445, 1.0132456102380445, 1.0132456102380445]",0.0,0,HGB-H,e48f60055c364417c78405d739a17860d6e752f2fc096ea1f14f2b30f76dde1e,gradient_boosting,high,1.0,0.9425,1.0153136000153609,0,
equal_oblique,"[1.0132456102380445, 1.0132456102380445, 1.0132456102380445]",0.0,0,MLP-L,cf054be6f8198498238d75783b4261fc719b2300545c3ec57821015192487ce8,mlp,low,0.0,0.8875,0.09296009998070076,0,
equal_oblique,"[1.0132456102380445, 1.0132456102380445, 1.0132456102380445]",0.0,0,MLP-M,22caf9c6783beb7ef5313eeda008a6c74091af4d4ec3b2f9a80c796f31fc80c5,mlp,medium,0.5,0.9691666666666666,0.12469409999903291,0,
equal_oblique,"[1.0132456102380445, 1.0132456102380445, 1.0132456102380445]",0.0,0,MLP-H,5d197816eeb622fc60ae6d2ceb820addf08e9a7cafa95fd016fcc47c1733d867,mlp,high,1.0,0.97,0.17377709998982027,0,
equal_oblique,"[1.0132456102380445, 1.0132456102380445, 1.0132456102380445]",0.9,0,LR-L,1d2a1642b5cc9ffeec4e67e117c0a2ab4fd6a563b127af2c2fb9c9262e90d737,logistic_regression,low,0.0,0.9508333333333333,0.006951200019102544,0,
equal_oblique,"[1.0132456102380445, 1.0132456102380445, 1.0132456102380445]",0.9,0,LR-M,2f0277ba6749dc50e77a697ebcae33e3932a27b63e857544fc1ec7f72f723bce,logistic_regression,medium,0.5,0.9691666666666666,0.0071850999956950545,0,
equal_oblique,"[1.0132456102380445, 1.0132456102380445, 1.0132456102380445]",0.9,0,LR-H,7b1c2ec5fbbfbbdee64cc420019e5c8a9abaac2c5fc3f68515c1e2c1fa714d43,logistic_regression,high,1.0,0.9858333333333333,0.007138899993151426,0,
equal_oblique,"[1.0132456102380445, 1.0132456102380445, 1.0132456102380445]",0.9,0,SVM-L,3fbd371b0e2cef95735dd4da149551608834096e78275a14901c17ac75cb096e,rbf_svm,low,0.0,0.9733333333333334,0.024347500002477318,0,
equal_oblique,"[1.0132456102380445, 1.0132456102380445, 1.0132456102380445]",0.9,0,SVM-M,9db1d2bf313ca7ba2163130db40ea44518e99de2cc5a6c1b05d6c5c600e866d4,rbf_svm,medium,0.5,0.9766666666666667,0.02122669998789206,0,
equal_oblique,"[1.0132456102380445, 1.0132456102380445, 1.0132456102380445]",0.9,0,SVM-H,405d3f89ec540b5d9527e4410c3337cad0e3f8b2cd09be2fa431cfc7a19bc06a,rbf_svm,high,1.0,0.9616666666666667,0.08634090004488826,0,
equal_oblique,"[1.0132456102380445, 1.0132456102380445, 1.0132456102380445]",0.9,0,RF-L,c0f016366401e1557f071472bcb386b5eb2aff8542b2c2766d492e6f207fd133,random_forest,low,0.0,0.7916666666666666,0.3863266000407748,0,
equal_oblique,"[1.0132456102380445, 1.0132456102380445, 1.0132456102380445]",0.9,0,RF-M,5a017704fedc5eeaa5bfa51b469c2790db92ae9033f8403d454222bd9ca5b60a,random_forest,medium,0.5,0.8075,0.4808842000202276,0,
equal_oblique,"[1.0132456102380445, 1.0132456102380445, 1.0132456102380445]",0.9,0,RF-H,7ff7f8153ba561892eb3cfceb961e6a4c2bf8946870c60775c3bfce39fbaf2f9,random_forest,high,1.0,0.8633333333333333,0.5224757000105456,0,
equal_oblique,"[1.0132456102380445, 1.0132456102380445, 1.0132456102380445]",0.9,0,HGB-L,67769b8c901577287f7c69e46ea16a110fbcab250556e6c9ee68848fdafe1020,gradient_boosting,low,0.0,0.9025,0.13030250003794208,0,
equal_oblique,"[1.0132456102380445, 1.0132456102380445, 1.0132456102380445]",0.9,0,HGB-M,2d985fd608b45e3358b349990cabdc1f6ba1762a96e3f4ecf6a7596687075e1f,gradient_boosting,medium,0.5,0.8608333333333333,0.34505649999482557,0,
equal_oblique,"[1.0132456102380445, 1.0132456102380445, 1.0132456102380445]",0.9,0,HGB-H,e48f60055c364417c78405d739a17860d6e752f2fc096ea1f14f2b30f76dde1e,gradient_boosting,high,1.0,0.8758333333333334,0.5128724999958649,0,
equal_oblique,"[1.0132456102380445, 1.0132456102380445, 1.0132456102380445]",0.9,0,MLP-L,cf054be6f8198498238d75783b4261fc719b2300545c3ec57821015192487ce8,mlp,low,0.0,0.8541666666666666,0.11276499996893108,0,
equal_oblique,"[1.0132456102380445, 1.0132456102380445, 1.0132456102380445]",0.9,0,MLP-M,22caf9c6783beb7ef5313eeda008a6c74091af4d4ec3b2f9a80c796f31fc80c5,mlp,medium,0.5,0.9508333333333333,0.10024269996210933,0,
equal_oblique,"[1.0132456102380445, 1.0132456102380445, 1.0132456102380445]",0.9,0,MLP-H,5d197816eeb622fc60ae6d2ceb820addf08e9a7cafa95fd016fcc47c1733d867,mlp,high,1.0,0.7225,0.13803440000629053,0,
